version 2
JvmtiExport can_access_local_variables 0
JvmtiExport can_hotswap_or_post_breakpoint 1
JvmtiExport can_post_on_exceptions 0
# 479 ciObject found
instanceKlass org/apache/kafka/common/protocol/SendBuilder
ciInstanceKlass java/lang/Cloneable 1 0 7 100 1 100 1 1 1
instanceKlass  @bci org/apache/kafka/clients/consumer/internals/AbstractFetch handleFetchFailure (Lorg/apache/kafka/common/Node;Lorg/apache/kafka/clients/FetchSessionHandler$FetchRequestData;Ljava/lang/Throwable;)V 35 <appendix> member <vmtarget> ; # org/apache/kafka/clients/consumer/internals/AbstractFetch$$Lambda+0x0000028b9b588000
instanceKlass ch/qos/logback/classic/spi/STEUtil
instanceKlass ch/qos/logback/classic/spi/PackagingDataCalculator
instanceKlass ch/qos/logback/classic/spi/ThrowableProxyUtil
instanceKlass ch/qos/logback/classic/spi/StackTraceElementProxy
instanceKlass ch/qos/logback/classic/spi/ThrowableProxy
instanceKlass  @bci org/apache/kafka/clients/NetworkClient$DefaultMetadataUpdater handleFailedRequest (JLjava/util/Optional;)V 10 <appendix> member <vmtarget> ; # org/apache/kafka/clients/NetworkClient$DefaultMetadataUpdater$$Lambda+0x0000028b9b583d80
# instanceKlass java/lang/invoke/LambdaForm$DMH+0x0000028b9b580800
# instanceKlass java/lang/invoke/LambdaForm$DMH+0x0000028b9b580400
instanceKlass sun/security/ssl/PreSharedKeyExtension$SHPreSharedKeySpec
instanceKlass sun/security/ssl/SSLEngineOutputRecord$RecordMemo
instanceKlass sun/security/ssl/SSLEngineOutputRecord$HandshakeFragment
instanceKlass sun/security/ssl/PreSharedKeyExtension$CHPreSharedKeySpec
instanceKlass sun/security/ssl/PreSharedKeyExtension$PskIdentity
instanceKlass org/apache/kafka/common/requests/OffsetCommitResponse$Builder
instanceKlass  @bci org/apache/kafka/common/requests/OffsetCommitRequest$Builder build (S)Lorg/apache/kafka/common/requests/OffsetCommitRequest; 65 <appendix> member <vmtarget> ; # org/apache/kafka/common/requests/OffsetCommitRequest$Builder$$Lambda+0x0000028b9b583478
instanceKlass  @bci org/apache/kafka/clients/consumer/internals/ClassicKafkaConsumer commitSync (Ljava/util/Map;Ljava/time/Duration;)V 20 <appendix> member <vmtarget> ; # org/apache/kafka/clients/consumer/internals/ClassicKafkaConsumer$$Lambda+0x0000028b9b583240
instanceKlass  @bci org/springframework/kafka/listener/KafkaMessageListenerContainer$ListenerConsumer commitIfNecessary ()V 32 <appendix> member <vmtarget> ; # org/springframework/kafka/listener/KafkaMessageListenerContainer$ListenerConsumer$$Lambda+0x0000028b9b583018
instanceKlass  @bci org/springframework/kafka/listener/KafkaMessageListenerContainer$ListenerConsumer addOffset (Lorg/apache/kafka/clients/consumer/ConsumerRecord;)V 20 <appendix> member <vmtarget> ; # org/springframework/kafka/listener/KafkaMessageListenerContainer$ListenerConsumer$$Lambda+0x0000028b9b582de0
instanceKlass  @bci org/springframework/kafka/listener/KafkaMessageListenerContainer$ListenerConsumer traceAck (Lorg/apache/kafka/clients/consumer/ConsumerRecord;)V 5 <appendix> member <vmtarget> ; # org/springframework/kafka/listener/KafkaMessageListenerContainer$ListenerConsumer$$Lambda+0x0000028b9b582bb8
instanceKlass io/micrometer/observation/SimpleObservation
instanceKlass sun/security/ssl/Alert$AlertConsumer
instanceKlass jakarta/mail/internet/InternetHeaders$MatchEnum
instanceKlass jakarta/mail/internet/UniqueValue
instanceKlass jakarta/mail/internet/ParameterList$Value
instanceKlass jakarta/mail/internet/ParameterList$LiteralValue
instanceKlass jakarta/activation/ObjectDataContentHandler
instanceKlass org/eclipse/angus/mail/handlers/handler_base
instanceKlass  @bci org/eclipse/angus/activation/MailcapFile parseLine (Ljava/lang/String;)V 533 <appendix> argL0 ; # org/eclipse/angus/activation/MailcapFile$$Lambda+0x0000028b9b5858b8
instanceKlass org/eclipse/angus/activation/MailcapTokenizer
instanceKlass jakarta/activation/SecuritySupport$5
instanceKlass org/eclipse/angus/activation/MailcapFile
instanceKlass jakarta/activation/MailcapRegistry
instanceKlass org/eclipse/angus/activation/MailcapRegistryProviderImpl
instanceKlass jakarta/activation/spi/MailcapRegistryProvider
instanceKlass jakarta/activation/MailcapCommandMap$1
instanceKlass jakarta/activation/CommandMap
instanceKlass jakarta/activation/MimeTypeParameterList
instanceKlass jakarta/mail/internet/ParameterList
instanceKlass jakarta/mail/internet/HeaderTokenizer$Token
instanceKlass jakarta/mail/internet/HeaderTokenizer
instanceKlass jakarta/mail/internet/ContentType
instanceKlass sun/util/cldr/CLDRBaseLocaleDataMetaInfo$CLDRMapHolder
instanceKlass sun/util/resources/provider/NonBaseLocaleDataMetaInfo
instanceKlass  @bci sun/util/locale/provider/JRELocaleProviderAdapter createSupportedLocaleString (Ljava/lang/String;)Ljava/lang/String; 6 <appendix> member <vmtarget> ; # sun/util/locale/provider/JRELocaleProviderAdapter$$Lambda+0x0000028b9b5503a8
instanceKlass sun/util/locale/provider/BaseLocaleDataMetaInfo
instanceKlass  @bci sun/util/locale/provider/JRELocaleProviderAdapter getTimeZoneNameProvider ()Ljava/util/spi/TimeZoneNameProvider; 8 <appendix> member <vmtarget> ; # sun/util/locale/provider/JRELocaleProviderAdapter$$Lambda+0x0000028b9b54ff28
instanceKlass  @bci sun/util/cldr/CLDRLocaleProviderAdapter getTimeZoneNameProvider ()Ljava/util/spi/TimeZoneNameProvider; 8 <appendix> member <vmtarget> ; # sun/util/cldr/CLDRLocaleProviderAdapter$$Lambda+0x0000028b9b54f5a0
instanceKlass sun/util/locale/provider/TimeZoneNameUtility$TimeZoneNameGetter
instanceKlass sun/util/locale/provider/TimeZoneNameUtility
instanceKlass java/text/DontCareFieldPosition$1
instanceKlass java/text/Format$FieldDelegate
instanceKlass java/util/Base64$Encoder
instanceKlass java/util/Base64
instanceKlass sun/security/ssl/X509Authentication$X509Possession
instanceKlass com/sun/crypto/provider/GaloisCounterMode$EncryptOp
instanceKlass sun/security/ssl/SSLAuthentication
instanceKlass  @bci sun/security/ssl/CertificateMessage$T13CertificateProducer choosePossession (Lsun/security/ssl/HandshakeContext;Lsun/security/ssl/ClientHello$ClientHelloMessage;)Lsun/security/ssl/SSLPossession; 89 <appendix> argL0 ; # sun/security/ssl/CertificateMessage$T13CertificateProducer$$Lambda+0x0000028b9b54c9a8
instanceKlass  @bci sun/security/ssl/CertificateMessage$T13CertificateProducer choosePossession (Lsun/security/ssl/HandshakeContext;Lsun/security/ssl/ClientHello$ClientHelloMessage;)Lsun/security/ssl/SSLPossession; 79 <appendix> argL0 ; # sun/security/ssl/CertificateMessage$T13CertificateProducer$$Lambda+0x0000028b9b54c758
instanceKlass  @bci sun/security/ssl/CertificateMessage$T13CertificateProducer choosePossession (Lsun/security/ssl/HandshakeContext;Lsun/security/ssl/ClientHello$ClientHelloMessage;)Lsun/security/ssl/SSLPossession; 69 <appendix> member <vmtarget> ; # sun/security/ssl/CertificateMessage$T13CertificateProducer$$Lambda+0x0000028b9b54c500
instanceKlass  @bci sun/security/ssl/CertificateMessage$T13CertificateProducer choosePossession (Lsun/security/ssl/HandshakeContext;Lsun/security/ssl/ClientHello$ClientHelloMessage;)Lsun/security/ssl/SSLPossession; 53 <appendix> argL0 ; # sun/security/ssl/CertificateMessage$T13CertificateProducer$$Lambda+0x0000028b9b54c2c0
instanceKlass java/util/LinkedList$LLSpliterator
instanceKlass sun/security/ssl/SSLBasicKeyDerivation$SecretSizeSpec
instanceKlass sun/security/ssl/SSLBasicKeyDerivation
instanceKlass sun/security/ssl/Finished$1
instanceKlass sun/security/ssl/Finished$T13VerifyDataGenerator
instanceKlass sun/security/ssl/Finished$T12VerifyDataGenerator
instanceKlass sun/security/ssl/Finished$T10VerifyDataGenerator
instanceKlass sun/security/ssl/Finished$S30VerifyDataGenerator
instanceKlass sun/security/ssl/Finished$VerifyDataGenerator
instanceKlass sun/security/util/math/IntegerModuloP$MultiplicativeInverser$Secp256R1Field
instanceKlass  @bci sun/security/ec/ECDSASignature engineVerify ([B)Z 37 <appendix> member <vmtarget> ; # sun/security/ec/ECDSASignature$$Lambda+0x0000028b9b54a2e0
instanceKlass  @bci sun/security/ec/ECDSAOperations forParameters (Ljava/security/spec/ECParameterSpec;)Ljava/util/Optional; 7 <appendix> member <vmtarget> ; # sun/security/ec/ECDSAOperations$$Lambda+0x0000028b9b549e38
instanceKlass sun/security/ec/ECDSAOperations
instanceKlass sun/security/ssl/X509Authentication$X509Credentials
instanceKlass sun/security/util/HostnameChecker
# instanceKlass java/lang/invoke/LambdaForm$DMH+0x0000028b9b580000
instanceKlass sun/security/util/AnchorCertificates$1
instanceKlass sun/security/util/AnchorCertificates
instanceKlass sun/security/validator/SymantecTLSPolicy
instanceKlass sun/security/validator/CADistrustPolicy$2
instanceKlass java/security/cert/PKIXCertPathValidatorResult
instanceKlass java/security/cert/CertPathValidatorResult
instanceKlass sun/security/rsa/RSAPadding
instanceKlass sun/security/rsa/RSACore
instanceKlass java/security/interfaces/RSAPrivateCrtKey
instanceKlass java/security/interfaces/RSAPrivateKey
instanceKlass sun/security/util/SignatureUtil
instanceKlass java/security/interfaces/DSAPublicKey
instanceKlass java/security/interfaces/DSAKey
instanceKlass sun/security/util/Length
instanceKlass sun/security/provider/certpath/CertPathConstraintsParameters
instanceKlass sun/security/util/ConstraintsParameters
instanceKlass sun/security/provider/certpath/PKIXMasterCertPathValidator
instanceKlass sun/security/provider/certpath/PolicyNodeImpl
instanceKlass java/security/cert/PolicyNode
instanceKlass sun/security/util/DisabledAlgorithmConstraints$CertPathHolder
instanceKlass  @bci sun/security/x509/X509CertImpl getFingerprint (Ljava/lang/String;Lsun/security/util/Debug;)Ljava/lang/String; 7 <appendix> member <vmtarget> ; # sun/security/x509/X509CertImpl$$Lambda+0x0000028b9b5443a8
instanceKlass sun/security/util/UntrustedCertificates$1
instanceKlass sun/security/util/UntrustedCertificates
instanceKlass java/security/cert/X509CertSelector
instanceKlass java/security/cert/CertSelector
instanceKlass sun/security/provider/certpath/PKIX$ValidatorParams
instanceKlass sun/security/provider/certpath/PKIX
instanceKlass java/security/cert/CertPath
instanceKlass java/security/cert/CertPathValidatorSpi
instanceKlass java/security/cert/CertPathValidator
instanceKlass java/security/cert/PKIXCertPathChecker
instanceKlass java/security/cert/CertPathChecker
instanceKlass java/security/Timestamp
instanceKlass sun/security/ssl/SSLAlgorithmConstraints$SupportedSignatureAlgorithmConstraints
instanceKlass jdk/internal/util/HexDigits
instanceKlass jdk/internal/icu/util/CodePointTrie$Data
instanceKlass jdk/internal/icu/util/CodePointMap
instanceKlass jdk/internal/icu/impl/NormalizerImpl$IsAcceptable
instanceKlass jdk/internal/icu/impl/NormalizerImpl
instanceKlass jdk/internal/icu/impl/Norm2AllModes$Norm2AllModesSingleton
instanceKlass jdk/internal/icu/impl/Norm2AllModes$NFKCSingleton
instanceKlass jdk/internal/icu/impl/Norm2AllModes
instanceKlass jdk/internal/icu/text/Normalizer2
instanceKlass jdk/internal/icu/text/NormalizerBase$ModeImpl
instanceKlass jdk/internal/icu/text/NormalizerBase$NFKDModeImpl
instanceKlass jdk/internal/icu/text/NormalizerBase$1
instanceKlass jdk/internal/icu/text/NormalizerBase$Mode
instanceKlass jdk/internal/icu/text/NormalizerBase
instanceKlass java/text/Normalizer
instanceKlass  @bci sun/security/pkcs/PKCS9Attribute <clinit> ()V 531 <appendix> argL0 ; # sun/security/pkcs/PKCS9Attribute$$Lambda+0x0000028b9b53c500
instanceKlass  @bci sun/security/pkcs/PKCS9Attribute <clinit> ()V 526 <appendix> argL0 ; # sun/security/pkcs/PKCS9Attribute$$Lambda+0x0000028b9b53c2e0
instanceKlass  @bci sun/security/pkcs/PKCS9Attribute <clinit> ()V 504 <appendix> argL0 ; # sun/security/pkcs/PKCS9Attribute$$Lambda+0x0000028b9b53c0c0
instanceKlass  @bci sun/security/pkcs/PKCS9Attribute <clinit> ()V 499 <appendix> argL0 ; # sun/security/pkcs/PKCS9Attribute$$Lambda+0x0000028b9b53bea0
instanceKlass  @bci sun/security/pkcs/PKCS9Attribute <clinit> ()V 477 <appendix> argL0 ; # sun/security/pkcs/PKCS9Attribute$$Lambda+0x0000028b9b53bc80
instanceKlass  @bci sun/security/pkcs/PKCS9Attribute <clinit> ()V 472 <appendix> argL0 ; # sun/security/pkcs/PKCS9Attribute$$Lambda+0x0000028b9b53ba60
instanceKlass sun/security/pkcs/SigningCertificateInfo
instanceKlass  @bci sun/security/pkcs/PKCS9Attribute <clinit> ()V 449 <appendix> argL0 ; # sun/security/pkcs/PKCS9Attribute$$Lambda+0x0000028b9b53b628
instanceKlass  @bci sun/security/pkcs/PKCS9Attribute <clinit> ()V 444 <appendix> argL0 ; # sun/security/pkcs/PKCS9Attribute$$Lambda+0x0000028b9b53b408
instanceKlass  @bci sun/security/pkcs/PKCS9Attribute <clinit> ()V 401 <appendix> argL0 ; # sun/security/pkcs/PKCS9Attribute$$Lambda+0x0000028b9b53b1e8
instanceKlass  @bci sun/security/pkcs/PKCS9Attribute <clinit> ()V 396 <appendix> argL0 ; # sun/security/pkcs/PKCS9Attribute$$Lambda+0x0000028b9b53afc8
instanceKlass  @bci sun/security/pkcs/PKCS9Attribute <clinit> ()V 353 <appendix> argL0 ; # sun/security/pkcs/PKCS9Attribute$$Lambda+0x0000028b9b53ada8
instanceKlass  @bci sun/security/pkcs/PKCS9Attribute <clinit> ()V 348 <appendix> argL0 ; # sun/security/pkcs/PKCS9Attribute$$Lambda+0x0000028b9b53ab88
instanceKlass  @bci sun/security/pkcs/PKCS9Attribute <clinit> ()V 325 <appendix> argL0 ; # sun/security/pkcs/PKCS9Attribute$$Lambda+0x0000028b9b53a968
instanceKlass  @bci sun/security/pkcs/PKCS9Attribute <clinit> ()V 320 <appendix> argL0 ; # sun/security/pkcs/PKCS9Attribute$$Lambda+0x0000028b9b53a748
instanceKlass sun/security/pkcs/SignerInfo
instanceKlass  @bci sun/security/pkcs/PKCS9Attribute <clinit> ()V 292 <appendix> argL0 ; # sun/security/pkcs/PKCS9Attribute$$Lambda+0x0000028b9b53a288
instanceKlass  @bci sun/security/pkcs/PKCS9Attribute <clinit> ()V 287 <appendix> argL0 ; # sun/security/pkcs/PKCS9Attribute$$Lambda+0x0000028b9b53a068
instanceKlass  @bci sun/security/pkcs/PKCS9Attribute <clinit> ()V 265 <appendix> argL0 ; # sun/security/pkcs/PKCS9Attribute$$Lambda+0x0000028b9b539e48
instanceKlass  @bci sun/security/pkcs/PKCS9Attribute <clinit> ()V 260 <appendix> argL0 ; # sun/security/pkcs/PKCS9Attribute$$Lambda+0x0000028b9b539c28
instanceKlass  @bci sun/security/pkcs/PKCS9Attribute <clinit> ()V 238 <appendix> argL0 ; # sun/security/pkcs/PKCS9Attribute$$Lambda+0x0000028b9b539a08
instanceKlass  @bci sun/security/pkcs/PKCS9Attribute <clinit> ()V 233 <appendix> argL0 ; # sun/security/pkcs/PKCS9Attribute$$Lambda+0x0000028b9b5397e8
instanceKlass  @bci sun/security/pkcs/PKCS9Attribute <clinit> ()V 185 <appendix> argL0 ; # sun/security/pkcs/PKCS9Attribute$$Lambda+0x0000028b9b5395c8
instanceKlass  @bci sun/security/pkcs/PKCS9Attribute <clinit> ()V 180 <appendix> argL0 ; # sun/security/pkcs/PKCS9Attribute$$Lambda+0x0000028b9b5393a8
instanceKlass  @bci sun/security/pkcs/PKCS9Attribute <clinit> ()V 157 <appendix> argL0 ; # sun/security/pkcs/PKCS9Attribute$$Lambda+0x0000028b9b538f78
instanceKlass sun/security/pkcs/PKCS9Attribute$Encoder
instanceKlass  @bci sun/security/pkcs/PKCS9Attribute <clinit> ()V 152 <appendix> argL0 ; # sun/security/pkcs/PKCS9Attribute$$Lambda+0x0000028b9b538b58
instanceKlass sun/security/pkcs/PKCS9Attribute$Decoder
instanceKlass sun/security/pkcs/PKCS9Attribute
instanceKlass sun/security/x509/AVAKeyword
instanceKlass javax/security/auth/x500/X500Principal$1
instanceKlass jdk/internal/access/JavaxSecurityAccess
instanceKlass javax/security/auth/x500/X500Principal
instanceKlass java/security/cert/PKIXParameters
instanceKlass java/security/cert/CertPathParameters
instanceKlass sun/security/provider/certpath/CertPathHelper
instanceKlass java/security/cert/TrustAnchor
instanceKlass sun/security/validator/EndEntityChecker
instanceKlass sun/security/validator/Validator
instanceKlass javax/net/ssl/SSLEngine
instanceKlass sun/security/ssl/CertificateMessage$CertificateEntry
instanceKlass com/sun/crypto/provider/GaloisCounterMode$DecryptOp
instanceKlass com/sun/crypto/provider/GaloisCounterMode$GCMOperation
instanceKlass com/sun/crypto/provider/GHASH
instanceKlass com/sun/crypto/provider/GCM
instanceKlass com/sun/crypto/provider/GaloisCounterMode$GCMEngine
instanceKlass javax/crypto/spec/GCMParameterSpec
instanceKlass sun/security/ssl/ChangeCipherSpec$T13ChangeCipherSpecConsumer
instanceKlass sun/security/ssl/ChangeCipherSpec$T10ChangeCipherSpecProducer
instanceKlass sun/security/ssl/ChangeCipherSpec$T10ChangeCipherSpecConsumer
instanceKlass sun/security/ssl/ChangeCipherSpec
instanceKlass javax/crypto/spec/IvParameterSpec
instanceKlass sun/security/ssl/SSLTrafficKeyDerivation$T13TrafficKeyDerivation
instanceKlass sun/security/ssl/SSLTrafficKeyDerivation$1
instanceKlass sun/security/ssl/SSLTrafficKeyDerivation$T13TrafficKeyDerivationGenerator
instanceKlass sun/security/ssl/SSLTrafficKeyDerivation$T12TrafficKeyDerivationGenerator
instanceKlass sun/security/ssl/SSLTrafficKeyDerivation$T10TrafficKeyDerivationGenerator
instanceKlass sun/security/ssl/SSLTrafficKeyDerivation$S30TrafficKeyDerivationGenerator
instanceKlass sun/security/ssl/SSLKeyDerivationGenerator
instanceKlass sun/security/ssl/SSLSecretDerivation
instanceKlass javax/crypto/MacSpi
instanceKlass javax/crypto/Mac
instanceKlass sun/security/ssl/HKDF
instanceKlass  @bci javax/crypto/spec/SecretKeySpec <clinit> ()V 0 <appendix> argL0 ; # javax/crypto/spec/SecretKeySpec$$Lambda+0x0000028b9b52ff60
instanceKlass jdk/internal/access/JavaxCryptoSpecAccess
instanceKlass javax/crypto/spec/SecretKeySpec
instanceKlass javax/crypto/SecretKey
instanceKlass  @bci sun/security/ec/XDHKeyAgreement engineDoPhase (Ljava/security/Key;Z)Ljava/security/Key; 70 <appendix> argL0 ; # sun/security/ec/XDHKeyAgreement$$Lambda+0x0000028b9b52f670
instanceKlass  @bci sun/security/ec/XDHKeyAgreement initImpl (Ljava/security/Key;)V 66 <appendix> argL0 ; # sun/security/ec/XDHKeyAgreement$$Lambda+0x0000028b9b52f450
instanceKlass  @bci sun/security/ec/XDHKeyAgreement initImpl (Ljava/security/Key;)V 38 <appendix> argL0 ; # sun/security/ec/XDHKeyAgreement$$Lambda+0x0000028b9b52f210
instanceKlass  @bci sun/security/ec/XDHKeyAgreement initImpl (Ljava/security/Key;)V 22 <appendix> argL0 ; # sun/security/ec/XDHKeyAgreement$$Lambda+0x0000028b9b52efd0
instanceKlass javax/crypto/KeyAgreementSpi
instanceKlass sun/security/ssl/KAKeyDerivation
instanceKlass sun/security/ssl/XDHKeyExchange$XDHEKAGenerator
instanceKlass sun/security/ssl/XDHKeyExchange
instanceKlass  @bci sun/security/ec/XDHKeyFactory generatePublicImpl (Ljava/security/spec/KeySpec;)Ljava/security/PublicKey; 65 <appendix> argL0 ; # sun/security/ec/XDHKeyFactory$$Lambda+0x0000028b9b52de00
instanceKlass  @bci sun/security/ec/XDHKeyFactory generatePublicImpl (Ljava/security/spec/KeySpec;)Ljava/security/PublicKey; 51 <appendix> argL0 ; # sun/security/ec/XDHKeyFactory$$Lambda+0x0000028b9b52dbc0
instanceKlass java/security/spec/XECPublicKeySpec
instanceKlass sun/security/ssl/XDHKeyExchange$XDHECredentials
instanceKlass sun/security/ssl/NamedGroupCredentials
instanceKlass sun/security/ssl/KeyShareExtension$SHKeyShareSpec
instanceKlass sun/security/ssl/HandshakeHash$CloneableHash
instanceKlass sun/security/ssl/HandshakeHash$T13HandshakeHash
instanceKlass sun/security/ssl/SupportedVersionsExtension$SHSupportedVersionsSpec
instanceKlass sun/security/ssl/TransportContext$1
instanceKlass sun/security/ssl/Plaintext
instanceKlass sun/security/ssl/OutputRecord$T13PaddingHolder
instanceKlass sun/security/ssl/KeyShareExtension$CHKeyShareSpec
instanceKlass sun/security/util/math/IntegerModuloP$MultiplicativeInverser$Secp256R1
instanceKlass sun/security/ec/point/MutablePoint
instanceKlass sun/security/ec/ECOperations$DefaultMultiplier
instanceKlass sun/security/ec/ECOperations$Secp256R1GeneratorMontgomeryMultiplier
instanceKlass sun/security/ec/ECOperations$PointMultiplier
instanceKlass  @bci sun/security/ec/ECPrivateKeyImpl calculatePublicKey ()Ljava/security/PublicKey; 9 <appendix> argL0 ; # sun/security/ec/ECPrivateKeyImpl$$Lambda+0x0000028b9b529870
instanceKlass sun/security/util/ArrayUtil
instanceKlass java/security/interfaces/ECPrivateKey
instanceKlass sun/security/ec/ECOperations
instanceKlass sun/security/ssl/ECDHKeyExchange$ECDHEPossession
instanceKlass sun/security/ssl/KeyShareExtension$KeyShareEntry
instanceKlass sun/security/ssl/XDHKeyExchange$1
instanceKlass sun/security/pkcs/PKCS8Key
instanceKlass sun/security/util/InternalPrivateKey
instanceKlass java/security/interfaces/XECPrivateKey
instanceKlass java/security/PrivateKey
instanceKlass javax/security/auth/Destroyable
instanceKlass java/security/interfaces/XECPublicKey
instanceKlass java/security/interfaces/XECKey
instanceKlass java/security/KeyPair
instanceKlass java/math/MutableBigInteger
instanceKlass sun/security/util/math/IntegerModuloP$MultiplicativeInverser$Default
instanceKlass sun/security/util/math/IntegerModuloP$MultiplicativeInverser
instanceKlass sun/security/util/math/MutableIntegerModuloP
instanceKlass sun/security/jca/JCAUtil$CachedSecureRandomHolder
instanceKlass sun/security/ec/XECOperations
instanceKlass sun/security/ec/XECParameters
instanceKlass  @bci sun/security/ec/XDHKeyPairGenerator initialize (Ljava/security/spec/AlgorithmParameterSpec;Ljava/security/SecureRandom;)V 0 <appendix> argL0 ; # sun/security/ec/XDHKeyPairGenerator$$Lambda+0x0000028b9b523f28
instanceKlass sun/security/ssl/XDHKeyExchange$XDHEPossession
instanceKlass sun/security/ssl/ECDHKeyExchange$ECDHEXDHKAGenerator
instanceKlass sun/security/ssl/ECDHKeyExchange$ECDHEKAGenerator
instanceKlass sun/security/ssl/ECDHKeyExchange$ECDHKAGenerator
instanceKlass sun/security/ssl/ECDHKeyExchange$ECDHEPossessionGenerator
instanceKlass sun/security/ssl/ECDHKeyExchange
instanceKlass sun/security/ssl/DHKeyExchange$DHEKAGenerator
instanceKlass sun/security/ssl/DHKeyExchange$DHEPossessionGenerator
instanceKlass sun/security/ssl/DHKeyExchange
instanceKlass sun/security/ssl/RSAKeyExchange$RSAKAGenerator
instanceKlass sun/security/ssl/RSAKeyExchange$EphemeralRSAPossessionGenerator
instanceKlass sun/security/ssl/RSAKeyExchange
instanceKlass sun/security/ssl/SSLKeyExchange$T13KeyAgreement
instanceKlass sun/security/ssl/SSLKeyAgreement
instanceKlass sun/security/ssl/SSLPossessionGenerator
instanceKlass sun/security/ssl/SSLKeyExchange
instanceKlass sun/security/ssl/SSLHandshakeBinding
instanceKlass sun/security/ssl/SSLKeyAgreementGenerator
instanceKlass sun/security/ssl/PskKeyExchangeModesExtension$PskKeyExchangeModesSpec
instanceKlass sun/security/ssl/SupportedVersionsExtension$CHSupportedVersionsSpec
instanceKlass sun/security/ssl/SignatureAlgorithmsExtension$SignatureSchemesSpec
instanceKlass sun/security/ssl/ExtendedMasterSecretExtension$ExtendedMasterSecretSpec
instanceKlass sun/security/ssl/CertStatusExtension$CertStatusRequestV2Spec
instanceKlass sun/security/ssl/ECPointFormatsExtension$ECPointFormatsSpec
instanceKlass sun/security/ssl/SupportedGroupsExtension$SupportedGroupsSpec
instanceKlass sun/security/ssl/CertStatusExtension$CertStatusRequest
instanceKlass sun/security/ssl/CertStatusExtension$CertStatusRequestSpec
instanceKlass sun/security/ssl/ServerNameExtension$CHServerNamesSpec
instanceKlass sun/security/ssl/SSLExtension$SSLExtensionSpec
instanceKlass sun/security/ssl/SSLExtension$ClientExtensions
instanceKlass sun/security/ssl/PreSharedKeyExtension$SHPreSharedKeyStringizer
instanceKlass sun/security/ssl/PreSharedKeyExtension$SHPreSharedKeyAbsence
instanceKlass sun/security/ssl/PreSharedKeyExtension$SHPreSharedKeyConsumer
instanceKlass sun/security/ssl/PreSharedKeyExtension$SHPreSharedKeyProducer
instanceKlass sun/security/ssl/PreSharedKeyExtension$CHPreSharedKeyStringizer
instanceKlass sun/security/ssl/PreSharedKeyExtension$CHPreSharedKeyOnTradeAbsence
instanceKlass sun/security/ssl/PreSharedKeyExtension$CHPreSharedKeyUpdate
instanceKlass sun/security/ssl/PreSharedKeyExtension$CHPreSharedKeyOnLoadAbsence
instanceKlass sun/security/ssl/PreSharedKeyExtension$CHPreSharedKeyConsumer
instanceKlass sun/security/ssl/PreSharedKeyExtension$CHPreSharedKeyProducer
instanceKlass sun/security/ssl/PreSharedKeyExtension
instanceKlass sun/security/ssl/RenegoInfoExtension$RenegotiationInfoStringizer
instanceKlass sun/security/ssl/RenegoInfoExtension$SHRenegotiationInfoAbsence
instanceKlass sun/security/ssl/RenegoInfoExtension$SHRenegotiationInfoConsumer
instanceKlass sun/security/ssl/RenegoInfoExtension$SHRenegotiationInfoProducer
instanceKlass sun/security/ssl/RenegoInfoExtension$CHRenegotiationInfoAbsence
instanceKlass sun/security/ssl/RenegoInfoExtension$CHRenegotiationInfoConsumer
instanceKlass sun/security/ssl/RenegoInfoExtension$CHRenegotiationInfoProducer
instanceKlass sun/security/ssl/RenegoInfoExtension
instanceKlass sun/security/ssl/KeyShareExtension$HRRKeyShareStringizer
instanceKlass sun/security/ssl/KeyShareExtension$HRRKeyShareReproducer
instanceKlass sun/security/ssl/KeyShareExtension$HRRKeyShareConsumer
instanceKlass sun/security/ssl/KeyShareExtension$HRRKeyShareProducer
instanceKlass sun/security/ssl/KeyShareExtension$SHKeyShareStringizer
instanceKlass sun/security/ssl/KeyShareExtension$SHKeyShareAbsence
instanceKlass sun/security/ssl/KeyShareExtension$SHKeyShareConsumer
instanceKlass sun/security/ssl/KeyShareExtension$SHKeyShareProducer
instanceKlass sun/security/ssl/KeyShareExtension$CHKeyShareStringizer
instanceKlass sun/security/ssl/KeyShareExtension$CHKeyShareOnTradeAbsence
instanceKlass sun/security/ssl/KeyShareExtension$CHKeyShareConsumer
instanceKlass sun/security/ssl/KeyShareExtension$CHKeyShareProducer
instanceKlass sun/security/ssl/KeyShareExtension
instanceKlass sun/security/ssl/CertSignAlgsExtension$CertSignatureSchemesStringizer
instanceKlass sun/security/ssl/CertSignAlgsExtension$CRCertSignatureSchemesUpdate
instanceKlass sun/security/ssl/CertSignAlgsExtension$CRCertSignatureSchemesConsumer
instanceKlass sun/security/ssl/CertSignAlgsExtension$CRCertSignatureSchemesProducer
instanceKlass sun/security/ssl/CertSignAlgsExtension$CHCertSignatureSchemesUpdate
instanceKlass sun/security/ssl/CertSignAlgsExtension$CHCertSignatureSchemesConsumer
instanceKlass sun/security/ssl/CertSignAlgsExtension$CHCertSignatureSchemesProducer
instanceKlass sun/security/ssl/CertSignAlgsExtension
instanceKlass sun/security/ssl/CertificateAuthoritiesExtension$CertificateAuthoritiesStringizer
instanceKlass sun/security/ssl/CertificateAuthoritiesExtension$CRCertificateAuthoritiesConsumer
instanceKlass sun/security/ssl/CertificateAuthoritiesExtension$CRCertificateAuthoritiesProducer
instanceKlass sun/security/ssl/CertificateAuthoritiesExtension$CHCertificateAuthoritiesConsumer
instanceKlass sun/security/ssl/CertificateAuthoritiesExtension$CHCertificateAuthoritiesProducer
instanceKlass sun/security/ssl/CertificateAuthoritiesExtension
instanceKlass sun/security/ssl/PskKeyExchangeModesExtension$PskKeyExchangeModesStringizer
instanceKlass sun/security/ssl/PskKeyExchangeModesExtension$PskKeyExchangeModesOnTradeAbsence
instanceKlass sun/security/ssl/PskKeyExchangeModesExtension$PskKeyExchangeModesOnLoadAbsence
instanceKlass sun/security/ssl/PskKeyExchangeModesExtension$PskKeyExchangeModesConsumer
instanceKlass sun/security/ssl/PskKeyExchangeModesExtension$PskKeyExchangeModesProducer
instanceKlass sun/security/ssl/PskKeyExchangeModesExtension
instanceKlass sun/security/ssl/CookieExtension$CookieStringizer
instanceKlass sun/security/ssl/CookieExtension$HRRCookieReproducer
instanceKlass sun/security/ssl/CookieExtension$HRRCookieConsumer
instanceKlass sun/security/ssl/CookieExtension$HRRCookieProducer
instanceKlass sun/security/ssl/CookieExtension$CHCookieUpdate
instanceKlass sun/security/ssl/CookieExtension$CHCookieConsumer
instanceKlass sun/security/ssl/CookieExtension$CHCookieProducer
instanceKlass sun/security/ssl/CookieExtension
instanceKlass sun/security/ssl/SupportedVersionsExtension$HRRSupportedVersionsReproducer
instanceKlass sun/security/ssl/SupportedVersionsExtension$HRRSupportedVersionsConsumer
instanceKlass sun/security/ssl/SupportedVersionsExtension$HRRSupportedVersionsProducer
instanceKlass sun/security/ssl/SupportedVersionsExtension$SHSupportedVersionsStringizer
instanceKlass sun/security/ssl/SupportedVersionsExtension$SHSupportedVersionsConsumer
instanceKlass sun/security/ssl/SupportedVersionsExtension$SHSupportedVersionsProducer
instanceKlass sun/security/ssl/SupportedVersionsExtension$CHSupportedVersionsStringizer
instanceKlass sun/security/ssl/SupportedVersionsExtension$CHSupportedVersionsConsumer
instanceKlass sun/security/ssl/SupportedVersionsExtension$CHSupportedVersionsProducer
instanceKlass sun/security/ssl/SupportedVersionsExtension
instanceKlass sun/security/ssl/SignatureAlgorithmsExtension$SignatureSchemesStringizer
instanceKlass sun/security/ssl/SignatureAlgorithmsExtension$CRSignatureSchemesUpdate
instanceKlass sun/security/ssl/SignatureAlgorithmsExtension$CRSignatureSchemesAbsence
instanceKlass sun/security/ssl/SignatureAlgorithmsExtension$CRSignatureSchemesConsumer
instanceKlass sun/security/ssl/SignatureAlgorithmsExtension$CRSignatureSchemesProducer
instanceKlass sun/security/ssl/SignatureAlgorithmsExtension$CHSignatureSchemesOnTradeAbsence
instanceKlass sun/security/ssl/SignatureAlgorithmsExtension$CHSignatureSchemesUpdate
instanceKlass sun/security/ssl/SignatureAlgorithmsExtension$CHSignatureSchemesOnLoadAbsence
instanceKlass sun/security/ssl/SignatureAlgorithmsExtension$CHSignatureSchemesConsumer
instanceKlass sun/security/ssl/SignatureAlgorithmsExtension$CHSignatureSchemesProducer
instanceKlass sun/security/ssl/SignatureAlgorithmsExtension
instanceKlass sun/security/ssl/SessionTicketExtension$SessionTicketStringizer
instanceKlass sun/security/ssl/SessionTicketExtension$T12SHSessionTicketConsumer
instanceKlass sun/security/ssl/SessionTicketExtension$T12SHSessionTicketProducer
instanceKlass sun/security/ssl/SessionTicketExtension$T12CHSessionTicketConsumer
instanceKlass sun/security/ssl/SessionTicketExtension$T12CHSessionTicketProducer
instanceKlass sun/security/ssl/SessionTicketExtension
instanceKlass sun/security/ssl/ExtendedMasterSecretExtension$ExtendedMasterSecretStringizer
instanceKlass sun/security/ssl/ExtendedMasterSecretExtension$SHExtendedMasterSecretAbsence
instanceKlass sun/security/ssl/ExtendedMasterSecretExtension$SHExtendedMasterSecretConsumer
instanceKlass sun/security/ssl/ExtendedMasterSecretExtension$SHExtendedMasterSecretProducer
instanceKlass sun/security/ssl/ExtendedMasterSecretExtension$CHExtendedMasterSecretAbsence
instanceKlass sun/security/ssl/ExtendedMasterSecretExtension$CHExtendedMasterSecretConsumer
instanceKlass sun/security/ssl/ExtendedMasterSecretExtension$CHExtendedMasterSecretProducer
instanceKlass sun/security/ssl/ExtendedMasterSecretExtension
instanceKlass  @bci sun/security/ssl/AlpnExtension <clinit> ()V 100 <appendix> argL0 ; # sun/security/ssl/AlpnExtension$$Lambda+0x0000028b9b510f48
instanceKlass sun/security/ssl/AlpnExtension$AlpnStringizer
instanceKlass sun/security/ssl/AlpnExtension$SHAlpnAbsence
instanceKlass sun/security/ssl/AlpnExtension$SHAlpnConsumer
instanceKlass sun/security/ssl/AlpnExtension$SHAlpnProducer
instanceKlass sun/security/ssl/AlpnExtension$CHAlpnAbsence
instanceKlass sun/security/ssl/AlpnExtension$CHAlpnConsumer
instanceKlass sun/security/ssl/AlpnExtension$CHAlpnProducer
instanceKlass sun/security/ssl/AlpnExtension
instanceKlass sun/security/ssl/ECPointFormatsExtension$ECPointFormatsStringizer
instanceKlass sun/security/ssl/ECPointFormatsExtension$SHECPointFormatsConsumer
instanceKlass sun/security/ssl/ECPointFormatsExtension$CHECPointFormatsConsumer
instanceKlass sun/security/ssl/ECPointFormatsExtension$CHECPointFormatsProducer
instanceKlass sun/security/ssl/ECPointFormatsExtension
instanceKlass sun/security/ssl/SupportedGroupsExtension$EESupportedGroupsConsumer
instanceKlass sun/security/ssl/SupportedGroupsExtension$EESupportedGroupsProducer
instanceKlass sun/security/ssl/SupportedGroupsExtension$SupportedGroupsStringizer
instanceKlass sun/security/ssl/SupportedGroupsExtension$CHSupportedGroupsOnTradeAbsence
instanceKlass sun/security/ssl/SupportedGroupsExtension$CHSupportedGroupsConsumer
instanceKlass sun/security/ssl/SupportedGroupsExtension$CHSupportedGroupsProducer
instanceKlass sun/security/ssl/SupportedGroupsExtension
instanceKlass sun/security/ssl/CertStatusExtension$CertStatusRespStringizer
instanceKlass sun/security/ssl/CertStatusExtension$CertStatusRequestsStringizer
instanceKlass sun/security/ssl/CertStatusExtension$SHCertStatusReqV2Consumer
instanceKlass sun/security/ssl/CertStatusExtension$SHCertStatusReqV2Producer
instanceKlass sun/security/ssl/CertStatusExtension$CHCertStatusReqV2Consumer
instanceKlass sun/security/ssl/CertStatusExtension$CHCertStatusReqV2Producer
instanceKlass sun/security/ssl/CertStatusExtension$CertStatusRequestStringizer
instanceKlass sun/security/ssl/CertStatusExtension$CTCertStatusResponseConsumer
instanceKlass sun/security/ssl/CertStatusExtension$CTCertStatusResponseProducer
instanceKlass sun/security/ssl/CertStatusExtension$SHCertStatusReqConsumer
instanceKlass sun/security/ssl/CertStatusExtension$SHCertStatusReqProducer
instanceKlass sun/security/ssl/CertStatusExtension$CHCertStatusReqConsumer
instanceKlass sun/security/ssl/CertStatusExtension$CHCertStatusReqProducer
instanceKlass sun/security/ssl/CertStatusExtension
instanceKlass sun/security/ssl/MaxFragExtension$MaxFragLenStringizer
instanceKlass sun/security/ssl/MaxFragExtension$EEMaxFragmentLengthUpdate
instanceKlass sun/security/ssl/MaxFragExtension$EEMaxFragmentLengthConsumer
instanceKlass sun/security/ssl/MaxFragExtension$EEMaxFragmentLengthProducer
instanceKlass sun/security/ssl/MaxFragExtension$SHMaxFragmentLengthUpdate
instanceKlass sun/security/ssl/MaxFragExtension$SHMaxFragmentLengthConsumer
instanceKlass sun/security/ssl/MaxFragExtension$SHMaxFragmentLengthProducer
instanceKlass sun/security/ssl/MaxFragExtension$CHMaxFragmentLengthConsumer
instanceKlass sun/security/ssl/MaxFragExtension$CHMaxFragmentLengthProducer
instanceKlass sun/security/ssl/MaxFragExtension
instanceKlass sun/security/ssl/ServerNameExtension$EEServerNameConsumer
instanceKlass sun/security/ssl/ServerNameExtension$EEServerNameProducer
instanceKlass sun/security/ssl/ServerNameExtension$SHServerNamesStringizer
instanceKlass sun/security/ssl/ServerNameExtension$SHServerNameConsumer
instanceKlass sun/security/ssl/ServerNameExtension$SHServerNameProducer
instanceKlass sun/security/ssl/ServerNameExtension$CHServerNamesStringizer
instanceKlass sun/security/ssl/ServerNameExtension$CHServerNameConsumer
instanceKlass sun/security/ssl/SSLExtension$ExtensionConsumer
instanceKlass sun/security/ssl/ServerNameExtension$CHServerNameProducer
instanceKlass sun/security/ssl/ServerNameExtension
instanceKlass sun/security/ssl/SSLStringizer
instanceKlass sun/security/ssl/SSLExtensions
instanceKlass sun/security/ssl/SSLHandshake$HandshakeMessage
instanceKlass sun/security/ssl/RandomCookie
instanceKlass sun/security/util/KeyUtil
instanceKlass sun/security/ssl/SSLKeyDerivation
instanceKlass sun/security/ssl/SSLCredentials
instanceKlass sun/security/ssl/NamedGroupPossession
instanceKlass sun/security/ssl/SSLPossession
instanceKlass sun/security/ssl/HandshakeContext
instanceKlass sun/security/ssl/SSLConfiguration$1
instanceKlass javax/net/ssl/SSLParameters
instanceKlass jdk/internal/icu/impl/Trie2$UTrie2Header
instanceKlass jdk/internal/icu/impl/Trie2$1
instanceKlass jdk/internal/icu/impl/Trie2$ValueMapper
instanceKlass jdk/internal/icu/impl/Trie2
instanceKlass jdk/internal/icu/impl/UCharacterProperty$IsAcceptable
instanceKlass jdk/internal/icu/impl/ICUBinary$1
instanceKlass jdk/internal/icu/impl/UCharacterProperty$IntProperty
instanceKlass jdk/internal/icu/impl/UCharacterProperty
instanceKlass jdk/internal/icu/lang/UCharacter
instanceKlass jdk/internal/icu/util/VersionInfo
instanceKlass jdk/internal/icu/impl/Trie
instanceKlass jdk/internal/icu/text/StringPrep$StringPrepTrieImpl
instanceKlass jdk/internal/icu/impl/Trie$DataManipulate
instanceKlass jdk/internal/icu/impl/ICUBinary
instanceKlass jdk/internal/icu/impl/StringPrepDataReader
instanceKlass jdk/internal/icu/impl/ICUBinary$Authenticate
instanceKlass jdk/internal/icu/text/StringPrep
instanceKlass java/net/IDN
instanceKlass javax/net/ssl/SNIServerName
instanceKlass sun/security/ssl/SessionId
instanceKlass java/security/spec/MGF1ParameterSpec
instanceKlass sun/security/ec/ParametersMap$1
instanceKlass  @bci sun/security/ec/ed/EdDSAParameters <clinit> ()V 268 <appendix> argL0 ; # sun/security/ec/ed/EdDSAParameters$$Lambda+0x0000028b9b5020a0
instanceKlass sun/security/ec/ed/EdDSAParameters$SHAKE256DigesterFactory
instanceKlass sun/security/ec/point/ProjectivePoint
instanceKlass  @bci sun/security/ec/ed/EdDSAParameters <clinit> ()V 117 <appendix> argL0 ; # sun/security/ec/ed/EdDSAParameters$$Lambda+0x0000028b9b500d98
instanceKlass sun/security/ec/ed/EdDSAParameters$SHA512DigesterFactory
instanceKlass sun/security/ec/ed/EdDSAParameters$DigesterFactory
instanceKlass sun/security/util/math/IntegerMontgomeryFieldModuloP
instanceKlass sun/security/ec/point/ExtendedHomogeneousPoint
instanceKlass sun/security/ec/point/ImmutablePoint
instanceKlass sun/security/ec/point/Point
instanceKlass sun/security/ec/point/AffinePoint
instanceKlass sun/security/util/math/intpoly/IntegerPolynomial$Limb
instanceKlass sun/security/util/math/SmallValue
instanceKlass sun/security/ec/ed/EdECOperations
instanceKlass sun/security/util/math/intpoly/IntegerPolynomial$Element
instanceKlass sun/security/util/math/ImmutableIntegerModuloP
instanceKlass sun/security/util/math/IntegerModuloP
instanceKlass sun/security/util/math/intpoly/IntegerPolynomial
instanceKlass sun/security/util/math/IntegerFieldModuloP
instanceKlass sun/security/ec/ParametersMap
instanceKlass sun/security/ec/ed/EdDSAParameters
instanceKlass  @bci sun/security/ec/ed/EdDSASignature <init> (Ljava/security/spec/NamedParameterSpec;)V 27 <appendix> argL0 ; # sun/security/ec/ed/EdDSASignature$$Lambda+0x0000028b9b4ed450
instanceKlass java/security/spec/EdDSAParameterSpec
instanceKlass javax/net/ssl/ExtendedSSLSession
instanceKlass javax/net/ssl/SSLSession
instanceKlass javax/crypto/spec/DHParameterSpec
instanceKlass sun/security/ssl/PredefinedDHParameterSpecs$1
instanceKlass sun/security/ssl/PredefinedDHParameterSpecs
instanceKlass sun/security/ssl/NamedGroup$SupportedGroups
instanceKlass sun/security/ssl/SSLConfiguration$CustomizedClientSignatureSchemes
instanceKlass javax/crypto/KeyGeneratorSpi
instanceKlass javax/crypto/KeyGenerator
instanceKlass sun/security/ssl/SSLConfiguration
instanceKlass sun/security/ssl/SSLCipher$SSLWriteCipher
instanceKlass sun/security/ssl/KeyUpdate$KeyUpdateProducer
instanceKlass sun/security/ssl/KeyUpdate$KeyUpdateConsumer
instanceKlass sun/security/ssl/KeyUpdate$KeyUpdateKickstartProducer
instanceKlass sun/security/ssl/KeyUpdate
instanceKlass sun/security/ssl/CertificateStatus$CertificateStatusAbsence
instanceKlass sun/security/ssl/HandshakeAbsence
instanceKlass sun/security/ssl/CertificateStatus$CertificateStatusProducer
instanceKlass sun/security/ssl/CertificateStatus$CertificateStatusConsumer
instanceKlass sun/security/ssl/CertificateStatus
instanceKlass sun/security/ssl/Finished$T13FinishedProducer
instanceKlass sun/security/ssl/Finished$T13FinishedConsumer
instanceKlass sun/security/ssl/Finished$T12FinishedProducer
instanceKlass sun/security/ssl/Finished$T12FinishedConsumer
instanceKlass sun/security/ssl/Finished
instanceKlass sun/security/ssl/ClientKeyExchange$ClientKeyExchangeProducer
instanceKlass sun/security/ssl/ClientKeyExchange$ClientKeyExchangeConsumer
instanceKlass sun/security/ssl/ClientKeyExchange
instanceKlass sun/security/ssl/CertificateVerify$T13CertificateVerifyProducer
instanceKlass sun/security/ssl/CertificateVerify$T13CertificateVerifyConsumer
instanceKlass sun/security/ssl/CertificateVerify$T12CertificateVerifyProducer
instanceKlass sun/security/ssl/CertificateVerify$T12CertificateVerifyConsumer
instanceKlass sun/security/ssl/CertificateVerify$T10CertificateVerifyProducer
instanceKlass sun/security/ssl/CertificateVerify$T10CertificateVerifyConsumer
instanceKlass sun/security/ssl/CertificateVerify$S30CertificateVerifyProducer
instanceKlass sun/security/ssl/CertificateVerify$S30CertificateVerifyConsumer
instanceKlass sun/security/ssl/CertificateVerify
instanceKlass sun/security/ssl/ServerHelloDone$ServerHelloDoneProducer
instanceKlass sun/security/ssl/ServerHelloDone$ServerHelloDoneConsumer
instanceKlass sun/security/ssl/ServerHelloDone
instanceKlass sun/security/ssl/CertificateRequest$T13CertificateRequestProducer
instanceKlass sun/security/ssl/CertificateRequest$T13CertificateRequestConsumer
instanceKlass sun/security/ssl/CertificateRequest$T12CertificateRequestProducer
instanceKlass sun/security/ssl/CertificateRequest$T12CertificateRequestConsumer
instanceKlass sun/security/ssl/CertificateRequest$T10CertificateRequestProducer
instanceKlass sun/security/ssl/CertificateRequest$T10CertificateRequestConsumer
instanceKlass sun/security/ssl/CertificateRequest
instanceKlass sun/security/ssl/ServerKeyExchange$ServerKeyExchangeProducer
instanceKlass sun/security/ssl/ServerKeyExchange$ServerKeyExchangeConsumer
instanceKlass sun/security/ssl/ServerKeyExchange
instanceKlass sun/security/ssl/CertificateMessage$T13CertificateProducer
instanceKlass sun/security/ssl/CertificateMessage$T13CertificateConsumer
instanceKlass sun/security/ssl/CertificateMessage$T12CertificateProducer
instanceKlass sun/security/ssl/CertificateMessage$T12CertificateConsumer
instanceKlass sun/security/ssl/CertificateMessage
instanceKlass sun/security/ssl/EncryptedExtensions$EncryptedExtensionsConsumer
instanceKlass sun/security/ssl/EncryptedExtensions$EncryptedExtensionsProducer
instanceKlass sun/security/ssl/EncryptedExtensions
instanceKlass sun/security/ssl/NewSessionTicket$T12NewSessionTicketProducer
instanceKlass sun/security/ssl/NewSessionTicket$T13NewSessionTicketProducer
instanceKlass sun/security/ssl/NewSessionTicket$T12NewSessionTicketConsumer
instanceKlass sun/security/ssl/NewSessionTicket$T13NewSessionTicketConsumer
instanceKlass sun/security/ssl/NewSessionTicket
instanceKlass sun/security/ssl/HelloVerifyRequest$HelloVerifyRequestProducer
instanceKlass sun/security/ssl/HelloVerifyRequest$HelloVerifyRequestConsumer
instanceKlass sun/security/ssl/HelloVerifyRequest
instanceKlass sun/security/ssl/ServerHello$T13HelloRetryRequestConsumer
instanceKlass sun/security/ssl/ServerHello$T13ServerHelloConsumer
instanceKlass sun/security/ssl/ServerHello$T12ServerHelloConsumer
instanceKlass sun/security/ssl/ServerHello$T13HelloRetryRequestReproducer
instanceKlass sun/security/ssl/ServerHello$T13HelloRetryRequestProducer
instanceKlass sun/security/ssl/ServerHello$T13ServerHelloProducer
instanceKlass sun/security/ssl/ServerHello$T12ServerHelloProducer
instanceKlass sun/security/ssl/ServerHello$ServerHelloConsumer
instanceKlass sun/security/ssl/ServerHello
instanceKlass sun/security/ssl/ClientHello$D13ClientHelloConsumer
instanceKlass sun/security/ssl/ClientHello$D12ClientHelloConsumer
instanceKlass sun/security/ssl/ClientHello$T13ClientHelloConsumer
instanceKlass sun/security/ssl/ClientHello$T12ClientHelloConsumer
instanceKlass sun/security/ssl/HandshakeConsumer
instanceKlass sun/security/ssl/ClientHello$ClientHelloProducer
instanceKlass sun/security/ssl/ClientHello$ClientHelloConsumer
instanceKlass sun/security/ssl/ClientHello$ClientHelloKickstartProducer
instanceKlass sun/security/ssl/ClientHello
instanceKlass sun/security/ssl/HelloRequest$HelloRequestProducer
instanceKlass sun/security/ssl/HelloRequest$HelloRequestConsumer
instanceKlass sun/security/ssl/HelloRequest$HelloRequestKickstartProducer
instanceKlass sun/security/ssl/SSLProducer
instanceKlass sun/security/ssl/HelloRequest
instanceKlass sun/security/ssl/HandshakeProducer
instanceKlass sun/security/ssl/SSLConsumer
instanceKlass sun/security/ssl/Authenticator$MacImpl
instanceKlass sun/security/ssl/Authenticator$MAC
instanceKlass sun/security/ssl/Authenticator
instanceKlass sun/security/ssl/SSLCipher$SSLReadCipher
instanceKlass sun/security/ssl/InputRecord
instanceKlass sun/security/ssl/SSLRecord
instanceKlass sun/security/ssl/Record
instanceKlass sun/security/ssl/TransportContext
instanceKlass sun/security/ssl/ConnectionContext
instanceKlass sun/security/ssl/HandshakeHash$CacheOnlyHash
instanceKlass sun/security/ssl/HandshakeHash$TranscriptHash
instanceKlass sun/security/ssl/HandshakeHash
instanceKlass sun/security/ssl/SSLTransport
instanceKlass  @bci sun/security/ssl/SSLContextImpl engineInit ([Ljavax/net/ssl/KeyManager;[Ljavax/net/ssl/TrustManager;Ljava/security/SecureRandom;)V 57 <appendix> argL0 ; # sun/security/ssl/SSLContextImpl$$Lambda+0x0000028b9b3fd650
instanceKlass javax/net/ssl/X509ExtendedKeyManager
instanceKlass javax/net/ssl/X509KeyManager
instanceKlass javax/net/ssl/KeyManager
instanceKlass javax/net/ssl/KeyManagerFactorySpi
instanceKlass sun/security/ssl/SSLContextImpl$DefaultManagersHolder$1
instanceKlass javax/net/ssl/X509ExtendedTrustManager
instanceKlass javax/net/ssl/X509TrustManager
instanceKlass javax/net/ssl/TrustManager
instanceKlass sun/security/validator/TrustStoreUtil
instanceKlass sun/security/x509/AccessDescription
instanceKlass sun/security/x509/RFC822Name
instanceKlass sun/security/x509/NetscapeCertTypeExtension$MapEntry
instanceKlass sun/security/x509/DNSName
instanceKlass sun/security/x509/URIName
instanceKlass sun/security/x509/DistributionPoint
instanceKlass java/security/cert/PolicyQualifierInfo
instanceKlass sun/security/x509/CertificatePolicyId
instanceKlass sun/security/x509/PolicyInformation
instanceKlass java/security/interfaces/ECPublicKey
instanceKlass java/security/interfaces/ECKey
instanceKlass sun/security/x509/GeneralName
instanceKlass java/security/PKCS12Attribute
instanceKlass java/security/KeyStore$Entry$Attribute
instanceKlass sun/security/pkcs12/PKCS12KeyStore$Entry
instanceKlass jdk/internal/event/EventHelper$ThreadTrackHolder
instanceKlass java/util/jar/JarFile$ThreadTrackHolder
instanceKlass jdk/internal/event/EventHelper
instanceKlass sun/security/jca/JCAUtil
instanceKlass sun/security/util/MemoryCache$CacheEntry
instanceKlass sun/security/x509/GeneralNames
instanceKlass sun/security/x509/KeyIdentifier
instanceKlass sun/security/x509/OIDMap$OIDInfo
instanceKlass sun/security/x509/PKIXExtensions
instanceKlass sun/security/x509/OIDMap
instanceKlass sun/security/x509/Extension
instanceKlass java/security/cert/Extension
instanceKlass sun/security/x509/CertificateExtensions
instanceKlass sun/security/rsa/RSAUtil
instanceKlass java/security/interfaces/RSAPublicKey
instanceKlass java/security/interfaces/RSAKey
instanceKlass java/security/spec/PSSParameterSpec
instanceKlass java/security/spec/RSAPrivateKeySpec
instanceKlass java/security/spec/RSAPublicKeySpec
instanceKlass  @bci java/security/spec/EncodedKeySpec <clinit> ()V 0 <appendix> argL0 ; # java/security/spec/EncodedKeySpec$$Lambda+0x0000028b9b3f1a78
instanceKlass jdk/internal/access/JavaSecuritySpecAccess
instanceKlass java/security/spec/EncodedKeySpec
instanceKlass java/security/spec/KeySpec
instanceKlass sun/security/util/BitArray
instanceKlass sun/security/x509/X509Key
instanceKlass java/security/PublicKey
instanceKlass java/security/AsymmetricKey
instanceKlass java/security/Key
instanceKlass sun/security/x509/CertificateX509Key
instanceKlass sun/security/x509/CertificateValidity
instanceKlass sun/security/x509/AVA
instanceKlass sun/security/x509/RDN
instanceKlass sun/security/x509/X500Name
instanceKlass sun/security/x509/GeneralNameInterface
instanceKlass sun/security/x509/CertificateAlgorithmId
instanceKlass sun/security/x509/SerialNumber
instanceKlass sun/security/x509/CertificateSerialNumber
instanceKlass sun/security/x509/CertificateVersion
instanceKlass sun/security/x509/X509CertInfo
instanceKlass sun/security/x509/AlgorithmId
instanceKlass java/security/cert/X509Extension
instanceKlass sun/security/util/Cache$EqualByteArray
instanceKlass java/security/cert/CertificateFactorySpi
instanceKlass java/security/cert/CertificateFactory
instanceKlass sun/security/pkcs/ContentInfo
instanceKlass sun/security/util/IOUtils
instanceKlass sun/security/util/DerInputStream
instanceKlass sun/security/util/DerValue
instanceKlass sun/security/action/OpenFileInputStreamAction
instanceKlass  @bci sun/security/util/KeyStoreDelegator <init> (Ljava/lang/String;Ljava/lang/Class;Ljava/lang/String;Ljava/lang/Class;)V 4 <appendix> argL0 ; # sun/security/util/KeyStoreDelegator$$Lambda+0x0000028b9b3ebf18
instanceKlass java/security/KeyStoreSpi
instanceKlass  @bci java/security/KeyStore getDefaultType ()Ljava/lang/String; 0 <appendix> argL0 ; # java/security/KeyStore$$Lambda+0x0000028b9b3eac10
instanceKlass java/security/KeyStore
instanceKlass sun/security/ssl/TrustStoreManager$TrustStoreDescriptor$1
instanceKlass sun/security/util/FilePaths
instanceKlass sun/security/ssl/TrustStoreManager$TrustStoreDescriptor
instanceKlass sun/security/ssl/TrustStoreManager$TrustAnchorManager
instanceKlass sun/security/ssl/TrustStoreManager
instanceKlass javax/net/ssl/TrustManagerFactorySpi
instanceKlass sun/security/ssl/SSLContextImpl$DefaultManagersHolder
instanceKlass sun/security/util/Cache
instanceKlass sun/security/ssl/SSLSessionContextImpl
instanceKlass javax/net/ssl/SSLSessionContext
instanceKlass sun/security/ssl/EphemeralKeyManager$EphemeralKeyPair
instanceKlass sun/security/ssl/EphemeralKeyManager
instanceKlass sun/security/ssl/SSLContextImpl$CustomizedSSLProtocols
instanceKlass java/security/spec/NamedParameterSpec
instanceKlass sun/security/util/ECKeySizeParameterSpec
instanceKlass java/security/AlgorithmParametersSpi
instanceKlass java/security/AlgorithmParameters
instanceKlass sun/security/util/ECUtil
instanceKlass java/security/KeyPairGeneratorSpi
instanceKlass java/security/KeyFactorySpi
instanceKlass java/security/KeyFactory
instanceKlass javax/crypto/KeyAgreement
instanceKlass java/security/Signature$1
instanceKlass jdk/internal/access/JavaSecuritySignatureAccess
instanceKlass java/security/SignatureSpi
instanceKlass sun/security/ssl/JsseJce$EcAvailability
instanceKlass sun/security/ssl/SSLAlgorithmDecomposer$1
instanceKlass sun/security/ssl/Utilities
instanceKlass sun/security/ssl/JsseJce
instanceKlass sun/security/ssl/NamedGroup$XDHScheme
instanceKlass sun/security/ssl/NamedGroup$FFDHEScheme
instanceKlass sun/security/ssl/NamedGroup$ECDHEScheme
instanceKlass sun/security/ssl/NamedGroup$NamedGroupScheme
instanceKlass sun/security/ssl/SSLCipher$1
instanceKlass sun/security/ssl/SSLCipher$T13CC20P1305WriteCipherGenerator
instanceKlass sun/security/ssl/SSLCipher$T12CC20P1305WriteCipherGenerator
instanceKlass sun/security/ssl/SSLCipher$T13CC20P1305ReadCipherGenerator
instanceKlass sun/security/ssl/SSLCipher$T12CC20P1305ReadCipherGenerator
instanceKlass sun/security/ssl/SSLCipher$T13GcmWriteCipherGenerator
instanceKlass sun/security/ssl/SSLCipher$T13GcmReadCipherGenerator
instanceKlass sun/security/ssl/SSLCipher$T12GcmWriteCipherGenerator
instanceKlass sun/security/ssl/SSLCipher$T12GcmReadCipherGenerator
instanceKlass com/sun/crypto/provider/AESConstants
instanceKlass java/util/Vector$1
instanceKlass  @bci javax/crypto/JceSecurityManager <clinit> ()V 67 <appendix> argL0 ; # javax/crypto/JceSecurityManager$$Lambda+0x0000028b9b3df2f0
instanceKlass  @bci javax/crypto/JceSecurityManager <clinit> ()V 49 <appendix> argL0 ; # javax/crypto/JceSecurityManager$$Lambda+0x0000028b9b3df0d0
instanceKlass javax/crypto/JceSecurityManager
instanceKlass sun/security/ssl/SSLCipher$T11BlockWriteCipherGenerator
instanceKlass sun/security/ssl/SSLCipher$T11BlockReadCipherGenerator
instanceKlass com/sun/crypto/provider/PKCS5Padding
instanceKlass com/sun/crypto/provider/Padding
instanceKlass com/sun/crypto/provider/FeedbackCipher
instanceKlass com/sun/crypto/provider/SymmetricCipher
instanceKlass com/sun/crypto/provider/DESConstants
instanceKlass com/sun/crypto/provider/CipherCore
instanceKlass sun/security/ssl/SSLCipher$T10BlockWriteCipherGenerator
instanceKlass sun/security/ssl/SSLCipher$T10BlockReadCipherGenerator
instanceKlass javax/crypto/CipherSpi
instanceKlass  @bci javax/crypto/ProviderVerifier isTrustedModule ()Z 61 <appendix> argL0 ; # javax/crypto/ProviderVerifier$$Lambda+0x0000028b9b3dc818
instanceKlass javax/crypto/ProviderVerifier$1
instanceKlass javax/crypto/ProviderVerifier
instanceKlass javax/crypto/JceSecurity$3
instanceKlass javax/crypto/JceSecurity$2
instanceKlass java/net/spi/URLStreamHandlerProvider
instanceKlass java/net/URL$1
instanceKlass java/net/URL$2
instanceKlass jdk/internal/misc/ThreadTracker
instanceKlass java/net/URL$ThreadTrackHolder
instanceKlass javax/crypto/CryptoPolicyParser$CryptoPermissionEntry
instanceKlass javax/crypto/CryptoPolicyParser$GrantEntry
instanceKlass java/io/StreamTokenizer
instanceKlass javax/crypto/CryptoPolicyParser
instanceKlass java/nio/file/Files$1
instanceKlass sun/nio/fs/WindowsFileSystem$2
instanceKlass java/nio/file/PathMatcher
instanceKlass sun/nio/fs/Globs
instanceKlass sun/nio/fs/WindowsFileSystemProvider$1
instanceKlass javax/crypto/JceSecurity$1
instanceKlass javax/crypto/JceSecurity
instanceKlass sun/security/jca/ProviderList$ServiceIterator
instanceKlass sun/security/jca/ServiceId
instanceKlass javax/crypto/Cipher$Transform
instanceKlass javax/crypto/Cipher
instanceKlass sun/security/ssl/SSLCipher$StreamWriteCipherGenerator
instanceKlass sun/security/ssl/SSLCipher$StreamReadCipherGenerator
instanceKlass sun/security/ssl/SSLCipher$NullWriteCipherGenerator
instanceKlass sun/security/ssl/SSLCipher$WriteCipherGenerator
instanceKlass sun/security/ssl/SSLCipher$NullReadCipherGenerator
instanceKlass sun/security/ssl/SSLCipher$ReadCipherGenerator
instanceKlass sun/security/util/DisabledAlgorithmConstraints$Constraints$Holder
instanceKlass sun/security/util/DisabledAlgorithmConstraints$Constraint
instanceKlass sun/security/util/DisabledAlgorithmConstraints$Constraints
instanceKlass sun/security/util/AbstractAlgorithmConstraints$1
instanceKlass sun/security/util/AlgorithmDecomposer
instanceKlass sun/security/util/AbstractAlgorithmConstraints
instanceKlass sun/security/ssl/SSLAlgorithmConstraints
instanceKlass java/security/AlgorithmConstraints
instanceKlass sun/security/ssl/SSLLogger
instanceKlass javax/net/ssl/SSLContextSpi
instanceKlass javax/net/ssl/SSLContext
instanceKlass  @bci javax/net/ssl/SSLSocketFactory getSecurityProperty (Ljava/lang/String;)Ljava/lang/String; 1 <appendix> member <vmtarget> ; # javax/net/ssl/SSLSocketFactory$$Lambda+0x0000028b9b3d1298
instanceKlass javax/net/ssl/SSLSocketFactory$DefaultFactoryHolder
instanceKlass org/eclipse/angus/mail/util/ASCIIUtility
instanceKlass java/net/InetAddress$CachedLocalHost
instanceKlass javax/net/SocketFactory
instanceKlass org/eclipse/angus/mail/util/SocketFetcher
instanceKlass org/eclipse/angus/mail/smtp/SMTPTransport$Authenticator
instanceKlass org/eclipse/angus/mail/util/MailLogger
instanceKlass jakarta/mail/URLName
instanceKlass jakarta/activation/ActivationDataFlavor
instanceKlass jakarta/activation/DataContentHandler
instanceKlass jakarta/mail/Multipart
instanceKlass jakarta/activation/DataSource
instanceKlass jakarta/mail/BodyPart
instanceKlass org/springframework/mail/javamail/MimeMessageHelper
instanceKlass jakarta/mail/Header
instanceKlass jakarta/mail/internet/MimeUtility
instanceKlass jakarta/mail/internet/InternetHeaders
instanceKlass jakarta/mail/EventQueue
instanceKlass jakarta/mail/Session$3
instanceKlass jakarta/mail/Session$6
instanceKlass org/eclipse/angus/mail/util/PropUtil
instanceKlass jakarta/mail/Session$9
instanceKlass jakarta/mail/Session$7
instanceKlass jakarta/mail/Session$4
instanceKlass org/eclipse/angus/mail/util/DefaultProvider
instanceKlass org/eclipse/angus/mail/iap/ResponseHandler
instanceKlass jakarta/mail/QuotaAwareStore
instanceKlass jakarta/mail/Provider$Type
instanceKlass jakarta/mail/Provider
instanceKlass jakarta/mail/Session$5
instanceKlass jakarta/mail/Session$2
instanceKlass jakarta/mail/MailLogger
instanceKlass jakarta/mail/util/LineInputStream
instanceKlass jakarta/mail/util/LineOutputStream
instanceKlass jakarta/mail/internet/SharedInputStream
instanceKlass org/eclipse/angus/mail/util/MailStreamProvider
instanceKlass jakarta/mail/util/FactoryFinder
instanceKlass jakarta/mail/util/StreamProvider
instanceKlass jakarta/mail/Session$1
instanceKlass jakarta/mail/StreamLoader
instanceKlass jakarta/mail/Flags$Flag
instanceKlass jakarta/mail/Flags
instanceKlass jakarta/activation/DataHandler
instanceKlass jakarta/mail/Message$RecipientType
instanceKlass jakarta/mail/Address
instanceKlass org/springframework/mail/javamail/MimeMailMessage
instanceKlass com/fasterxml/jackson/core/io/NumberInput
instanceKlass com/fasterxml/jackson/databind/deser/std/BaseNodeDeserializer$ContainerStack
instanceKlass com/fasterxml/jackson/databind/annotation/JsonTypeResolver
instanceKlass com/fasterxml/jackson/databind/util/LinkedNode
instanceKlass com/fasterxml/jackson/databind/util/internal/PrivateMaxEntriesMap$AddTask
instanceKlass com/fasterxml/jackson/databind/util/internal/PrivateMaxEntriesMap$WeightedValue
instanceKlass com/fasterxml/jackson/databind/util/ArrayIterator
instanceKlass com/fasterxml/jackson/core/util/JacksonFeatureSet
instanceKlass com/fasterxml/jackson/core/JsonStreamContext
instanceKlass com/fasterxml/jackson/core/util/TextBuffer
instanceKlass com/fasterxml/jackson/core/io/IOContext
instanceKlass com/fasterxml/jackson/core/util/BufferRecycler
instanceKlass com/fasterxml/jackson/core/util/BufferRecyclers
instanceKlass com/fasterxml/jackson/core/io/ContentReference
instanceKlass org/springframework/messaging/handler/annotation/Payload
instanceKlass org/springframework/messaging/support/MessageHeaderAccessor
instanceKlass org/springframework/messaging/handler/annotation/Headers
instanceKlass org/springframework/messaging/handler/annotation/Header
instanceKlass org/springframework/messaging/support/MessageBuilder
instanceKlass  @bci org/springframework/kafka/support/converter/MessageConverter commonHeaders (Ljava/lang/Object;Ljava/lang/Object;Ljava/util/Map;Ljava/lang/Object;Ljava/lang/Object;Ljava/lang/Object;Ljava/lang/Object;Ljava/lang/Object;Ljava/lang/Object;)V 101 <appendix> member <vmtarget> ; # org/springframework/kafka/support/converter/MessageConverter$$Lambda+0x0000028b9b4d3888
instanceKlass  @bci org/springframework/kafka/support/converter/MessageConverter commonHeaders (Ljava/lang/Object;Ljava/lang/Object;Ljava/util/Map;Ljava/lang/Object;Ljava/lang/Object;Ljava/lang/Object;Ljava/lang/Object;Ljava/lang/Object;Ljava/lang/Object;)V 89 <appendix> member <vmtarget> ; # org/springframework/kafka/support/converter/MessageConverter$$Lambda+0x0000028b9b4d3650
instanceKlass  @bci org/springframework/kafka/support/converter/MessageConverter commonHeaders (Ljava/lang/Object;Ljava/lang/Object;Ljava/util/Map;Ljava/lang/Object;Ljava/lang/Object;Ljava/lang/Object;Ljava/lang/Object;Ljava/lang/Object;Ljava/lang/Object;)V 77 <appendix> member <vmtarget> ; # org/springframework/kafka/support/converter/MessageConverter$$Lambda+0x0000028b9b4d3418
instanceKlass  @bci org/springframework/kafka/support/converter/MessageConverter commonHeaders (Ljava/lang/Object;Ljava/lang/Object;Ljava/util/Map;Ljava/lang/Object;Ljava/lang/Object;Ljava/lang/Object;Ljava/lang/Object;Ljava/lang/Object;Ljava/lang/Object;)V 63 <appendix> member <vmtarget> ; # org/springframework/kafka/support/converter/MessageConverter$$Lambda+0x0000028b9b4d31e0
instanceKlass org/apache/kafka/common/header/internals/RecordHeaders$1
instanceKlass  @bci org/springframework/kafka/support/DefaultKafkaHeaderMapper toHeaders (Lorg/apache/kafka/common/header/Headers;Ljava/util/Map;)V 10 <appendix> member <vmtarget> ; # org/springframework/kafka/support/DefaultKafkaHeaderMapper$$Lambda+0x0000028b9b4d2d40
instanceKlass org/springframework/kafka/listener/KafkaMessageListenerContainer$1
instanceKlass io/micrometer/observation/SimpleObservationRegistry
instanceKlass io/micrometer/common/util/internal/logging/AbstractInternalLogger
instanceKlass io/micrometer/common/util/internal/logging/InternalLogger
instanceKlass io/micrometer/common/util/internal/logging/InternalLoggerFactory
instanceKlass io/micrometer/observation/Observation$Scope$1
instanceKlass io/micrometer/observation/SimpleObservation$SimpleScope
instanceKlass io/micrometer/observation/Observation$Scope
instanceKlass io/micrometer/observation/NoopButScopeHandlingObservation
instanceKlass io/micrometer/observation/Observation$1
instanceKlass  @bci org/springframework/kafka/listener/KafkaMessageListenerContainer$ListenerConsumer doInvokeRecordListener (Lorg/apache/kafka/clients/consumer/ConsumerRecord;Ljava/util/Iterator;)Ljava/lang/RuntimeException; 20 <appendix> member <vmtarget> ; # org/springframework/kafka/listener/KafkaMessageListenerContainer$ListenerConsumer$$Lambda+0x0000028b9b4d0400
instanceKlass  @bci io/micrometer/observation/ObservationConvention <clinit> ()V 0 <appendix> argL0 ; # io/micrometer/observation/ObservationConvention$$Lambda+0x0000028b9b4cf830
instanceKlass org/springframework/kafka/support/micrometer/KafkaListenerObservation$DefaultKafkaListenerObservationConvention
instanceKlass io/micrometer/observation/Observation$Event
instanceKlass io/micrometer/common/docs/KeyName
instanceKlass io/micrometer/observation/docs/ObservationDocumentation
instanceKlass  @bci org/springframework/kafka/listener/KafkaMessageListenerContainer$ListenerConsumer doInvokeWithRecords (Lorg/apache/kafka/clients/consumer/ConsumerRecords;)V 60 <appendix> member <vmtarget> ; # org/springframework/kafka/listener/KafkaMessageListenerContainer$ListenerConsumer$$Lambda+0x0000028b9b4cdf38
instanceKlass org/apache/kafka/clients/consumer/ConsumerRecords$ConcatenatedIterable
instanceKlass  @bci org/springframework/kafka/listener/KafkaMessageListenerContainer$ListenerConsumer debugRecords (Lorg/apache/kafka/clients/consumer/ConsumerRecords;)V 29 <appendix> member <vmtarget> ; # org/springframework/kafka/listener/KafkaMessageListenerContainer$ListenerConsumer$$Lambda+0x0000028b9b4cd840
instanceKlass org/apache/kafka/common/header/internals/RecordHeaders
instanceKlass org/apache/kafka/common/record/DefaultRecord
instanceKlass org/apache/kafka/common/record/Record
instanceKlass org/apache/kafka/common/record/DefaultRecordBatch$RecordIterator
instanceKlass org/apache/kafka/common/utils/Checksums
instanceKlass java/util/zip/CRC32C
instanceKlass org/apache/kafka/common/utils/Crc32C
instanceKlass org/apache/kafka/common/utils/CloseableIterator
instanceKlass org/apache/kafka/common/record/AbstractRecordBatch
instanceKlass  @bci org/apache/kafka/clients/NetworkClient$DefaultMetadataUpdater handleServerDisconnect (JLjava/lang/String;Ljava/util/Optional;)V 80 <appendix> member <vmtarget> ; # org/apache/kafka/clients/NetworkClient$DefaultMetadataUpdater$$Lambda+0x0000028b9b4ca740
instanceKlass  @bci org/apache/kafka/clients/InFlightRequests clearAll (Ljava/lang/String;)Ljava/lang/Iterable; 57 <appendix> member <vmtarget> ; # org/apache/kafka/clients/InFlightRequests$$Lambda+0x0000028b9b4ca4f8
instanceKlass org/apache/kafka/clients/NetworkClient$1
instanceKlass org/apache/kafka/clients/consumer/internals/AbstractCoordinator$HeartbeatThread$1
instanceKlass  @bci org/springframework/kafka/listener/KafkaMessageListenerContainer$ListenerConsumer resumePartitionsIfNecessary ()V 19 <appendix> member <vmtarget> ; # org/springframework/kafka/listener/KafkaMessageListenerContainer$ListenerConsumer$$Lambda+0x0000028b9b4c9a10
instanceKlass  @bci org/springframework/kafka/listener/KafkaMessageListenerContainer$ListenerConsumer checkIdlePartitions ()V 12 <appendix> member <vmtarget> ; # org/springframework/kafka/listener/KafkaMessageListenerContainer$ListenerConsumer$$Lambda+0x0000028b9b4c97d8
instanceKlass  @bci org/springframework/kafka/listener/KafkaMessageListenerContainer$ListenerConsumer debugRecords (Lorg/apache/kafka/clients/consumer/ConsumerRecords;)V 9 <appendix> member <vmtarget> ; # org/springframework/kafka/listener/KafkaMessageListenerContainer$ListenerConsumer$$Lambda+0x0000028b9b4c95b0
instanceKlass java/util/AbstractMap$ValueIterator
instanceKlass  @bci org/apache/kafka/clients/consumer/internals/Fetch addRecords (Ljava/util/Map;)V 2 <appendix> member <vmtarget> ; # org/apache/kafka/clients/consumer/internals/Fetch$$Lambda+0x0000028b9b4c9378
instanceKlass  @bci org/apache/kafka/clients/consumer/internals/FetchMetricsManager recordPartitionLead (Lorg/apache/kafka/common/TopicPartition;J)V 35 <appendix> member <vmtarget> ; # org/apache/kafka/clients/consumer/internals/FetchMetricsManager$$Lambda+0x0000028b9b4c9150
instanceKlass org/apache/kafka/common/metrics/stats/Value
instanceKlass  @bci org/apache/kafka/clients/consumer/internals/FetchMetricsManager recordPartitionLag (Lorg/apache/kafka/common/TopicPartition;J)V 34 <appendix> member <vmtarget> ; # org/apache/kafka/clients/consumer/internals/FetchMetricsManager$$Lambda+0x0000028b9b4c8cd0
instanceKlass  @bci org/apache/kafka/clients/consumer/internals/FetchMetricsManager recordRecordsFetched (Ljava/lang/String;I)V 22 <appendix> member <vmtarget> ; # org/apache/kafka/clients/consumer/internals/FetchMetricsManager$$Lambda+0x0000028b9b4c8aa8
instanceKlass  @bci org/apache/kafka/clients/consumer/internals/FetchMetricsManager recordBytesFetched (Ljava/lang/String;I)V 22 <appendix> member <vmtarget> ; # org/apache/kafka/clients/consumer/internals/FetchMetricsManager$$Lambda+0x0000028b9b4c8880
instanceKlass  @bci org/apache/kafka/clients/consumer/internals/FetchMetricsAggregator record (Lorg/apache/kafka/common/TopicPartition;II)V 17 <appendix> argL0 ; # org/apache/kafka/clients/consumer/internals/FetchMetricsAggregator$$Lambda+0x0000028b9b4c8640
instanceKlass org/apache/kafka/common/record/MutableRecordBatch
instanceKlass org/apache/kafka/common/record/ByteBufferLogInputStream
instanceKlass org/apache/kafka/clients/consumer/internals/FetchMetricsAggregator$FetchMetrics
instanceKlass org/apache/kafka/clients/consumer/internals/FetchMetricsAggregator
instanceKlass  @bci org/apache/kafka/common/requests/FetchResponse topicIds ()Ljava/util/Set; 22 <appendix> argL0 ; # org/apache/kafka/common/requests/FetchResponse$$Lambda+0x0000028b9b4c75e0
instanceKlass  @bci org/apache/kafka/common/requests/FetchResponse topicIds ()Ljava/util/Set; 12 <appendix> argL0 ; # org/apache/kafka/common/requests/FetchResponse$$Lambda+0x0000028b9b4c73a0
instanceKlass  @bci org/apache/kafka/common/requests/FetchResponse lambda$responseData$1 (SLjava/util/Map;Ljava/util/LinkedHashMap;Lorg/apache/kafka/common/message/FetchResponseData$FetchableTopicResponse;)V 42 <appendix> member <vmtarget> ; # org/apache/kafka/common/requests/FetchResponse$$Lambda+0x0000028b9b4c7168
instanceKlass  @bci org/apache/kafka/common/requests/FetchResponse responseData (Ljava/util/Map;S)Ljava/util/LinkedHashMap; 18 <appendix> form vmentry <vmtarget> ; # java/lang/invoke/LambdaForm$DMH+0x0000028b9b4c3800
instanceKlass  @bci org/apache/kafka/common/requests/FetchResponse responseData (Ljava/util/Map;S)Ljava/util/LinkedHashMap; 18 <appendix> member <vmtarget> ; # org/apache/kafka/common/requests/FetchResponse$$Lambda+0x0000028b9b4c6f30
instanceKlass  @cpi org/apache/kafka/common/requests/FetchResponse 96 form vmentry <vmtarget> ; # java/lang/invoke/LambdaForm$DMH+0x0000028b9b4c3400
instanceKlass  @bci org/apache/kafka/common/record/MemoryRecords <init> (Ljava/nio/ByteBuffer;)V 6 <appendix> member <vmtarget> ; # org/apache/kafka/common/record/MemoryRecords$$Lambda+0x0000028b9b4c6918
instanceKlass  @bci org/apache/kafka/common/record/AbstractRecords <init> ()V 6 <appendix> member <vmtarget> ; # org/apache/kafka/common/record/AbstractRecords$$Lambda+0x0000028b9b4c66d0
instanceKlass org/apache/kafka/common/utils/AbstractIterator
instanceKlass org/apache/kafka/common/record/LogInputStream
instanceKlass org/apache/kafka/common/compress/Compression
instanceKlass org/apache/kafka/common/record/RecordBatch
instanceKlass org/apache/kafka/common/record/RecordsSend
instanceKlass org/apache/kafka/common/record/AbstractRecords
instanceKlass org/apache/kafka/common/record/Records
instanceKlass org/apache/kafka/common/record/TransferableRecords
instanceKlass  @bci org/apache/kafka/common/requests/FetchRequest$Builder build (S)Lorg/apache/kafka/common/requests/FetchRequest; 148 <appendix> member <vmtarget> ; # org/apache/kafka/common/requests/FetchRequest$Builder$$Lambda+0x0000028b9b4c4af8
instanceKlass  @bci org/apache/kafka/common/requests/FetchRequest$Builder addToForgottenTopicMap (Ljava/util/List;Ljava/util/Map;)V 2 <appendix> member <vmtarget> ; # org/apache/kafka/common/requests/FetchRequest$Builder$$Lambda+0x0000028b9b4c48c0
instanceKlass org/apache/kafka/common/TopicIdPartition
instanceKlass org/apache/kafka/clients/consumer/internals/Fetcher$1
instanceKlass org/apache/kafka/common/requests/FetchRequest$PartitionData
instanceKlass org/apache/kafka/common/requests/FetchMetadata
instanceKlass  @bci org/apache/kafka/clients/consumer/internals/AbstractFetch lambda$prepareFetchRequests$6 (Lorg/apache/kafka/common/Node;Lorg/apache/kafka/common/Node;)Lorg/apache/kafka/clients/FetchSessionHandler$Builder; 12 <appendix> member <vmtarget> ; # org/apache/kafka/clients/consumer/internals/AbstractFetch$$Lambda+0x0000028b9b4bfcb8
instanceKlass org/apache/kafka/clients/FetchSessionHandler
instanceKlass  @bci org/apache/kafka/clients/consumer/internals/AbstractFetch prepareFetchRequests ()Ljava/util/Map; 268 <appendix> member <vmtarget> ; # org/apache/kafka/clients/consumer/internals/AbstractFetch$$Lambda+0x0000028b9b4bf810
instanceKlass org/apache/kafka/clients/FetchSessionHandler$Builder
instanceKlass  @bci org/apache/kafka/clients/consumer/internals/FetchMetricsManager maybeUpdateAssignment (Lorg/apache/kafka/clients/consumer/internals/SubscriptionState;)V 216 <appendix> member <vmtarget> ; # org/apache/kafka/clients/consumer/internals/FetchMetricsManager$$Lambda+0x0000028b9b4bf3c8
instanceKlass java/util/AbstractMap$SimpleEntry
instanceKlass  @bci org/springframework/kafka/listener/KafkaMessageListenerContainer$ListenerConsumer$ListenerConsumerRebalanceListener onPartitionsAssigned (Ljava/util/Collection;)V 180 <appendix> member <vmtarget> ; # org/springframework/kafka/listener/KafkaMessageListenerContainer$ListenerConsumer$ListenerConsumerRebalanceListener$$Lambda+0x0000028b9b4bf1a0
instanceKlass  @bci org/springframework/kafka/listener/AbstractMessageListenerContainer$1 onPartitionsAssigned (Ljava/util/Collection;)V 9 <appendix> member <vmtarget> ; # org/springframework/kafka/listener/AbstractMessageListenerContainer$1$$Lambda+0x0000028b9b4bef78
instanceKlass  @bci org/apache/kafka/clients/consumer/internals/SubscriptionState partitionsNeedingReset (J)Ljava/util/Set; 2 <appendix> member <vmtarget> ; # org/apache/kafka/clients/consumer/internals/SubscriptionState$$Lambda+0x0000028b9b4bed28
instanceKlass  @bci org/apache/kafka/clients/consumer/internals/SubscriptionState resetInitializingPositions (Ljava/util/function/Predicate;)V 15 <appendix> member <vmtarget> ; # org/apache/kafka/clients/consumer/internals/SubscriptionState$$Lambda+0x0000028b9b4beaf0
instanceKlass  @bci org/apache/kafka/clients/consumer/internals/SubscriptionState resetInitializingPositions ()V 1 <appendix> argL0 ; # org/apache/kafka/clients/consumer/internals/SubscriptionState$$Lambda+0x0000028b9b4be8a0
instanceKlass  @bci org/apache/kafka/clients/consumer/internals/SubscriptionState$FetchPosition toString ()Ljava/lang/String; 18 <adapter> ; # java/lang/invoke/LambdaForm$MH+0x0000028b9b4c3000
# instanceKlass java/lang/invoke/LambdaForm$DMH+0x0000028b9b4c2c00
instanceKlass  @bci org/apache/kafka/clients/consumer/internals/SubscriptionState$FetchPosition toString ()Ljava/lang/String; 18 <appendix> form vmentry <vmtarget> ; # java/lang/invoke/LambdaForm$MH+0x0000028b9b4c2800
# instanceKlass java/lang/invoke/LambdaForm$MH+0x0000028b9b4c2400
instanceKlass  @bci org/apache/kafka/clients/consumer/internals/SubscriptionState$FetchPosition toString ()Ljava/lang/String; 18 <appendix> argL3 form vmentry <vmtarget> ; # java/lang/invoke/LambdaForm$MH+0x0000028b9b4c2000
# instanceKlass java/lang/invoke/LambdaForm$MH+0x0000028b9b4c1c00
# instanceKlass java/lang/invoke/LambdaForm$MH+0x0000028b9b4c1800
# instanceKlass java/lang/invoke/LambdaForm$MH+0x0000028b9b4c1400
# instanceKlass java/lang/invoke/LambdaForm$MH+0x0000028b9b4c1000
# instanceKlass java/lang/invoke/LambdaForm$MH+0x0000028b9b4c0c00
# instanceKlass java/lang/invoke/LambdaForm$MH+0x0000028b9b4c0800
instanceKlass  @bci org/apache/kafka/clients/consumer/internals/SubscriptionState$FetchPosition toString ()Ljava/lang/String; 18 <appendix> form names 12 function resolvedHandle form vmentry <vmtarget> ; # java/lang/invoke/LambdaForm$DMH+0x0000028b9b4c0400
instanceKlass  @bci org/apache/kafka/clients/consumer/internals/SubscriptionState$FetchPosition toString ()Ljava/lang/String; 18 <appendix> argL1 form vmentry <vmtarget> ; # java/lang/invoke/LambdaForm$MH+0x0000028b9b4c0000
# instanceKlass java/lang/invoke/LambdaForm$MH+0x0000028b9b4bdc00
instanceKlass  @bci org/apache/kafka/clients/consumer/internals/SubscriptionState$FetchPosition toString ()Ljava/lang/String; 18 <appendix> argL1 argL0 form vmentry <vmtarget> ; # java/lang/invoke/LambdaForm$MH+0x0000028b9b4bd800
# instanceKlass java/lang/invoke/LambdaForm$MH+0x0000028b9b4bd400
# instanceKlass java/lang/invoke/LambdaForm$MH+0x0000028b9b4bd000
# instanceKlass java/lang/invoke/LambdaForm$MH+0x0000028b9b4bcc00
# instanceKlass java/lang/invoke/LambdaForm$MH+0x0000028b9b4bc800
instanceKlass  @bci org/apache/kafka/clients/Metadata$LeaderAndEpoch toString ()Ljava/lang/String; 11 <appendix> argL0 ; # org/apache/kafka/clients/Metadata$LeaderAndEpoch$$Lambda+0x0000028b9b4be660
instanceKlass  @bci org/apache/kafka/clients/consumer/internals/SubscriptionState$TopicPartitionState validatePosition (Lorg/apache/kafka/clients/consumer/internals/SubscriptionState$FetchPosition;)V 46 <appendix> member <vmtarget> ; # org/apache/kafka/clients/consumer/internals/SubscriptionState$TopicPartitionState$$Lambda+0x0000028b9b4be438
instanceKlass  @bci org/apache/kafka/clients/consumer/internals/SubscriptionState$TopicPartitionState seekValidated (Lorg/apache/kafka/clients/consumer/internals/SubscriptionState$FetchPosition;)V 6 <appendix> member <vmtarget> ; # org/apache/kafka/clients/consumer/internals/SubscriptionState$TopicPartitionState$$Lambda+0x0000028b9b4be210
instanceKlass org/apache/kafka/clients/Metadata$LeaderAndEpoch
instanceKlass  @bci org/apache/kafka/clients/Metadata currentLeader (Lorg/apache/kafka/common/TopicPartition;)Lorg/apache/kafka/clients/Metadata$LeaderAndEpoch; 67 <appendix> member <vmtarget> ; # org/apache/kafka/clients/Metadata$$Lambda+0x0000028b9b4bbc70
instanceKlass  @cpi org/apache/kafka/clients/Metadata 336 form vmentry <vmtarget> ; # java/lang/invoke/LambdaForm$DMH+0x0000028b9b4bc400
instanceKlass  @bci org/apache/kafka/clients/Metadata partitionMetadataIfCurrent (Lorg/apache/kafka/common/TopicPartition;)Ljava/util/Optional; 31 <appendix> member <vmtarget> ; # org/apache/kafka/clients/Metadata$$Lambda+0x0000028b9b4bba18
instanceKlass  @bci org/apache/kafka/clients/consumer/internals/ConsumerUtils refreshCommittedOffsets (Ljava/util/Map;Lorg/apache/kafka/clients/consumer/internals/ConsumerMetadata;Lorg/apache/kafka/clients/consumer/internals/SubscriptionState;)V 77 <appendix> member <vmtarget> ; # org/apache/kafka/clients/consumer/internals/ConsumerUtils$$Lambda+0x0000028b9b4bb7e0
instanceKlass  @bci org/apache/kafka/clients/consumer/internals/SubscriptionState initializingPartitions ()Ljava/util/Set; 1 <appendix> argL0 ; # org/apache/kafka/clients/consumer/internals/SubscriptionState$$Lambda+0x0000028b9b4bb590
instanceKlass  @bci org/apache/kafka/clients/consumer/internals/OffsetFetcher validatePositionsAsync (Ljava/util/Map;)V 24 <appendix> member <vmtarget> ; # org/apache/kafka/clients/consumer/internals/OffsetFetcher$$Lambda+0x0000028b9b4bb358
instanceKlass  @cpi org/apache/kafka/clients/consumer/internals/OffsetFetcher 456 form vmentry <vmtarget> ; # java/lang/invoke/LambdaForm$DMH+0x0000028b9b4bc000
instanceKlass  @bci org/apache/kafka/clients/consumer/internals/OffsetFetcherUtils regroupFetchPositionsByLeader (Ljava/util/Map;)Ljava/util/Map; 31 <appendix> argL0 ; # org/apache/kafka/clients/consumer/internals/OffsetFetcherUtils$$Lambda+0x0000028b9b4bb118
instanceKlass  @bci org/apache/kafka/clients/consumer/internals/OffsetFetcherUtils regroupFetchPositionsByLeader (Ljava/util/Map;)Ljava/util/Map; 26 <appendix> argL0 ; # org/apache/kafka/clients/consumer/internals/OffsetFetcherUtils$$Lambda+0x0000028b9b4baed8
instanceKlass  @bci org/apache/kafka/clients/consumer/internals/OffsetFetcherUtils regroupFetchPositionsByLeader (Ljava/util/Map;)Ljava/util/Map; 21 <appendix> argL0 ; # org/apache/kafka/clients/consumer/internals/OffsetFetcherUtils$$Lambda+0x0000028b9b4bac98
instanceKlass  @bci org/apache/kafka/clients/consumer/internals/OffsetFetcherUtils regroupFetchPositionsByLeader (Ljava/util/Map;)Ljava/util/Map; 11 <appendix> argL0 ; # org/apache/kafka/clients/consumer/internals/OffsetFetcherUtils$$Lambda+0x0000028b9b4baa48
instanceKlass  @bci org/apache/kafka/clients/consumer/internals/OffsetFetcherUtils getPartitionsToValidate ()Ljava/util/Map; 66 <appendix> member <vmtarget> ; # org/apache/kafka/clients/consumer/internals/OffsetFetcherUtils$$Lambda+0x0000028b9b4ba800
instanceKlass org/apache/kafka/clients/consumer/internals/SubscriptionState$FetchPosition
instanceKlass  @bci org/apache/kafka/clients/consumer/internals/OffsetFetcherUtils getPartitionsToValidate ()Ljava/util/Map; 44 <appendix> member <vmtarget> ; # org/apache/kafka/clients/consumer/internals/OffsetFetcherUtils$$Lambda+0x0000028b9b4ba390
instanceKlass  @bci org/apache/kafka/clients/consumer/internals/SubscriptionState partitionsNeedingValidation (J)Ljava/util/Set; 2 <appendix> member <vmtarget> ; # org/apache/kafka/clients/consumer/internals/SubscriptionState$$Lambda+0x0000028b9b4ba140
instanceKlass  @bci org/apache/kafka/clients/consumer/internals/ClassicKafkaConsumer updateLastSeenEpochIfNewer (Lorg/apache/kafka/common/TopicPartition;Lorg/apache/kafka/clients/consumer/OffsetAndMetadata;)V 10 <appendix> member <vmtarget> ; # org/apache/kafka/clients/consumer/internals/ClassicKafkaConsumer$$Lambda+0x0000028b9b4b9f08
instanceKlass  @bci org/apache/kafka/clients/consumer/internals/ClassicKafkaConsumer committed (Ljava/util/Set;Ljava/time/Duration;)Ljava/util/Map; 67 <appendix> member <vmtarget> ; # org/apache/kafka/clients/consumer/internals/ClassicKafkaConsumer$$Lambda+0x0000028b9b4b9cd0
instanceKlass  @bci org/apache/kafka/common/requests/OffsetFetchResponse group (Ljava/lang/String;)Lorg/apache/kafka/common/message/OffsetFetchResponseData$OffsetFetchResponseGroup; 132 <appendix> argL0 ; # org/apache/kafka/common/requests/OffsetFetchResponse$$Lambda+0x0000028b9b4b9a90
instanceKlass  @bci org/apache/kafka/common/requests/OffsetFetchRequest$Builder lambda$throwIfMissingRequiredTopicIdentifiers$1 (SLorg/apache/kafka/common/message/OffsetFetchRequestData$OffsetFetchRequestGroup;)V 12 <appendix> member <vmtarget> ; # org/apache/kafka/common/requests/OffsetFetchRequest$Builder$$Lambda+0x0000028b9b4b9860
instanceKlass  @bci org/apache/kafka/common/requests/OffsetFetchRequest$Builder throwIfMissingRequiredTopicIdentifiers (S)V 14 <appendix> member <vmtarget> ; # org/apache/kafka/common/requests/OffsetFetchRequest$Builder$$Lambda+0x0000028b9b4b9630
instanceKlass org/apache/kafka/clients/consumer/internals/ConsumerCoordinator$PendingCommittedOffsetRequest
instanceKlass  @bci org/apache/kafka/clients/consumer/internals/ConsumerCoordinator lambda$sendOffsetFetchRequest$2 (Ljava/util/Map$Entry;)Lorg/apache/kafka/common/message/OffsetFetchRequestData$OffsetFetchRequestTopics; 33 <appendix> argL0 ; # org/apache/kafka/clients/consumer/internals/ConsumerCoordinator$$Lambda+0x0000028b9b4b8f80
instanceKlass  @bci org/apache/kafka/clients/consumer/internals/ConsumerCoordinator sendOffsetFetchRequest (Ljava/util/Set;)Lorg/apache/kafka/clients/consumer/internals/RequestFuture; 58 <appendix> argL0 ; # org/apache/kafka/clients/consumer/internals/ConsumerCoordinator$$Lambda+0x0000028b9b4b8d40
instanceKlass  @bci java/util/stream/Collectors lambda$groupingBy$53 (Ljava/util/function/Function;Ljava/util/function/Supplier;Ljava/util/function/BiConsumer;Ljava/util/Map;Ljava/lang/Object;)V 20 <appendix> member <vmtarget> ; # java/util/stream/Collectors$$Lambda+0x0000028b9b3ce118
instanceKlass  @bci java/util/stream/Collectors groupingBy (Ljava/util/function/Function;Ljava/util/function/Supplier;Ljava/util/stream/Collector;)Ljava/util/stream/Collector; 19 <appendix> member <vmtarget> ; # java/util/stream/Collectors$$Lambda+0x0000028b9b3cdee0
instanceKlass  @bci java/util/stream/Collectors groupingBy (Ljava/util/function/Function;Ljava/util/stream/Collector;)Ljava/util/stream/Collector; 1 <appendix> argL0 ; # java/util/stream/Collectors$$Lambda+0x0000028b9b3c2be8
instanceKlass  @bci org/apache/kafka/clients/consumer/internals/ConsumerCoordinator sendOffsetFetchRequest (Ljava/util/Set;)Lorg/apache/kafka/clients/consumer/internals/RequestFuture; 32 <appendix> argL0 ; # org/apache/kafka/clients/consumer/internals/ConsumerCoordinator$$Lambda+0x0000028b9b4b8b00
instanceKlass  @bci org/springframework/kafka/listener/KafkaMessageListenerContainer$ListenerConsumer$ListenerConsumerRebalanceListener repauseIfNeeded (Ljava/util/Collection;)V 145 <appendix> member <vmtarget> ; # org/springframework/kafka/listener/KafkaMessageListenerContainer$ListenerConsumer$ListenerConsumerRebalanceListener$$Lambda+0x0000028b9b4b88c8
instanceKlass  @bci org/apache/kafka/common/internals/PartitionStates update (Ljava/util/Map;)V 46 <appendix> argL0 ; # org/apache/kafka/common/internals/PartitionStates$$Lambda+0x0000028b9b4b8688
instanceKlass org/apache/kafka/clients/consumer/internals/SubscriptionState$FetchState
instanceKlass org/apache/kafka/clients/consumer/internals/RequestFuture$2
instanceKlass  @bci org/apache/kafka/clients/consumer/internals/ConsumerProtocol serializeAssignment (Lorg/apache/kafka/clients/consumer/ConsumerPartitionAssignor$Assignment;S)Ljava/nio/ByteBuffer; 41 <appendix> member <vmtarget> ; # org/apache/kafka/clients/consumer/internals/ConsumerProtocol$$Lambda+0x0000028b9b4b78c8
instanceKlass org/apache/kafka/common/message/ConsumerProtocolAssignment$TopicPartition
instanceKlass org/apache/kafka/common/message/ConsumerProtocolAssignment
instanceKlass org/apache/kafka/clients/consumer/ConsumerPartitionAssignor$GroupAssignment
instanceKlass org/apache/kafka/clients/consumer/ConsumerPartitionAssignor$Assignment
instanceKlass  @bci org/apache/kafka/clients/consumer/RangeAssignor$TopicAssignmentState onAssigned (Ljava/lang/String;Ljava/util/List;)V 6 <appendix> member <vmtarget> ; # org/apache/kafka/clients/consumer/RangeAssignor$TopicAssignmentState$$Lambda+0x0000028b9b4b6868
instanceKlass  @bci org/apache/kafka/clients/consumer/RangeAssignor assignRanges (Lorg/apache/kafka/clients/consumer/RangeAssignor$TopicAssignmentState;Ljava/util/function/BiFunction;Ljava/util/Map;)V 63 <appendix> member <vmtarget> ; # org/apache/kafka/clients/consumer/RangeAssignor$$Lambda+0x0000028b9b4b6610
instanceKlass  @bci org/apache/kafka/clients/consumer/RangeAssignor lambda$assignPartitions$7 (Ljava/util/Map;Lorg/apache/kafka/clients/consumer/RangeAssignor$TopicAssignmentState;)V 2 <appendix> argL0 ; # org/apache/kafka/clients/consumer/RangeAssignor$$Lambda+0x0000028b9b4b63e0
instanceKlass  @bci org/apache/kafka/clients/consumer/RangeAssignor assignPartitions (Ljava/util/Map;Ljava/util/Map;)Ljava/util/Map; 125 <appendix> member <vmtarget> ; # org/apache/kafka/clients/consumer/RangeAssignor$$Lambda+0x0000028b9b4b61a8
instanceKlass  @bci org/apache/kafka/clients/consumer/RangeAssignor assignPartitions (Ljava/util/Map;Ljava/util/Map;)Ljava/util/Map; 95 <appendix> argL0 ; # org/apache/kafka/clients/consumer/RangeAssignor$$Lambda+0x0000028b9b4b5f58
instanceKlass  @bci org/apache/kafka/clients/consumer/RangeAssignor assignPartitions (Ljava/util/Map;Ljava/util/Map;)Ljava/util/Map; 78 <appendix> member <vmtarget> ; # org/apache/kafka/clients/consumer/RangeAssignor$$Lambda+0x0000028b9b4b5d20
instanceKlass  @bci org/apache/kafka/clients/consumer/RangeAssignor$TopicAssignmentState <init> (Lorg/apache/kafka/clients/consumer/RangeAssignor;Ljava/lang/String;Ljava/util/List;Ljava/util/List;Ljava/util/Map;)V 277 <appendix> member <vmtarget> ; # org/apache/kafka/clients/consumer/RangeAssignor$TopicAssignmentState$$Lambda+0x0000028b9b4b5ae8
instanceKlass  @bci org/apache/kafka/clients/consumer/RangeAssignor$TopicAssignmentState <init> (Lorg/apache/kafka/clients/consumer/RangeAssignor;Ljava/lang/String;Ljava/util/List;Ljava/util/List;Ljava/util/Map;)V 263 <appendix> member <vmtarget> ; # org/apache/kafka/clients/consumer/RangeAssignor$TopicAssignmentState$$Lambda+0x0000028b9b4b5890
instanceKlass  @bci org/apache/kafka/clients/consumer/RangeAssignor$TopicAssignmentState <init> (Lorg/apache/kafka/clients/consumer/RangeAssignor;Ljava/lang/String;Ljava/util/List;Ljava/util/List;Ljava/util/Map;)V 246 <appendix> argL0 ; # org/apache/kafka/clients/consumer/RangeAssignor$TopicAssignmentState$$Lambda+0x0000028b9b4b5650
instanceKlass  @bci org/apache/kafka/clients/consumer/RangeAssignor$TopicAssignmentState <init> (Lorg/apache/kafka/clients/consumer/RangeAssignor;Ljava/lang/String;Ljava/util/List;Ljava/util/List;Ljava/util/Map;)V 138 <appendix> argL0 ; # org/apache/kafka/clients/consumer/RangeAssignor$TopicAssignmentState$$Lambda+0x0000028b9b4b5410
instanceKlass  @bci org/apache/kafka/clients/consumer/RangeAssignor$TopicAssignmentState <init> (Lorg/apache/kafka/clients/consumer/RangeAssignor;Ljava/lang/String;Ljava/util/List;Ljava/util/List;Ljava/util/Map;)V 103 <appendix> argL0 ; # org/apache/kafka/clients/consumer/RangeAssignor$TopicAssignmentState$$Lambda+0x0000028b9b4b51f0
instanceKlass  @bci org/apache/kafka/clients/consumer/RangeAssignor$TopicAssignmentState <init> (Lorg/apache/kafka/clients/consumer/RangeAssignor;Ljava/lang/String;Ljava/util/List;Ljava/util/List;Ljava/util/Map;)V 93 <appendix> argL0 ; # org/apache/kafka/clients/consumer/RangeAssignor$TopicAssignmentState$$Lambda+0x0000028b9b4b4fb0
instanceKlass  @bci java/util/stream/Collectors mapMerger (Ljava/util/function/BinaryOperator;)Ljava/util/function/BinaryOperator; 1 <appendix> member <vmtarget> ; # java/util/stream/Collectors$$Lambda+0x0000028b9b3cdc90
instanceKlass  @bci java/util/stream/Collectors toMap (Ljava/util/function/Function;Ljava/util/function/Function;Ljava/util/function/BinaryOperator;Ljava/util/function/Supplier;)Ljava/util/stream/Collector; 3 <appendix> member <vmtarget> ; # java/util/stream/Collectors$$Lambda+0x0000028b9b367c30
instanceKlass  @bci org/apache/kafka/clients/consumer/RangeAssignor$TopicAssignmentState <init> (Lorg/apache/kafka/clients/consumer/RangeAssignor;Ljava/lang/String;Ljava/util/List;Ljava/util/List;Ljava/util/Map;)V 67 <appendix> argL0 ; # org/apache/kafka/clients/consumer/RangeAssignor$TopicAssignmentState$$Lambda+0x0000028b9b4b4d90
instanceKlass  @bci org/apache/kafka/clients/consumer/RangeAssignor$TopicAssignmentState <init> (Lorg/apache/kafka/clients/consumer/RangeAssignor;Ljava/lang/String;Ljava/util/List;Ljava/util/List;Ljava/util/Map;)V 62 <appendix> argL0 ; # org/apache/kafka/clients/consumer/RangeAssignor$TopicAssignmentState$$Lambda+0x0000028b9b4b4b48
instanceKlass  @bci org/apache/kafka/clients/consumer/RangeAssignor$TopicAssignmentState <init> (Lorg/apache/kafka/clients/consumer/RangeAssignor;Ljava/lang/String;Ljava/util/List;Ljava/util/List;Ljava/util/Map;)V 57 <appendix> member <vmtarget> ; # org/apache/kafka/clients/consumer/RangeAssignor$TopicAssignmentState$$Lambda+0x0000028b9b4b4900
instanceKlass  @bci org/apache/kafka/clients/consumer/RangeAssignor$TopicAssignmentState <init> (Lorg/apache/kafka/clients/consumer/RangeAssignor;Ljava/lang/String;Ljava/util/List;Ljava/util/List;Ljava/util/Map;)V 42 <appendix> argL0 ; # org/apache/kafka/clients/consumer/RangeAssignor$TopicAssignmentState$$Lambda+0x0000028b9b4b46c0
instanceKlass  @bci org/apache/kafka/clients/consumer/RangeAssignor assignPartitions (Ljava/util/Map;Ljava/util/Map;)Ljava/util/Map; 38 <appendix> member <vmtarget> ; # org/apache/kafka/clients/consumer/RangeAssignor$$Lambda+0x0000028b9b4b4478
instanceKlass org/apache/kafka/clients/consumer/RangeAssignor$TopicAssignmentState
instanceKlass  @bci org/apache/kafka/clients/consumer/RangeAssignor assignPartitions (Ljava/util/Map;Ljava/util/Map;)Ljava/util/Map; 24 <appendix> argL0 ; # org/apache/kafka/clients/consumer/RangeAssignor$$Lambda+0x0000028b9b4b4000
instanceKlass  @bci org/apache/kafka/clients/consumer/RangeAssignor lambda$consumerRacks$20 (Ljava/util/Map;Ljava/lang/String;Lorg/apache/kafka/clients/consumer/ConsumerPartitionAssignor$Subscription;)V 14 <appendix> member <vmtarget> ; # org/apache/kafka/clients/consumer/RangeAssignor$$Lambda+0x0000028b9b4afbe0
instanceKlass  @bci org/apache/kafka/clients/consumer/RangeAssignor lambda$consumerRacks$20 (Ljava/util/Map;Ljava/lang/String;Lorg/apache/kafka/clients/consumer/ConsumerPartitionAssignor$Subscription;)V 4 <appendix> argL0 ; # org/apache/kafka/clients/consumer/RangeAssignor$$Lambda+0x0000028b9b4af990
instanceKlass  @bci org/apache/kafka/clients/consumer/RangeAssignor consumerRacks (Ljava/util/Map;)Ljava/util/Map; 16 <appendix> member <vmtarget> ; # org/apache/kafka/clients/consumer/RangeAssignor$$Lambda+0x0000028b9b4af758
instanceKlass  @bci org/apache/kafka/clients/consumer/internals/AbstractPartitionAssignor put (Ljava/util/Map;Ljava/lang/Object;Ljava/lang/Object;)V 2 <appendix> argL0 ; # org/apache/kafka/clients/consumer/internals/AbstractPartitionAssignor$$Lambda+0x0000028b9b4af518
instanceKlass  @bci org/apache/kafka/clients/consumer/RangeAssignor lambda$consumersPerTopic$1 (Ljava/util/Map;Ljava/lang/String;Lorg/apache/kafka/clients/consumer/ConsumerPartitionAssignor$Subscription;)V 23 <appendix> member <vmtarget> ; # org/apache/kafka/clients/consumer/RangeAssignor$$Lambda+0x0000028b9b4af2e0
instanceKlass org/apache/kafka/clients/consumer/internals/AbstractPartitionAssignor$MemberInfo
instanceKlass  @bci org/apache/kafka/clients/consumer/RangeAssignor consumersPerTopic (Ljava/util/Map;)Ljava/util/Map; 10 <appendix> member <vmtarget> ; # org/apache/kafka/clients/consumer/RangeAssignor$$Lambda+0x0000028b9b4aee70
instanceKlass  @bci org/apache/kafka/clients/consumer/internals/AbstractPartitionAssignor assign (Lorg/apache/kafka/common/Cluster;Lorg/apache/kafka/clients/consumer/ConsumerPartitionAssignor$GroupSubscription;)Lorg/apache/kafka/clients/consumer/ConsumerPartitionAssignor$GroupAssignment; 149 <appendix> argL0 ; # org/apache/kafka/clients/consumer/internals/AbstractPartitionAssignor$$Lambda+0x0000028b9b4aec50
instanceKlass org/apache/kafka/clients/consumer/ConsumerPartitionAssignor$GroupSubscription
instanceKlass  @bci org/apache/kafka/common/telemetry/internals/ClientTelemetryProvider updateLabels (Ljava/util/Map;)V 57 <appendix> member <vmtarget> ; # org/apache/kafka/common/telemetry/internals/ClientTelemetryProvider$$Lambda+0x0000028b9b4ae808
instanceKlass  @bci org/apache/kafka/common/telemetry/internals/ClientTelemetryProvider updateLabels (Ljava/util/Map;)V 25 <appendix> argL0 ; # org/apache/kafka/common/telemetry/internals/ClientTelemetryProvider$$Lambda+0x0000028b9b4ae5c8
instanceKlass  @bci org/apache/kafka/common/telemetry/internals/ClientTelemetryProvider updateLabels (Ljava/util/Map;)V 20 <appendix> argL0 ; # org/apache/kafka/common/telemetry/internals/ClientTelemetryProvider$$Lambda+0x0000028b9b4ae388
instanceKlass  @bci org/apache/kafka/clients/consumer/internals/AbstractCoordinator$JoinGroupResponseHandler handle (Lorg/apache/kafka/common/requests/JoinGroupResponse;Lorg/apache/kafka/clients/consumer/internals/RequestFuture;)V 232 <appendix> member <vmtarget> ; # org/apache/kafka/clients/consumer/internals/AbstractCoordinator$JoinGroupResponseHandler$$Lambda+0x0000028b9b4ae150
instanceKlass  @bci org/apache/kafka/common/requests/FetchResponse responseData (Ljava/util/Map;S)Ljava/util/LinkedHashMap; 18 <adapter> ; # java/lang/invoke/LambdaForm$MH+0x0000028b9b4b3000
instanceKlass  @bci org/apache/kafka/clients/consumer/internals/AbstractCoordinator$Generation toString ()Ljava/lang/String; 12 <appendix> form vmentry <vmtarget> ; # java/lang/invoke/LambdaForm$MH+0x0000028b9b4b2c00
# instanceKlass java/lang/invoke/LambdaForm$MH+0x0000028b9b4b2800
instanceKlass  @bci org/apache/kafka/clients/consumer/internals/AbstractCoordinator$Generation toString ()Ljava/lang/String; 12 <appendix> form names 8 function resolvedHandle form vmentry <vmtarget> ; # java/lang/invoke/LambdaForm$DMH+0x0000028b9b4b2400
instanceKlass  @bci org/apache/kafka/clients/consumer/internals/AbstractCoordinator$Generation toString ()Ljava/lang/String; 12 <appendix> argL3 form vmentry <vmtarget> ; # java/lang/invoke/LambdaForm$MH+0x0000028b9b4b2000
# instanceKlass java/lang/invoke/LambdaForm$MH+0x0000028b9b4b1c00
# instanceKlass java/lang/invoke/LambdaForm$MH+0x0000028b9b4b1800
# instanceKlass java/lang/invoke/LambdaForm$MH+0x0000028b9b4b1400
# instanceKlass java/lang/invoke/LambdaForm$MH+0x0000028b9b4b1000
instanceKlass  @bci org/apache/kafka/clients/consumer/internals/AbstractCoordinator$Generation toString ()Ljava/lang/String; 12 <appendix> argL1 form vmentry <vmtarget> ; # java/lang/invoke/LambdaForm$MH+0x0000028b9b4b0c00
# instanceKlass java/lang/invoke/LambdaForm$MH+0x0000028b9b4b0800
# instanceKlass java/lang/invoke/LambdaForm$MH+0x0000028b9b4b0400
# instanceKlass java/lang/invoke/LambdaForm$MH+0x0000028b9b4b0000
instanceKlass  @bci org/apache/kafka/clients/consumer/internals/ConsumerCoordinator$MetadataSnapshot <init> (Ljava/util/Optional;Lorg/apache/kafka/clients/consumer/internals/SubscriptionState;Lorg/apache/kafka/common/Cluster;I)V 67 <appendix> member <vmtarget> ; # org/apache/kafka/clients/consumer/internals/ConsumerCoordinator$MetadataSnapshot$$Lambda+0x0000028b9b4adf08
instanceKlass org/apache/kafka/clients/consumer/internals/ConsumerCoordinator$PartitionRackInfo
instanceKlass java/util/concurrent/ConcurrentLinkedQueue$CLQSpliterator
instanceKlass  @bci org/apache/kafka/clients/consumer/internals/AbstractFetch hasAvailableFetches ()Z 5 <appendix> member <vmtarget> ; # org/apache/kafka/clients/consumer/internals/AbstractFetch$$Lambda+0x0000028b9b4adaa0
instanceKlass  @bci org/apache/kafka/clients/consumer/internals/ClassicKafkaConsumer pollForFetches (Lorg/apache/kafka/common/utils/Timer;)Lorg/apache/kafka/clients/consumer/internals/Fetch; 114 <appendix> member <vmtarget> ; # org/apache/kafka/clients/consumer/internals/ClassicKafkaConsumer$$Lambda+0x0000028b9b4ad878
instanceKlass  @bci org/apache/kafka/clients/consumer/internals/Fetcher sendFetches ()I 14 <appendix> member <vmtarget> ; # org/apache/kafka/clients/consumer/internals/Fetcher$$Lambda+0x0000028b9b4ad650
instanceKlass  @bci org/apache/kafka/clients/consumer/internals/Fetcher sendFetches ()I 8 <appendix> member <vmtarget> ; # org/apache/kafka/clients/consumer/internals/Fetcher$$Lambda+0x0000028b9b4ad428
instanceKlass org/apache/kafka/clients/FetchSessionHandler$FetchRequestData
instanceKlass org/apache/kafka/clients/consumer/internals/AbstractFetch$ResponseHandler
instanceKlass  @bci org/apache/kafka/clients/consumer/internals/SubscriptionState fetchablePartitions (Ljava/util/function/Predicate;)Ljava/util/List; 15 <appendix> member <vmtarget> ; # org/apache/kafka/clients/consumer/internals/SubscriptionState$$Lambda+0x0000028b9b4acdb0
instanceKlass  @bci org/apache/kafka/clients/consumer/internals/AbstractFetch fetchablePartitions (Ljava/util/Set;)Ljava/util/Set; 1 <appendix> member <vmtarget> ; # org/apache/kafka/clients/consumer/internals/AbstractFetch$$Lambda+0x0000028b9b4acb58
instanceKlass  @bci org/apache/kafka/clients/consumer/internals/FetchBuffer bufferedPartitions ()Ljava/util/Set; 53 <appendix> member <vmtarget> ; # org/apache/kafka/clients/consumer/internals/FetchBuffer$$Lambda+0x0000028b9b4ac920
instanceKlass  @bci org/apache/kafka/clients/consumer/internals/OffsetFetcherUtils validatePositionsOnMetadataChange ()V 28 <appendix> member <vmtarget> ; # org/apache/kafka/clients/consumer/internals/OffsetFetcherUtils$$Lambda+0x0000028b9b4ac6e8
instanceKlass org/apache/kafka/clients/consumer/internals/Fetch
instanceKlass org/apache/kafka/clients/consumer/internals/AbstractCoordinator$1
instanceKlass org/apache/kafka/common/utils/Bytes$LexicographicByteArrayComparator
instanceKlass org/apache/kafka/common/utils/Bytes$ByteArrayComparator
instanceKlass org/apache/kafka/common/utils/Bytes
instanceKlass org/apache/kafka/common/protocol/MessageUtil
instanceKlass  @bci org/apache/kafka/clients/consumer/internals/ConsumerProtocol serializeSubscription (Lorg/apache/kafka/clients/consumer/ConsumerPartitionAssignor$Subscription;S)Ljava/nio/ByteBuffer; 210 <appendix> member <vmtarget> ; # org/apache/kafka/clients/consumer/internals/ConsumerProtocol$$Lambda+0x0000028b9b4a7318
instanceKlass  @bci java/util/Comparator thenComparing (Ljava/util/Comparator;)Ljava/util/Comparator; 7 <appendix> member <vmtarget> ; # java/util/Comparator$$Lambda+0x0000028b9b3cd778
instanceKlass  @bci org/apache/kafka/clients/consumer/internals/ConsumerProtocol serializeSubscription (Lorg/apache/kafka/clients/consumer/ConsumerPartitionAssignor$Subscription;S)Ljava/nio/ByteBuffer; 81 <appendix> argL0 ; # org/apache/kafka/clients/consumer/internals/ConsumerProtocol$$Lambda+0x0000028b9b4a70d8
instanceKlass  @bci org/apache/kafka/clients/consumer/internals/ConsumerProtocol serializeSubscription (Lorg/apache/kafka/clients/consumer/ConsumerPartitionAssignor$Subscription;S)Ljava/nio/ByteBuffer; 73 <appendix> argL0 ; # org/apache/kafka/clients/consumer/internals/ConsumerProtocol$$Lambda+0x0000028b9b4a6e98
instanceKlass org/apache/kafka/common/message/ConsumerProtocolSubscription$TopicPartition
instanceKlass org/apache/kafka/common/message/ConsumerProtocolSubscription
instanceKlass org/apache/kafka/clients/consumer/internals/ConsumerProtocol
instanceKlass org/apache/kafka/clients/consumer/ConsumerPartitionAssignor$Subscription
instanceKlass  @bci org/apache/kafka/common/utils/KafkaThread configureThread (Ljava/lang/String;Z)V 7 <appendix> member <vmtarget> ; # org/apache/kafka/common/utils/KafkaThread$$Lambda+0x0000028b9b4a5a50
instanceKlass  @bci org/apache/kafka/clients/consumer/internals/AbstractCoordinator startHeartbeatThreadIfNeeded ()V 13 <appendix> member <vmtarget> ; # org/apache/kafka/clients/consumer/internals/AbstractCoordinator$$Lambda+0x0000028b9b4a5828
instanceKlass org/apache/kafka/clients/NetworkClientUtils
instanceKlass  @bci org/apache/kafka/common/Node toString ()Ljava/lang/String; 20 <adapter> ; # java/lang/invoke/LambdaForm$MH+0x0000028b9b4abc00
# instanceKlass java/lang/invoke/LambdaForm$DMH+0x0000028b9b4ab800
instanceKlass  @bci org/apache/kafka/common/Node toString ()Ljava/lang/String; 20 <appendix> form vmentry <vmtarget> ; # java/lang/invoke/LambdaForm$MH+0x0000028b9b4ab400
# instanceKlass java/lang/invoke/LambdaForm$MH+0x0000028b9b4ab000
# instanceKlass java/lang/invoke/LambdaForm$MH+0x0000028b9b4aac00
instanceKlass  @bci org/apache/kafka/clients/consumer/internals/AbstractCoordinator$Generation toString ()Ljava/lang/String; 12 <appendix> form names 12 function resolvedHandle form vmentry <vmtarget> ; # java/lang/invoke/LambdaForm$DMH+0x0000028b9b4aa800
instanceKlass  @bci org/apache/kafka/common/Node toString ()Ljava/lang/String; 20 <appendix> argL4 form vmentry <vmtarget> ; # java/lang/invoke/LambdaForm$MH+0x0000028b9b4aa400
# instanceKlass java/lang/invoke/LambdaForm$MH+0x0000028b9b4aa000
# instanceKlass java/lang/invoke/LambdaForm$MH+0x0000028b9b4a9c00
# instanceKlass java/lang/invoke/LambdaForm$MH+0x0000028b9b4a9800
# instanceKlass java/lang/invoke/LambdaForm$MH+0x0000028b9b4a9400
instanceKlass  @bci org/apache/kafka/common/Node toString ()Ljava/lang/String; 20 <appendix> form names 19 function resolvedHandle form vmentry <vmtarget> ; # java/lang/invoke/LambdaForm$DMH+0x0000028b9b4a9000
instanceKlass  @bci org/apache/kafka/common/Node toString ()Ljava/lang/String; 20 <appendix> argL1 form vmentry <vmtarget> ; # java/lang/invoke/LambdaForm$MH+0x0000028b9b4a8c00
# instanceKlass java/lang/invoke/LambdaForm$MH+0x0000028b9b4a8800
# instanceKlass java/lang/invoke/LambdaForm$MH+0x0000028b9b4a8400
# instanceKlass java/lang/invoke/LambdaForm$MH+0x0000028b9b4a8000
instanceKlass  @bci org/apache/kafka/clients/Metadata update (ILorg/apache/kafka/common/requests/MetadataResponse;ZJ)V 140 <appendix> member <vmtarget> ; # org/apache/kafka/clients/Metadata$$Lambda+0x0000028b9b4a53c8
instanceKlass  @bci org/apache/kafka/common/Cluster <init> (Ljava/lang/String;ZLjava/util/Collection;Ljava/util/Collection;Ljava/util/Set;Ljava/util/Set;Ljava/util/Set;Lorg/apache/kafka/common/Node;Ljava/util/Map;)V 495 <appendix> argL0 ; # org/apache/kafka/common/Cluster$$Lambda+0x0000028b9b4a5178
instanceKlass  @bci org/apache/kafka/common/Cluster <init> (Ljava/lang/String;ZLjava/util/Collection;Ljava/util/Collection;Ljava/util/Set;Ljava/util/Set;Ljava/util/Set;Lorg/apache/kafka/common/Node;Ljava/util/Map;)V 242 <appendix> argL0 ; # org/apache/kafka/common/Cluster$$Lambda+0x0000028b9b4a4f38
instanceKlass  @bci org/apache/kafka/common/requests/MetadataResponse toPartitionInfo (Lorg/apache/kafka/common/requests/MetadataResponse$PartitionMetadata;Ljava/util/Map;)Lorg/apache/kafka/common/PartitionInfo; 22 <appendix> member <vmtarget> ; # org/apache/kafka/common/requests/MetadataResponse$$Lambda+0x0000028b9b4a4cf0
instanceKlass  @bci org/apache/kafka/clients/MetadataSnapshot computeClusterView ()V 15 <appendix> member <vmtarget> ; # org/apache/kafka/clients/MetadataSnapshot$$Lambda+0x0000028b9b4a4aa8
instanceKlass org/apache/kafka/common/PartitionInfo
instanceKlass  @bci org/apache/kafka/clients/Metadata handleMetadataResponse (Lorg/apache/kafka/common/requests/MetadataResponse;ZJ)Lorg/apache/kafka/clients/MetadataSnapshot; 270 <appendix> member <vmtarget> ; # org/apache/kafka/clients/Metadata$$Lambda+0x0000028b9b4a4630
instanceKlass  @bci org/apache/kafka/clients/NetworkClient$DefaultMetadataUpdater lambda$handleSuccessfulResponse$2 (Lorg/apache/kafka/common/requests/MetadataResponse$TopicMetadata;)Ljava/util/stream/Stream; 20 <appendix> member <vmtarget> ; # org/apache/kafka/clients/NetworkClient$DefaultMetadataUpdater$$Lambda+0x0000028b9b4a43e8
instanceKlass  @bci org/apache/kafka/clients/NetworkClient$DefaultMetadataUpdater lambda$handleSuccessfulResponse$2 (Lorg/apache/kafka/common/requests/MetadataResponse$TopicMetadata;)Ljava/util/stream/Stream; 9 <appendix> argL0 ; # org/apache/kafka/clients/NetworkClient$DefaultMetadataUpdater$$Lambda+0x0000028b9b4a4198
instanceKlass  @bci org/apache/kafka/clients/NetworkClient$DefaultMetadataUpdater handleSuccessfulResponse (Lorg/apache/kafka/common/requests/RequestHeader;JLorg/apache/kafka/common/requests/MetadataResponse;)V 10 <appendix> argL0 ; # org/apache/kafka/clients/NetworkClient$DefaultMetadataUpdater$$Lambda+0x0000028b9b4a3f58
instanceKlass org/apache/kafka/common/requests/MetadataResponse$TopicMetadata
instanceKlass org/apache/kafka/common/requests/MetadataResponse$PartitionMetadata
instanceKlass org/apache/kafka/common/requests/RequestUtils
instanceKlass  @bci org/apache/kafka/common/requests/MetadataResponse$Holder createBrokers (Lorg/apache/kafka/common/message/MetadataResponseData;)Ljava/util/Map; 22 <appendix> argL0 ; # org/apache/kafka/common/requests/MetadataResponse$Holder$$Lambda+0x0000028b9b4a36a0
instanceKlass  @bci org/apache/kafka/common/requests/MetadataResponse$Holder createBrokers (Lorg/apache/kafka/common/message/MetadataResponseData;)Ljava/util/Map; 12 <appendix> argL0 ; # org/apache/kafka/common/requests/MetadataResponse$Holder$$Lambda+0x0000028b9b4a3460
instanceKlass org/apache/kafka/common/requests/MetadataResponse$Holder
instanceKlass org/apache/kafka/clients/ClientResponse
instanceKlass org/apache/kafka/clients/NetworkClient$DefaultMetadataUpdater$InProgressData
instanceKlass  @bci org/apache/kafka/common/requests/MetadataRequest$Builder build (S)Lorg/apache/kafka/common/requests/MetadataRequest; 58 <appendix> member <vmtarget> ; # org/apache/kafka/common/requests/MetadataRequest$Builder$$Lambda+0x0000028b9b4a1bc0
instanceKlass org/apache/kafka/clients/Metadata$MetadataRequestAndVersion
instanceKlass  @bci org/apache/kafka/common/requests/MetadataRequest$Builder requestTopicNamesOrAllTopics (Ljava/util/List;Z)Lorg/apache/kafka/common/message/MetadataRequestData; 23 <appendix> member <vmtarget> ; # org/apache/kafka/common/requests/MetadataRequest$Builder$$Lambda+0x0000028b9b4a1778
instanceKlass org/apache/kafka/clients/NodeApiVersions
instanceKlass org/apache/kafka/common/utils/ImplicitLinkedHashCollection$ImplicitLinkedHashCollectionIterator
instanceKlass  @bci org/apache/kafka/common/protocol/Errors <clinit> ()V 3362 <appendix> argL0 ; # org/apache/kafka/common/protocol/Errors$$Lambda+0x0000028b9b4a0de0
instanceKlass  @bci org/apache/kafka/common/protocol/Errors <clinit> ()V 3335 <appendix> argL0 ; # org/apache/kafka/common/protocol/Errors$$Lambda+0x0000028b9b4a0940
instanceKlass  @bci org/apache/kafka/common/protocol/Errors <clinit> ()V 3308 <appendix> argL0 ; # org/apache/kafka/common/protocol/Errors$$Lambda+0x0000028b9b4a04a0
instanceKlass  @bci org/apache/kafka/common/protocol/Errors <clinit> ()V 3281 <appendix> argL0 ; # org/apache/kafka/common/protocol/Errors$$Lambda+0x0000028b9b4a0000
instanceKlass  @bci org/apache/kafka/common/protocol/Errors <clinit> ()V 3254 <appendix> argL0 ; # org/apache/kafka/common/protocol/Errors$$Lambda+0x0000028b9b49faa0
instanceKlass  @bci org/apache/kafka/common/protocol/Errors <clinit> ()V 3227 <appendix> argL0 ; # org/apache/kafka/common/protocol/Errors$$Lambda+0x0000028b9b49f600
instanceKlass  @bci org/apache/kafka/common/protocol/Errors <clinit> ()V 3200 <appendix> argL0 ; # org/apache/kafka/common/protocol/Errors$$Lambda+0x0000028b9b49f160
instanceKlass  @bci org/apache/kafka/common/protocol/Errors <clinit> ()V 3174 <appendix> argL0 ; # org/apache/kafka/common/protocol/Errors$$Lambda+0x0000028b9b49ecc0
instanceKlass  @bci org/apache/kafka/common/protocol/Errors <clinit> ()V 3149 <appendix> argL0 ; # org/apache/kafka/common/protocol/Errors$$Lambda+0x0000028b9b49e820
instanceKlass  @bci org/apache/kafka/common/protocol/Errors <clinit> ()V 3124 <appendix> argL0 ; # org/apache/kafka/common/protocol/Errors$$Lambda+0x0000028b9b49e380
instanceKlass  @bci org/apache/kafka/common/protocol/Errors <clinit> ()V 3099 <appendix> argL0 ; # org/apache/kafka/common/protocol/Errors$$Lambda+0x0000028b9b49dee0
instanceKlass  @bci org/apache/kafka/common/protocol/Errors <clinit> ()V 3074 <appendix> argL0 ; # org/apache/kafka/common/protocol/Errors$$Lambda+0x0000028b9b49da40
instanceKlass  @bci org/apache/kafka/common/protocol/Errors <clinit> ()V 3049 <appendix> argL0 ; # org/apache/kafka/common/protocol/Errors$$Lambda+0x0000028b9b49d5a0
instanceKlass  @bci org/apache/kafka/common/protocol/Errors <clinit> ()V 3024 <appendix> argL0 ; # org/apache/kafka/common/protocol/Errors$$Lambda+0x0000028b9b49d100
instanceKlass  @bci org/apache/kafka/common/protocol/Errors <clinit> ()V 2999 <appendix> argL0 ; # org/apache/kafka/common/protocol/Errors$$Lambda+0x0000028b9b49cc60
instanceKlass  @bci org/apache/kafka/common/protocol/Errors <clinit> ()V 2974 <appendix> argL0 ; # org/apache/kafka/common/protocol/Errors$$Lambda+0x0000028b9b49c7c0
instanceKlass  @bci org/apache/kafka/common/protocol/Errors <clinit> ()V 2949 <appendix> argL0 ; # org/apache/kafka/common/protocol/Errors$$Lambda+0x0000028b9b49c320
instanceKlass  @bci org/apache/kafka/common/protocol/Errors <clinit> ()V 2924 <appendix> argL0 ; # org/apache/kafka/common/protocol/Errors$$Lambda+0x0000028b9b49be80
instanceKlass  @bci org/apache/kafka/common/protocol/Errors <clinit> ()V 2899 <appendix> argL0 ; # org/apache/kafka/common/protocol/Errors$$Lambda+0x0000028b9b49b9e0
instanceKlass  @bci org/apache/kafka/common/protocol/Errors <clinit> ()V 2874 <appendix> argL0 ; # org/apache/kafka/common/protocol/Errors$$Lambda+0x0000028b9b49b540
instanceKlass  @bci org/apache/kafka/common/protocol/Errors <clinit> ()V 2849 <appendix> argL0 ; # org/apache/kafka/common/protocol/Errors$$Lambda+0x0000028b9b49b0a0
instanceKlass  @bci org/apache/kafka/common/protocol/Errors <clinit> ()V 2824 <appendix> argL0 ; # org/apache/kafka/common/protocol/Errors$$Lambda+0x0000028b9b49ac00
instanceKlass  @bci org/apache/kafka/common/protocol/Errors <clinit> ()V 2799 <appendix> argL0 ; # org/apache/kafka/common/protocol/Errors$$Lambda+0x0000028b9b49a760
instanceKlass  @bci org/apache/kafka/common/protocol/Errors <clinit> ()V 2774 <appendix> argL0 ; # org/apache/kafka/common/protocol/Errors$$Lambda+0x0000028b9b49a2c0
instanceKlass  @bci org/apache/kafka/common/protocol/Errors <clinit> ()V 2749 <appendix> argL0 ; # org/apache/kafka/common/protocol/Errors$$Lambda+0x0000028b9b499e20
instanceKlass  @bci org/apache/kafka/common/protocol/Errors <clinit> ()V 2724 <appendix> argL0 ; # org/apache/kafka/common/protocol/Errors$$Lambda+0x0000028b9b499980
instanceKlass  @bci org/apache/kafka/common/protocol/Errors <clinit> ()V 2699 <appendix> argL0 ; # org/apache/kafka/common/protocol/Errors$$Lambda+0x0000028b9b4994e0
instanceKlass  @bci org/apache/kafka/common/protocol/Errors <clinit> ()V 2674 <appendix> argL0 ; # org/apache/kafka/common/protocol/Errors$$Lambda+0x0000028b9b499040
instanceKlass  @bci org/apache/kafka/common/protocol/Errors <clinit> ()V 2649 <appendix> argL0 ; # org/apache/kafka/common/protocol/Errors$$Lambda+0x0000028b9b498ba0
instanceKlass  @bci org/apache/kafka/common/protocol/Errors <clinit> ()V 2624 <appendix> argL0 ; # org/apache/kafka/common/protocol/Errors$$Lambda+0x0000028b9b498700
instanceKlass  @bci org/apache/kafka/common/protocol/Errors <clinit> ()V 2599 <appendix> argL0 ; # org/apache/kafka/common/protocol/Errors$$Lambda+0x0000028b9b498260
instanceKlass  @bci org/apache/kafka/common/protocol/Errors <clinit> ()V 2574 <appendix> argL0 ; # org/apache/kafka/common/protocol/Errors$$Lambda+0x0000028b9b497cd8
instanceKlass  @bci org/apache/kafka/common/protocol/Errors <clinit> ()V 2549 <appendix> argL0 ; # org/apache/kafka/common/protocol/Errors$$Lambda+0x0000028b9b497838
instanceKlass  @bci org/apache/kafka/common/protocol/Errors <clinit> ()V 2524 <appendix> argL0 ; # org/apache/kafka/common/protocol/Errors$$Lambda+0x0000028b9b497398
instanceKlass  @bci org/apache/kafka/common/protocol/Errors <clinit> ()V 2499 <appendix> argL0 ; # org/apache/kafka/common/protocol/Errors$$Lambda+0x0000028b9b496ef8
instanceKlass  @bci org/apache/kafka/common/protocol/Errors <clinit> ()V 2474 <appendix> argL0 ; # org/apache/kafka/common/protocol/Errors$$Lambda+0x0000028b9b496a58
instanceKlass  @bci org/apache/kafka/common/protocol/Errors <clinit> ()V 2449 <appendix> argL0 ; # org/apache/kafka/common/protocol/Errors$$Lambda+0x0000028b9b4965b8
instanceKlass  @bci org/apache/kafka/common/protocol/Errors <clinit> ()V 2424 <appendix> argL0 ; # org/apache/kafka/common/protocol/Errors$$Lambda+0x0000028b9b496118
instanceKlass  @bci org/apache/kafka/common/protocol/Errors <clinit> ()V 2399 <appendix> argL0 ; # org/apache/kafka/common/protocol/Errors$$Lambda+0x0000028b9b495c78
instanceKlass  @bci org/apache/kafka/common/protocol/Errors <clinit> ()V 2374 <appendix> argL0 ; # org/apache/kafka/common/protocol/Errors$$Lambda+0x0000028b9b4957d8
instanceKlass  @bci org/apache/kafka/common/protocol/Errors <clinit> ()V 2349 <appendix> argL0 ; # org/apache/kafka/common/protocol/Errors$$Lambda+0x0000028b9b495338
instanceKlass  @bci org/apache/kafka/common/protocol/Errors <clinit> ()V 2324 <appendix> argL0 ; # org/apache/kafka/common/protocol/Errors$$Lambda+0x0000028b9b494e98
instanceKlass  @bci org/apache/kafka/common/protocol/Errors <clinit> ()V 2299 <appendix> argL0 ; # org/apache/kafka/common/protocol/Errors$$Lambda+0x0000028b9b4949f0
instanceKlass  @bci org/apache/kafka/common/protocol/Errors <clinit> ()V 2274 <appendix> argL0 ; # org/apache/kafka/common/protocol/Errors$$Lambda+0x0000028b9b494548
instanceKlass  @bci org/apache/kafka/common/protocol/Errors <clinit> ()V 2249 <appendix> argL0 ; # org/apache/kafka/common/protocol/Errors$$Lambda+0x0000028b9b494308
instanceKlass  @bci org/apache/kafka/common/protocol/Errors <clinit> ()V 2224 <appendix> argL0 ; # org/apache/kafka/common/protocol/Errors$$Lambda+0x0000028b9b493e60
instanceKlass  @bci org/apache/kafka/common/protocol/Errors <clinit> ()V 2199 <appendix> argL0 ; # org/apache/kafka/common/protocol/Errors$$Lambda+0x0000028b9b4939c0
instanceKlass  @bci org/apache/kafka/common/protocol/Errors <clinit> ()V 2174 <appendix> argL0 ; # org/apache/kafka/common/protocol/Errors$$Lambda+0x0000028b9b493520
instanceKlass  @bci org/apache/kafka/common/protocol/Errors <clinit> ()V 2149 <appendix> argL0 ; # org/apache/kafka/common/protocol/Errors$$Lambda+0x0000028b9b493080
instanceKlass  @bci org/apache/kafka/common/protocol/Errors <clinit> ()V 2124 <appendix> argL0 ; # org/apache/kafka/common/protocol/Errors$$Lambda+0x0000028b9b492be0
instanceKlass  @bci org/apache/kafka/common/protocol/Errors <clinit> ()V 2099 <appendix> argL0 ; # org/apache/kafka/common/protocol/Errors$$Lambda+0x0000028b9b492740
instanceKlass  @bci org/apache/kafka/common/protocol/Errors <clinit> ()V 2074 <appendix> argL0 ; # org/apache/kafka/common/protocol/Errors$$Lambda+0x0000028b9b4922a0
instanceKlass  @bci org/apache/kafka/common/protocol/Errors <clinit> ()V 2049 <appendix> argL0 ; # org/apache/kafka/common/protocol/Errors$$Lambda+0x0000028b9b492060
instanceKlass  @bci org/apache/kafka/common/protocol/Errors <clinit> ()V 2024 <appendix> argL0 ; # org/apache/kafka/common/protocol/Errors$$Lambda+0x0000028b9b491bc0
instanceKlass  @bci org/apache/kafka/common/protocol/Errors <clinit> ()V 1999 <appendix> argL0 ; # org/apache/kafka/common/protocol/Errors$$Lambda+0x0000028b9b491720
instanceKlass  @bci org/apache/kafka/common/protocol/Errors <clinit> ()V 1974 <appendix> argL0 ; # org/apache/kafka/common/protocol/Errors$$Lambda+0x0000028b9b491280
instanceKlass  @bci org/apache/kafka/common/protocol/Errors <clinit> ()V 1949 <appendix> argL0 ; # org/apache/kafka/common/protocol/Errors$$Lambda+0x0000028b9b490de0
instanceKlass  @bci org/apache/kafka/common/protocol/Errors <clinit> ()V 1924 <appendix> argL0 ; # org/apache/kafka/common/protocol/Errors$$Lambda+0x0000028b9b490940
instanceKlass  @bci org/apache/kafka/common/protocol/Errors <clinit> ()V 1899 <appendix> argL0 ; # org/apache/kafka/common/protocol/Errors$$Lambda+0x0000028b9b4904a0
instanceKlass  @bci org/apache/kafka/common/protocol/Errors <clinit> ()V 1874 <appendix> argL0 ; # org/apache/kafka/common/protocol/Errors$$Lambda+0x0000028b9b490000
instanceKlass  @bci org/apache/kafka/common/protocol/Errors <clinit> ()V 1849 <appendix> argL0 ; # org/apache/kafka/common/protocol/Errors$$Lambda+0x0000028b9b48fa80
instanceKlass  @bci org/apache/kafka/common/protocol/Errors <clinit> ()V 1824 <appendix> argL0 ; # org/apache/kafka/common/protocol/Errors$$Lambda+0x0000028b9b48f5e0
instanceKlass  @bci org/apache/kafka/common/protocol/Errors <clinit> ()V 1799 <appendix> argL0 ; # org/apache/kafka/common/protocol/Errors$$Lambda+0x0000028b9b48f140
instanceKlass  @bci org/apache/kafka/common/protocol/Errors <clinit> ()V 1774 <appendix> argL0 ; # org/apache/kafka/common/protocol/Errors$$Lambda+0x0000028b9b48eca0
instanceKlass  @bci org/apache/kafka/common/protocol/Errors <clinit> ()V 1749 <appendix> argL0 ; # org/apache/kafka/common/protocol/Errors$$Lambda+0x0000028b9b48e800
instanceKlass  @bci org/apache/kafka/common/protocol/Errors <clinit> ()V 1724 <appendix> argL0 ; # org/apache/kafka/common/protocol/Errors$$Lambda+0x0000028b9b48e360
instanceKlass  @bci org/apache/kafka/common/protocol/Errors <clinit> ()V 1699 <appendix> argL0 ; # org/apache/kafka/common/protocol/Errors$$Lambda+0x0000028b9b48dec0
instanceKlass  @bci org/apache/kafka/common/protocol/Errors <clinit> ()V 1674 <appendix> argL0 ; # org/apache/kafka/common/protocol/Errors$$Lambda+0x0000028b9b48da20
instanceKlass  @bci org/apache/kafka/common/protocol/Errors <clinit> ()V 1649 <appendix> argL0 ; # org/apache/kafka/common/protocol/Errors$$Lambda+0x0000028b9b48d580
instanceKlass  @bci org/apache/kafka/common/protocol/Errors <clinit> ()V 1624 <appendix> argL0 ; # org/apache/kafka/common/protocol/Errors$$Lambda+0x0000028b9b48d0e0
instanceKlass  @bci org/apache/kafka/common/protocol/Errors <clinit> ()V 1599 <appendix> argL0 ; # org/apache/kafka/common/protocol/Errors$$Lambda+0x0000028b9b48cc40
instanceKlass  @bci org/apache/kafka/common/protocol/Errors <clinit> ()V 1574 <appendix> argL0 ; # org/apache/kafka/common/protocol/Errors$$Lambda+0x0000028b9b48c7a0
instanceKlass  @bci org/apache/kafka/common/protocol/Errors <clinit> ()V 1549 <appendix> argL0 ; # org/apache/kafka/common/protocol/Errors$$Lambda+0x0000028b9b48c300
instanceKlass  @bci org/apache/kafka/common/protocol/Errors <clinit> ()V 1524 <appendix> argL0 ; # org/apache/kafka/common/protocol/Errors$$Lambda+0x0000028b9b48be60
instanceKlass  @bci org/apache/kafka/common/protocol/Errors <clinit> ()V 1499 <appendix> argL0 ; # org/apache/kafka/common/protocol/Errors$$Lambda+0x0000028b9b48b9c0
instanceKlass  @bci org/apache/kafka/common/protocol/Errors <clinit> ()V 1474 <appendix> argL0 ; # org/apache/kafka/common/protocol/Errors$$Lambda+0x0000028b9b48b520
instanceKlass  @bci org/apache/kafka/common/protocol/Errors <clinit> ()V 1449 <appendix> argL0 ; # org/apache/kafka/common/protocol/Errors$$Lambda+0x0000028b9b48b2e0
instanceKlass  @bci org/apache/kafka/common/protocol/Errors <clinit> ()V 1424 <appendix> argL0 ; # org/apache/kafka/common/protocol/Errors$$Lambda+0x0000028b9b48ae40
instanceKlass  @bci org/apache/kafka/common/protocol/Errors <clinit> ()V 1399 <appendix> argL0 ; # org/apache/kafka/common/protocol/Errors$$Lambda+0x0000028b9b48a9a0
instanceKlass  @bci org/apache/kafka/common/protocol/Errors <clinit> ()V 1374 <appendix> argL0 ; # org/apache/kafka/common/protocol/Errors$$Lambda+0x0000028b9b48a500
instanceKlass  @bci org/apache/kafka/common/protocol/Errors <clinit> ()V 1349 <appendix> argL0 ; # org/apache/kafka/common/protocol/Errors$$Lambda+0x0000028b9b48a060
instanceKlass  @bci org/apache/kafka/common/protocol/Errors <clinit> ()V 1324 <appendix> argL0 ; # org/apache/kafka/common/protocol/Errors$$Lambda+0x0000028b9b489bc0
instanceKlass  @bci org/apache/kafka/common/protocol/Errors <clinit> ()V 1299 <appendix> argL0 ; # org/apache/kafka/common/protocol/Errors$$Lambda+0x0000028b9b489720
instanceKlass  @bci org/apache/kafka/common/protocol/Errors <clinit> ()V 1274 <appendix> argL0 ; # org/apache/kafka/common/protocol/Errors$$Lambda+0x0000028b9b489280
instanceKlass  @bci org/apache/kafka/common/protocol/Errors <clinit> ()V 1249 <appendix> argL0 ; # org/apache/kafka/common/protocol/Errors$$Lambda+0x0000028b9b488de0
instanceKlass  @bci org/apache/kafka/common/protocol/Errors <clinit> ()V 1224 <appendix> argL0 ; # org/apache/kafka/common/protocol/Errors$$Lambda+0x0000028b9b488940
instanceKlass  @bci org/apache/kafka/common/protocol/Errors <clinit> ()V 1199 <appendix> argL0 ; # org/apache/kafka/common/protocol/Errors$$Lambda+0x0000028b9b4884a0
instanceKlass  @bci org/apache/kafka/common/protocol/Errors <clinit> ()V 1174 <appendix> argL0 ; # org/apache/kafka/common/protocol/Errors$$Lambda+0x0000028b9b488000
instanceKlass  @bci org/apache/kafka/common/protocol/Errors <clinit> ()V 1149 <appendix> argL0 ; # org/apache/kafka/common/protocol/Errors$$Lambda+0x0000028b9b487a00
instanceKlass  @bci org/apache/kafka/common/protocol/Errors <clinit> ()V 1124 <appendix> argL0 ; # org/apache/kafka/common/protocol/Errors$$Lambda+0x0000028b9b487560
instanceKlass  @bci org/apache/kafka/common/protocol/Errors <clinit> ()V 1099 <appendix> argL0 ; # org/apache/kafka/common/protocol/Errors$$Lambda+0x0000028b9b4870c0
instanceKlass  @bci org/apache/kafka/common/protocol/Errors <clinit> ()V 1074 <appendix> argL0 ; # org/apache/kafka/common/protocol/Errors$$Lambda+0x0000028b9b486c20
instanceKlass  @bci org/apache/kafka/common/protocol/Errors <clinit> ()V 1049 <appendix> argL0 ; # org/apache/kafka/common/protocol/Errors$$Lambda+0x0000028b9b4869e0
instanceKlass  @bci org/apache/kafka/common/protocol/Errors <clinit> ()V 1024 <appendix> argL0 ; # org/apache/kafka/common/protocol/Errors$$Lambda+0x0000028b9b486540
instanceKlass  @bci org/apache/kafka/common/protocol/Errors <clinit> ()V 999 <appendix> argL0 ; # org/apache/kafka/common/protocol/Errors$$Lambda+0x0000028b9b486300
instanceKlass  @bci org/apache/kafka/common/protocol/Errors <clinit> ()V 974 <appendix> argL0 ; # org/apache/kafka/common/protocol/Errors$$Lambda+0x0000028b9b485e60
instanceKlass  @bci org/apache/kafka/common/protocol/Errors <clinit> ()V 949 <appendix> argL0 ; # org/apache/kafka/common/protocol/Errors$$Lambda+0x0000028b9b4859c0
instanceKlass  @bci org/apache/kafka/common/protocol/Errors <clinit> ()V 924 <appendix> argL0 ; # org/apache/kafka/common/protocol/Errors$$Lambda+0x0000028b9b485520
instanceKlass  @bci org/apache/kafka/common/protocol/Errors <clinit> ()V 899 <appendix> argL0 ; # org/apache/kafka/common/protocol/Errors$$Lambda+0x0000028b9b485080
instanceKlass  @bci org/apache/kafka/common/protocol/Errors <clinit> ()V 874 <appendix> argL0 ; # org/apache/kafka/common/protocol/Errors$$Lambda+0x0000028b9b484e40
instanceKlass  @bci org/apache/kafka/common/protocol/Errors <clinit> ()V 849 <appendix> argL0 ; # org/apache/kafka/common/protocol/Errors$$Lambda+0x0000028b9b484c00
instanceKlass  @bci org/apache/kafka/common/protocol/Errors <clinit> ()V 824 <appendix> argL0 ; # org/apache/kafka/common/protocol/Errors$$Lambda+0x0000028b9b4849c0
instanceKlass  @bci org/apache/kafka/common/protocol/Errors <clinit> ()V 799 <appendix> argL0 ; # org/apache/kafka/common/protocol/Errors$$Lambda+0x0000028b9b484520
instanceKlass  @bci org/apache/kafka/common/protocol/Errors <clinit> ()V 774 <appendix> argL0 ; # org/apache/kafka/common/protocol/Errors$$Lambda+0x0000028b9b484080
instanceKlass  @bci org/apache/kafka/common/protocol/Errors <clinit> ()V 749 <appendix> argL0 ; # org/apache/kafka/common/protocol/Errors$$Lambda+0x0000028b9b483e40
instanceKlass  @bci org/apache/kafka/common/protocol/Errors <clinit> ()V 724 <appendix> argL0 ; # org/apache/kafka/common/protocol/Errors$$Lambda+0x0000028b9b483c00
instanceKlass  @bci org/apache/kafka/common/protocol/Errors <clinit> ()V 699 <appendix> argL0 ; # org/apache/kafka/common/protocol/Errors$$Lambda+0x0000028b9b483760
instanceKlass  @bci org/apache/kafka/common/protocol/Errors <clinit> ()V 674 <appendix> argL0 ; # org/apache/kafka/common/protocol/Errors$$Lambda+0x0000028b9b483520
instanceKlass  @bci org/apache/kafka/common/protocol/Errors <clinit> ()V 649 <appendix> argL0 ; # org/apache/kafka/common/protocol/Errors$$Lambda+0x0000028b9b483080
instanceKlass  @bci org/apache/kafka/common/protocol/Errors <clinit> ()V 624 <appendix> argL0 ; # org/apache/kafka/common/protocol/Errors$$Lambda+0x0000028b9b482be0
instanceKlass  @bci org/apache/kafka/common/protocol/Errors <clinit> ()V 599 <appendix> argL0 ; # org/apache/kafka/common/protocol/Errors$$Lambda+0x0000028b9b4829a0
instanceKlass  @bci org/apache/kafka/common/protocol/Errors <clinit> ()V 574 <appendix> argL0 ; # org/apache/kafka/common/protocol/Errors$$Lambda+0x0000028b9b482500
instanceKlass  @bci org/apache/kafka/common/protocol/Errors <clinit> ()V 549 <appendix> argL0 ; # org/apache/kafka/common/protocol/Errors$$Lambda+0x0000028b9b482060
instanceKlass  @bci org/apache/kafka/common/protocol/Errors <clinit> ()V 524 <appendix> argL0 ; # org/apache/kafka/common/protocol/Errors$$Lambda+0x0000028b9b481bc0
instanceKlass  @bci org/apache/kafka/common/protocol/Errors <clinit> ()V 499 <appendix> argL0 ; # org/apache/kafka/common/protocol/Errors$$Lambda+0x0000028b9b481720
instanceKlass  @bci org/apache/kafka/common/protocol/Errors <clinit> ()V 474 <appendix> argL0 ; # org/apache/kafka/common/protocol/Errors$$Lambda+0x0000028b9b481280
instanceKlass  @bci org/apache/kafka/common/protocol/Errors <clinit> ()V 449 <appendix> argL0 ; # org/apache/kafka/common/protocol/Errors$$Lambda+0x0000028b9b480de0
instanceKlass  @bci org/apache/kafka/common/protocol/Errors <clinit> ()V 424 <appendix> argL0 ; # org/apache/kafka/common/protocol/Errors$$Lambda+0x0000028b9b480ba0
instanceKlass  @bci org/apache/kafka/common/protocol/Errors <clinit> ()V 399 <appendix> argL0 ; # org/apache/kafka/common/protocol/Errors$$Lambda+0x0000028b9b480700
instanceKlass  @bci org/apache/kafka/common/protocol/Errors <clinit> ()V 374 <appendix> argL0 ; # org/apache/kafka/common/protocol/Errors$$Lambda+0x0000028b9b480260
instanceKlass  @bci org/apache/kafka/common/protocol/Errors <clinit> ()V 349 <appendix> argL0 ; # org/apache/kafka/common/protocol/Errors$$Lambda+0x0000028b9b47fbd0
instanceKlass  @bci org/apache/kafka/common/protocol/Errors <clinit> ()V 324 <appendix> argL0 ; # org/apache/kafka/common/protocol/Errors$$Lambda+0x0000028b9b47f730
instanceKlass  @bci org/apache/kafka/common/protocol/Errors <clinit> ()V 299 <appendix> argL0 ; # org/apache/kafka/common/protocol/Errors$$Lambda+0x0000028b9b47f290
instanceKlass  @bci org/apache/kafka/common/protocol/Errors <clinit> ()V 274 <appendix> argL0 ; # org/apache/kafka/common/protocol/Errors$$Lambda+0x0000028b9b47edf0
instanceKlass  @bci org/apache/kafka/common/protocol/Errors <clinit> ()V 249 <appendix> argL0 ; # org/apache/kafka/common/protocol/Errors$$Lambda+0x0000028b9b47e948
instanceKlass  @bci org/apache/kafka/common/protocol/Errors <clinit> ()V 224 <appendix> argL0 ; # org/apache/kafka/common/protocol/Errors$$Lambda+0x0000028b9b47e4a8
instanceKlass  @bci org/apache/kafka/common/protocol/Errors <clinit> ()V 199 <appendix> argL0 ; # org/apache/kafka/common/protocol/Errors$$Lambda+0x0000028b9b47e008
instanceKlass  @bci org/apache/kafka/common/protocol/Errors <clinit> ()V 174 <appendix> argL0 ; # org/apache/kafka/common/protocol/Errors$$Lambda+0x0000028b9b47ddc8
instanceKlass  @bci org/apache/kafka/common/protocol/Errors <clinit> ()V 149 <appendix> argL0 ; # org/apache/kafka/common/protocol/Errors$$Lambda+0x0000028b9b47d928
instanceKlass  @bci org/apache/kafka/common/protocol/Errors <clinit> ()V 125 <appendix> argL0 ; # org/apache/kafka/common/protocol/Errors$$Lambda+0x0000028b9b47d488
instanceKlass  @bci org/apache/kafka/common/protocol/Errors <clinit> ()V 102 <appendix> argL0 ; # org/apache/kafka/common/protocol/Errors$$Lambda+0x0000028b9b47cfe8
instanceKlass  @bci org/apache/kafka/common/protocol/Errors <clinit> ()V 79 <appendix> argL0 ; # org/apache/kafka/common/protocol/Errors$$Lambda+0x0000028b9b47cb48
instanceKlass  @bci org/apache/kafka/common/protocol/Errors <clinit> ()V 56 <appendix> argL0 ; # org/apache/kafka/common/protocol/Errors$$Lambda+0x0000028b9b47c6a8
instanceKlass  @bci org/apache/kafka/common/protocol/Errors <clinit> ()V 33 <appendix> argL0 ; # org/apache/kafka/common/protocol/Errors$$Lambda+0x0000028b9b47bfa8
instanceKlass  @bci org/apache/kafka/common/protocol/Errors <clinit> ()V 12 <appendix> argL0 ; # org/apache/kafka/common/protocol/Errors$$Lambda+0x0000028b9b47bd68
instanceKlass org/apache/kafka/common/utils/ImplicitLinkedHashCollection$HeadElement
instanceKlass org/apache/kafka/common/requests/AbstractResponse$1
instanceKlass org/apache/kafka/common/protocol/ByteBufferAccessor
instanceKlass org/apache/kafka/common/message/ResponseHeaderData
instanceKlass org/apache/kafka/common/requests/ResponseHeader
instanceKlass sun/nio/ch/NativeObject
instanceKlass sun/nio/ch/IOVecWrapper
instanceKlass  @bci org/apache/kafka/common/network/Selector attemptWrite (Ljava/nio/channels/SelectionKey;Lorg/apache/kafka/common/network/KafkaChannel;J)V 23 <appendix> member <vmtarget> ; # org/apache/kafka/common/network/Selector$$Lambda+0x0000028b9b46a5a0
instanceKlass  @bci org/apache/kafka/clients/Metadata maybeThrowAnyException ()V 2 <appendix> member <vmtarget> ; # org/apache/kafka/clients/Metadata$$Lambda+0x0000028b9b46a378
instanceKlass  @bci org/apache/kafka/clients/consumer/internals/ConsumerNetworkClient$UnsentRequests clean ()V 16 <appendix> argL0 ; # org/apache/kafka/clients/consumer/internals/ConsumerNetworkClient$UnsentRequests$$Lambda+0x0000028b9b46a128
instanceKlass  @bci org/apache/kafka/clients/NetworkClient$DefaultMetadataUpdater needsRebootstrap (JJ)Z 6 <appendix> form vmentry <vmtarget> ; # java/lang/invoke/LambdaForm$DMH+0x0000028b9b46d000
instanceKlass  @bci org/apache/kafka/clients/NetworkClient$DefaultMetadataUpdater needsRebootstrap (JJ)Z 6 <appendix> member <vmtarget> ; # org/apache/kafka/clients/NetworkClient$DefaultMetadataUpdater$$Lambda+0x0000028b9b469ed8
instanceKlass  @cpi org/apache/kafka/clients/NetworkClient$DefaultMetadataUpdater 372 form vmentry <vmtarget> ; # java/lang/invoke/LambdaForm$DMH+0x0000028b9b46cc00
instanceKlass  @bci org/apache/kafka/clients/consumer/internals/OffsetFetcher validatePositionsAsync (Ljava/util/Map;)V 24 <adapter> ; # java/lang/invoke/LambdaForm$MH+0x0000028b9b46c800
instanceKlass  @bci org/apache/kafka/clients/consumer/internals/OffsetFetcher validatePositionsAsync (Ljava/util/Map;)V 24 <appendix> form vmentry <vmtarget> ; # java/lang/invoke/LambdaForm$DMH+0x0000028b9b46c400
instanceKlass  @bci org/apache/kafka/clients/ClusterConnectionStates nodesWithConnectionSetupTimeout (J)Ljava/util/List; 11 <appendix> member <vmtarget> ; # org/apache/kafka/clients/ClusterConnectionStates$$Lambda+0x0000028b9b469c80
instanceKlass  @cpi org/apache/kafka/clients/ClusterConnectionStates 316 form vmentry <vmtarget> ; # java/lang/invoke/LambdaForm$DMH+0x0000028b9b46c000
instanceKlass org/apache/kafka/common/network/NetworkSend
instanceKlass  @bci org/apache/kafka/clients/InFlightRequests add (Lorg/apache/kafka/clients/NetworkClient$InFlightRequest;)V 10 <appendix> argL0 ; # org/apache/kafka/clients/InFlightRequests$$Lambda+0x0000028b9b4697e0
instanceKlass org/apache/kafka/clients/NetworkClient$InFlightRequest
instanceKlass org/apache/kafka/common/network/ByteBufferSend
instanceKlass org/apache/kafka/common/protocol/types/RawTaggedFieldWriter
instanceKlass org/apache/kafka/common/utils/ByteUtils
instanceKlass org/apache/kafka/common/protocol/MessageSizeAccumulator
instanceKlass org/apache/kafka/common/protocol/ObjectSerializationCache
instanceKlass org/apache/kafka/common/protocol/SendBuilder
instanceKlass org/apache/kafka/common/message/RequestHeaderData
instanceKlass org/apache/kafka/common/protocol/Writable
instanceKlass org/apache/kafka/common/requests/RequestHeader
instanceKlass org/apache/kafka/common/requests/AbstractResponse
instanceKlass  @bci org/apache/kafka/common/network/Selector pollSelectionKeys (Ljava/util/Set;ZJ)V 458 <appendix> member <vmtarget> ; # org/apache/kafka/common/network/Selector$$Lambda+0x0000028b9b459f40
instanceKlass org/apache/kafka/common/network/NetworkReceive
instanceKlass org/apache/kafka/common/network/Receive
instanceKlass org/apache/kafka/common/telemetry/internals/ClientTelemetryReporter$1
instanceKlass org/apache/kafka/common/network/ChannelState
instanceKlass org/apache/kafka/common/protocol/Readable
instanceKlass org/apache/kafka/common/security/authenticator/DefaultKafkaPrincipalBuilder
instanceKlass org/apache/kafka/common/security/auth/KafkaPrincipalSerde
instanceKlass org/apache/kafka/common/security/auth/AuthenticationContext
instanceKlass org/apache/kafka/common/network/PlaintextChannelBuilder$PlaintextAuthenticator
instanceKlass org/apache/kafka/common/network/KafkaChannel
instanceKlass  @bci org/apache/kafka/common/network/PlaintextChannelBuilder buildChannel (Ljava/lang/String;Ljava/nio/channels/SelectionKey;ILorg/apache/kafka/common/memory/MemoryPool;Lorg/apache/kafka/common/network/ChannelMetadataRegistry;)Lorg/apache/kafka/common/network/KafkaChannel; 17 <appendix> member <vmtarget> ; # org/apache/kafka/common/network/PlaintextChannelBuilder$$Lambda+0x0000028b9b457730
instanceKlass org/apache/kafka/common/security/auth/KafkaPrincipal
instanceKlass org/apache/kafka/common/network/PlaintextTransportLayer
instanceKlass org/apache/kafka/common/network/Selector$SelectorChannelMetadataRegistry
instanceKlass java/lang/invoke/ConstantBootstraps
instanceKlass java/nio/channels/SelectionKey
instanceKlass sun/nio/ch/OptionKey
instanceKlass sun/nio/ch/SocketOptionRegistry$LazyInitialization
instanceKlass sun/nio/ch/SocketOptionRegistry$RegistryKey
instanceKlass sun/nio/ch/SocketOptionRegistry
instanceKlass sun/nio/ch/ExtendedSocketOption$1
instanceKlass sun/nio/ch/ExtendedSocketOption
instanceKlass sun/nio/ch/SocketChannelImpl$DefaultOptionsHolder
instanceKlass java/net/StandardSocketOptions$StdSocketOption
instanceKlass java/net/StandardSocketOptions
instanceKlass org/apache/kafka/clients/ClusterConnectionStates$NodeConnectionState
instanceKlass java/util/concurrent/ConcurrentLinkedQueue$Itr
instanceKlass org/apache/kafka/clients/consumer/internals/RequestFuture$1
instanceKlass  @bci org/apache/kafka/clients/consumer/internals/ConsumerNetworkClient$UnsentRequests put (Lorg/apache/kafka/common/Node;Lorg/apache/kafka/clients/ClientRequest;)V 12 <appendix> argL0 ; # org/apache/kafka/clients/consumer/internals/ConsumerNetworkClient$UnsentRequests$$Lambda+0x0000028b9b4560d0
instanceKlass org/apache/kafka/common/network/Send
instanceKlass org/apache/kafka/common/security/authenticator/SaslClientAuthenticator
instanceKlass org/apache/kafka/clients/ClientRequest
instanceKlass org/apache/kafka/clients/consumer/internals/RequestFuture
instanceKlass org/apache/kafka/clients/consumer/internals/ConsumerNetworkClient$RequestFutureCompletionHandler
instanceKlass  @bci org/apache/kafka/common/protocol/ApiKeys <clinit> ()V 1806 <appendix> argL0 ; # org/apache/kafka/common/protocol/ApiKeys$$Lambda+0x0000028b9b4548f8
instanceKlass  @bci org/apache/kafka/common/protocol/ApiKeys filterApisForListener (Lorg/apache/kafka/common/message/ApiMessageType$ListenerType;)Ljava/util/EnumSet; 7 <appendix> member <vmtarget> ; # org/apache/kafka/common/protocol/ApiKeys$$Lambda+0x0000028b9b4546a0
instanceKlass org/apache/kafka/common/message/DeleteShareGroupOffsetsResponseData$DeleteShareGroupOffsetsResponseTopic
instanceKlass org/apache/kafka/common/message/DeleteShareGroupOffsetsResponseData
instanceKlass org/apache/kafka/common/message/DeleteShareGroupOffsetsRequestData$DeleteShareGroupOffsetsRequestTopic
instanceKlass org/apache/kafka/common/message/DeleteShareGroupOffsetsRequestData
instanceKlass org/apache/kafka/common/message/AlterShareGroupOffsetsResponseData$AlterShareGroupOffsetsResponsePartition
instanceKlass org/apache/kafka/common/message/AlterShareGroupOffsetsResponseData$AlterShareGroupOffsetsResponseTopic
instanceKlass org/apache/kafka/common/message/AlterShareGroupOffsetsResponseData
instanceKlass org/apache/kafka/common/message/AlterShareGroupOffsetsRequestData$AlterShareGroupOffsetsRequestPartition
instanceKlass org/apache/kafka/common/message/AlterShareGroupOffsetsRequestData$AlterShareGroupOffsetsRequestTopic
instanceKlass org/apache/kafka/common/message/AlterShareGroupOffsetsRequestData
instanceKlass org/apache/kafka/common/message/DescribeShareGroupOffsetsResponseData$DescribeShareGroupOffsetsResponsePartition
instanceKlass org/apache/kafka/common/message/DescribeShareGroupOffsetsResponseData$DescribeShareGroupOffsetsResponseTopic
instanceKlass org/apache/kafka/common/message/DescribeShareGroupOffsetsResponseData$DescribeShareGroupOffsetsResponseGroup
instanceKlass org/apache/kafka/common/message/DescribeShareGroupOffsetsResponseData
instanceKlass org/apache/kafka/common/message/DescribeShareGroupOffsetsRequestData$DescribeShareGroupOffsetsRequestTopic
instanceKlass org/apache/kafka/common/message/DescribeShareGroupOffsetsRequestData$DescribeShareGroupOffsetsRequestGroup
instanceKlass org/apache/kafka/common/message/DescribeShareGroupOffsetsRequestData
instanceKlass org/apache/kafka/common/message/StreamsGroupDescribeResponseData$TaskIds
instanceKlass org/apache/kafka/common/message/StreamsGroupDescribeResponseData$Assignment
instanceKlass org/apache/kafka/common/message/StreamsGroupDescribeResponseData$TaskOffset
instanceKlass org/apache/kafka/common/message/StreamsGroupDescribeResponseData$Endpoint
instanceKlass org/apache/kafka/common/message/StreamsGroupDescribeResponseData$Member
instanceKlass org/apache/kafka/common/message/StreamsGroupDescribeResponseData$KeyValue
instanceKlass org/apache/kafka/common/message/StreamsGroupDescribeResponseData$TopicInfo
instanceKlass org/apache/kafka/common/message/StreamsGroupDescribeResponseData$Subtopology
instanceKlass org/apache/kafka/common/message/StreamsGroupDescribeResponseData$Topology
instanceKlass org/apache/kafka/common/message/StreamsGroupDescribeResponseData$DescribedGroup
instanceKlass org/apache/kafka/common/message/StreamsGroupDescribeResponseData
instanceKlass org/apache/kafka/common/message/StreamsGroupDescribeRequestData
instanceKlass org/apache/kafka/common/message/StreamsGroupHeartbeatResponseData$TopicPartition
instanceKlass org/apache/kafka/common/message/StreamsGroupHeartbeatResponseData$Endpoint
instanceKlass org/apache/kafka/common/message/StreamsGroupHeartbeatResponseData$EndpointToPartitions
instanceKlass org/apache/kafka/common/message/StreamsGroupHeartbeatResponseData$TaskIds
instanceKlass org/apache/kafka/common/message/StreamsGroupHeartbeatResponseData$Status
instanceKlass org/apache/kafka/common/message/StreamsGroupHeartbeatResponseData
instanceKlass org/apache/kafka/common/message/StreamsGroupHeartbeatRequestData$TaskOffset
instanceKlass org/apache/kafka/common/message/StreamsGroupHeartbeatRequestData$Endpoint
instanceKlass org/apache/kafka/common/message/StreamsGroupHeartbeatRequestData$TaskIds
instanceKlass org/apache/kafka/common/message/StreamsGroupHeartbeatRequestData$CopartitionGroup
instanceKlass org/apache/kafka/common/message/StreamsGroupHeartbeatRequestData$KeyValue
instanceKlass org/apache/kafka/common/message/StreamsGroupHeartbeatRequestData$TopicInfo
instanceKlass org/apache/kafka/common/message/StreamsGroupHeartbeatRequestData$Subtopology
instanceKlass org/apache/kafka/common/message/StreamsGroupHeartbeatRequestData$Topology
instanceKlass org/apache/kafka/common/message/StreamsGroupHeartbeatRequestData
instanceKlass org/apache/kafka/common/message/ReadShareGroupStateSummaryResponseData$PartitionResult
instanceKlass org/apache/kafka/common/message/ReadShareGroupStateSummaryResponseData$ReadStateSummaryResult
instanceKlass org/apache/kafka/common/message/ReadShareGroupStateSummaryResponseData
instanceKlass org/apache/kafka/common/message/ReadShareGroupStateSummaryRequestData$PartitionData
instanceKlass org/apache/kafka/common/message/ReadShareGroupStateSummaryRequestData$ReadStateSummaryData
instanceKlass org/apache/kafka/common/message/ReadShareGroupStateSummaryRequestData
instanceKlass org/apache/kafka/common/message/DeleteShareGroupStateResponseData$PartitionResult
instanceKlass org/apache/kafka/common/message/DeleteShareGroupStateResponseData$DeleteStateResult
instanceKlass org/apache/kafka/common/message/DeleteShareGroupStateResponseData
instanceKlass org/apache/kafka/common/message/DeleteShareGroupStateRequestData$PartitionData
instanceKlass org/apache/kafka/common/message/DeleteShareGroupStateRequestData$DeleteStateData
instanceKlass org/apache/kafka/common/message/DeleteShareGroupStateRequestData
instanceKlass org/apache/kafka/common/message/WriteShareGroupStateResponseData$PartitionResult
instanceKlass org/apache/kafka/common/message/WriteShareGroupStateResponseData$WriteStateResult
instanceKlass org/apache/kafka/common/message/WriteShareGroupStateResponseData
instanceKlass org/apache/kafka/common/message/WriteShareGroupStateRequestData$StateBatch
instanceKlass org/apache/kafka/common/message/WriteShareGroupStateRequestData$PartitionData
instanceKlass org/apache/kafka/common/message/WriteShareGroupStateRequestData$WriteStateData
instanceKlass org/apache/kafka/common/message/WriteShareGroupStateRequestData
instanceKlass org/apache/kafka/common/message/ReadShareGroupStateResponseData$StateBatch
instanceKlass org/apache/kafka/common/message/ReadShareGroupStateResponseData$PartitionResult
instanceKlass org/apache/kafka/common/message/ReadShareGroupStateResponseData$ReadStateResult
instanceKlass org/apache/kafka/common/message/ReadShareGroupStateResponseData
instanceKlass org/apache/kafka/common/message/ReadShareGroupStateRequestData$PartitionData
instanceKlass org/apache/kafka/common/message/ReadShareGroupStateRequestData$ReadStateData
instanceKlass org/apache/kafka/common/message/ReadShareGroupStateRequestData
instanceKlass org/apache/kafka/common/message/InitializeShareGroupStateResponseData$PartitionResult
instanceKlass org/apache/kafka/common/message/InitializeShareGroupStateResponseData$InitializeStateResult
instanceKlass org/apache/kafka/common/message/InitializeShareGroupStateResponseData
instanceKlass org/apache/kafka/common/message/InitializeShareGroupStateRequestData$PartitionData
instanceKlass org/apache/kafka/common/message/InitializeShareGroupStateRequestData$InitializeStateData
instanceKlass org/apache/kafka/common/message/InitializeShareGroupStateRequestData
instanceKlass org/apache/kafka/common/message/UpdateRaftVoterResponseData$CurrentLeader
instanceKlass org/apache/kafka/common/message/UpdateRaftVoterResponseData
instanceKlass org/apache/kafka/common/message/UpdateRaftVoterRequestData$KRaftVersionFeature
instanceKlass org/apache/kafka/common/message/UpdateRaftVoterRequestData$Listener
instanceKlass org/apache/kafka/common/message/UpdateRaftVoterRequestData
instanceKlass org/apache/kafka/common/message/RemoveRaftVoterResponseData
instanceKlass org/apache/kafka/common/message/RemoveRaftVoterRequestData
instanceKlass org/apache/kafka/common/message/AddRaftVoterResponseData
instanceKlass org/apache/kafka/common/message/AddRaftVoterRequestData$Listener
instanceKlass org/apache/kafka/common/message/AddRaftVoterRequestData
instanceKlass org/apache/kafka/common/message/ShareAcknowledgeResponseData$NodeEndpoint
instanceKlass org/apache/kafka/common/message/ShareAcknowledgeResponseData$LeaderIdAndEpoch
instanceKlass org/apache/kafka/common/message/ShareAcknowledgeResponseData$PartitionData
instanceKlass org/apache/kafka/common/message/ShareAcknowledgeResponseData$ShareAcknowledgeTopicResponse
instanceKlass org/apache/kafka/common/message/ShareAcknowledgeResponseData
instanceKlass org/apache/kafka/common/message/ShareAcknowledgeRequestData$AcknowledgementBatch
instanceKlass org/apache/kafka/common/message/ShareAcknowledgeRequestData$AcknowledgePartition
instanceKlass org/apache/kafka/common/message/ShareAcknowledgeRequestData$AcknowledgeTopic
instanceKlass org/apache/kafka/common/message/ShareAcknowledgeRequestData
instanceKlass org/apache/kafka/common/message/ShareFetchResponseData$NodeEndpoint
instanceKlass org/apache/kafka/common/message/ShareFetchResponseData$AcquiredRecords
instanceKlass org/apache/kafka/common/message/ShareFetchResponseData$LeaderIdAndEpoch
instanceKlass org/apache/kafka/common/message/ShareFetchResponseData$PartitionData
instanceKlass org/apache/kafka/common/message/ShareFetchResponseData$ShareFetchableTopicResponse
instanceKlass org/apache/kafka/common/message/ShareFetchResponseData
instanceKlass org/apache/kafka/common/message/ShareFetchRequestData$ForgottenTopic
instanceKlass org/apache/kafka/common/message/ShareFetchRequestData$AcknowledgementBatch
instanceKlass org/apache/kafka/common/message/ShareFetchRequestData$FetchPartition
instanceKlass org/apache/kafka/common/message/ShareFetchRequestData$FetchTopic
instanceKlass org/apache/kafka/common/message/ShareFetchRequestData
instanceKlass org/apache/kafka/common/message/ShareGroupDescribeResponseData$TopicPartitions
instanceKlass org/apache/kafka/common/message/ShareGroupDescribeResponseData$Assignment
instanceKlass org/apache/kafka/common/message/ShareGroupDescribeResponseData$Member
instanceKlass org/apache/kafka/common/message/ShareGroupDescribeResponseData$DescribedGroup
instanceKlass org/apache/kafka/common/message/ShareGroupDescribeResponseData
instanceKlass org/apache/kafka/common/message/ShareGroupDescribeRequestData
instanceKlass org/apache/kafka/common/message/ShareGroupHeartbeatResponseData$TopicPartitions
instanceKlass org/apache/kafka/common/message/ShareGroupHeartbeatResponseData$Assignment
instanceKlass org/apache/kafka/common/message/ShareGroupHeartbeatResponseData
instanceKlass org/apache/kafka/common/message/ShareGroupHeartbeatRequestData
instanceKlass org/apache/kafka/common/message/DescribeTopicPartitionsResponseData$Cursor
instanceKlass org/apache/kafka/common/message/DescribeTopicPartitionsResponseData$DescribeTopicPartitionsResponsePartition
instanceKlass org/apache/kafka/common/message/DescribeTopicPartitionsResponseData$DescribeTopicPartitionsResponseTopic
instanceKlass org/apache/kafka/common/message/DescribeTopicPartitionsResponseData
instanceKlass org/apache/kafka/common/message/DescribeTopicPartitionsRequestData$Cursor
instanceKlass org/apache/kafka/common/message/DescribeTopicPartitionsRequestData$TopicRequest
instanceKlass org/apache/kafka/common/message/DescribeTopicPartitionsRequestData
instanceKlass org/apache/kafka/common/message/ListConfigResourcesResponseData$ConfigResource
instanceKlass org/apache/kafka/common/message/ListConfigResourcesResponseData
instanceKlass org/apache/kafka/common/message/ListConfigResourcesRequestData
instanceKlass org/apache/kafka/common/message/AssignReplicasToDirsResponseData$PartitionData
instanceKlass org/apache/kafka/common/message/AssignReplicasToDirsResponseData$TopicData
instanceKlass org/apache/kafka/common/message/AssignReplicasToDirsResponseData$DirectoryData
instanceKlass org/apache/kafka/common/message/AssignReplicasToDirsResponseData
instanceKlass org/apache/kafka/common/message/AssignReplicasToDirsRequestData$PartitionData
instanceKlass org/apache/kafka/common/message/AssignReplicasToDirsRequestData$TopicData
instanceKlass org/apache/kafka/common/message/AssignReplicasToDirsRequestData$DirectoryData
instanceKlass org/apache/kafka/common/message/AssignReplicasToDirsRequestData
instanceKlass org/apache/kafka/common/message/PushTelemetryResponseData
instanceKlass org/apache/kafka/common/message/PushTelemetryRequestData
instanceKlass org/apache/kafka/common/message/GetTelemetrySubscriptionsResponseData
instanceKlass org/apache/kafka/common/message/GetTelemetrySubscriptionsRequestData
instanceKlass org/apache/kafka/common/message/ControllerRegistrationResponseData
instanceKlass org/apache/kafka/common/message/ControllerRegistrationRequestData$Feature
instanceKlass org/apache/kafka/common/message/ControllerRegistrationRequestData$Listener
instanceKlass org/apache/kafka/common/message/ControllerRegistrationRequestData
instanceKlass org/apache/kafka/common/message/ConsumerGroupDescribeResponseData$TopicPartitions
instanceKlass org/apache/kafka/common/message/ConsumerGroupDescribeResponseData$Assignment
instanceKlass org/apache/kafka/common/message/ConsumerGroupDescribeResponseData$Member
instanceKlass org/apache/kafka/common/message/ConsumerGroupDescribeResponseData$DescribedGroup
instanceKlass org/apache/kafka/common/message/ConsumerGroupDescribeResponseData
instanceKlass org/apache/kafka/common/message/ConsumerGroupDescribeRequestData
instanceKlass org/apache/kafka/common/message/ConsumerGroupHeartbeatResponseData$TopicPartitions
instanceKlass org/apache/kafka/common/message/ConsumerGroupHeartbeatResponseData$Assignment
instanceKlass org/apache/kafka/common/message/ConsumerGroupHeartbeatResponseData
instanceKlass org/apache/kafka/common/message/ConsumerGroupHeartbeatRequestData$TopicPartitions
instanceKlass org/apache/kafka/common/message/ConsumerGroupHeartbeatRequestData
instanceKlass org/apache/kafka/common/message/AllocateProducerIdsResponseData
instanceKlass org/apache/kafka/common/message/AllocateProducerIdsRequestData
instanceKlass org/apache/kafka/common/message/ListTransactionsResponseData$TransactionState
instanceKlass org/apache/kafka/common/message/ListTransactionsResponseData
instanceKlass org/apache/kafka/common/message/ListTransactionsRequestData
instanceKlass org/apache/kafka/common/message/DescribeTransactionsResponseData$TopicData
instanceKlass org/apache/kafka/common/message/DescribeTransactionsResponseData$TransactionState
instanceKlass org/apache/kafka/common/message/DescribeTransactionsResponseData
instanceKlass org/apache/kafka/common/message/DescribeTransactionsRequestData
instanceKlass org/apache/kafka/common/message/UnregisterBrokerResponseData
instanceKlass org/apache/kafka/common/message/UnregisterBrokerRequestData
instanceKlass org/apache/kafka/common/message/BrokerHeartbeatResponseData
instanceKlass org/apache/kafka/common/message/BrokerHeartbeatRequestData
instanceKlass org/apache/kafka/common/message/BrokerRegistrationResponseData
instanceKlass org/apache/kafka/common/message/BrokerRegistrationRequestData$Feature
instanceKlass org/apache/kafka/common/message/BrokerRegistrationRequestData$Listener
instanceKlass org/apache/kafka/common/message/BrokerRegistrationRequestData
instanceKlass org/apache/kafka/common/message/DescribeProducersResponseData$ProducerState
instanceKlass org/apache/kafka/common/message/DescribeProducersResponseData$PartitionResponse
instanceKlass org/apache/kafka/common/message/DescribeProducersResponseData$TopicResponse
instanceKlass org/apache/kafka/common/message/DescribeProducersResponseData
instanceKlass org/apache/kafka/common/message/DescribeProducersRequestData$TopicRequest
instanceKlass org/apache/kafka/common/message/DescribeProducersRequestData
instanceKlass org/apache/kafka/common/message/DescribeClusterResponseData$DescribeClusterBroker
instanceKlass org/apache/kafka/common/message/DescribeClusterResponseData
instanceKlass org/apache/kafka/common/message/DescribeClusterRequestData
instanceKlass org/apache/kafka/common/message/FetchSnapshotResponseData$NodeEndpoint
instanceKlass org/apache/kafka/common/message/FetchSnapshotResponseData$LeaderIdAndEpoch
instanceKlass org/apache/kafka/common/message/FetchSnapshotResponseData$SnapshotId
instanceKlass org/apache/kafka/common/message/FetchSnapshotResponseData$PartitionSnapshot
instanceKlass org/apache/kafka/common/message/FetchSnapshotResponseData$TopicSnapshot
instanceKlass org/apache/kafka/common/message/FetchSnapshotResponseData
instanceKlass org/apache/kafka/common/message/FetchSnapshotRequestData$SnapshotId
instanceKlass org/apache/kafka/common/message/FetchSnapshotRequestData$PartitionSnapshot
instanceKlass org/apache/kafka/common/message/FetchSnapshotRequestData$TopicSnapshot
instanceKlass org/apache/kafka/common/message/FetchSnapshotRequestData
instanceKlass org/apache/kafka/common/message/EnvelopeResponseData
instanceKlass org/apache/kafka/common/message/EnvelopeRequestData
instanceKlass org/apache/kafka/common/message/UpdateFeaturesResponseData$UpdatableFeatureResult
instanceKlass org/apache/kafka/common/message/UpdateFeaturesResponseData
instanceKlass org/apache/kafka/common/message/UpdateFeaturesRequestData$FeatureUpdateKey
instanceKlass org/apache/kafka/common/message/UpdateFeaturesRequestData
instanceKlass org/apache/kafka/common/message/AlterPartitionResponseData$PartitionData
instanceKlass org/apache/kafka/common/message/AlterPartitionResponseData$TopicData
instanceKlass org/apache/kafka/common/message/AlterPartitionResponseData
instanceKlass org/apache/kafka/common/message/AlterPartitionRequestData$BrokerState
instanceKlass org/apache/kafka/common/message/AlterPartitionRequestData$PartitionData
instanceKlass org/apache/kafka/common/message/AlterPartitionRequestData$TopicData
instanceKlass org/apache/kafka/common/message/AlterPartitionRequestData
instanceKlass org/apache/kafka/common/message/DescribeQuorumResponseData$Listener
instanceKlass org/apache/kafka/common/message/DescribeQuorumResponseData$Node
instanceKlass org/apache/kafka/common/message/DescribeQuorumResponseData$ReplicaState
instanceKlass org/apache/kafka/common/message/DescribeQuorumResponseData$PartitionData
instanceKlass org/apache/kafka/common/message/DescribeQuorumResponseData$TopicData
instanceKlass org/apache/kafka/common/message/DescribeQuorumResponseData
instanceKlass org/apache/kafka/common/message/DescribeQuorumRequestData$PartitionData
instanceKlass org/apache/kafka/common/message/DescribeQuorumRequestData$TopicData
instanceKlass org/apache/kafka/common/message/DescribeQuorumRequestData
instanceKlass org/apache/kafka/common/message/EndQuorumEpochResponseData$NodeEndpoint
instanceKlass org/apache/kafka/common/message/EndQuorumEpochResponseData$PartitionData
instanceKlass org/apache/kafka/common/message/EndQuorumEpochResponseData$TopicData
instanceKlass org/apache/kafka/common/message/EndQuorumEpochResponseData
instanceKlass org/apache/kafka/common/message/EndQuorumEpochRequestData$LeaderEndpoint
instanceKlass org/apache/kafka/common/message/EndQuorumEpochRequestData$ReplicaInfo
instanceKlass org/apache/kafka/common/message/EndQuorumEpochRequestData$PartitionData
instanceKlass org/apache/kafka/common/message/EndQuorumEpochRequestData$TopicData
instanceKlass org/apache/kafka/common/message/EndQuorumEpochRequestData
instanceKlass org/apache/kafka/common/message/BeginQuorumEpochResponseData$NodeEndpoint
instanceKlass org/apache/kafka/common/message/BeginQuorumEpochResponseData$PartitionData
instanceKlass org/apache/kafka/common/message/BeginQuorumEpochResponseData$TopicData
instanceKlass org/apache/kafka/common/message/BeginQuorumEpochResponseData
instanceKlass org/apache/kafka/common/message/BeginQuorumEpochRequestData$LeaderEndpoint
instanceKlass org/apache/kafka/common/message/BeginQuorumEpochRequestData$PartitionData
instanceKlass org/apache/kafka/common/message/BeginQuorumEpochRequestData$TopicData
instanceKlass org/apache/kafka/common/message/BeginQuorumEpochRequestData
instanceKlass org/apache/kafka/common/message/VoteResponseData$NodeEndpoint
instanceKlass org/apache/kafka/common/message/VoteResponseData$PartitionData
instanceKlass org/apache/kafka/common/message/VoteResponseData$TopicData
instanceKlass org/apache/kafka/common/message/VoteResponseData
instanceKlass org/apache/kafka/common/message/VoteRequestData$PartitionData
instanceKlass org/apache/kafka/common/message/VoteRequestData$TopicData
instanceKlass org/apache/kafka/common/message/VoteRequestData
instanceKlass org/apache/kafka/common/message/AlterUserScramCredentialsResponseData$AlterUserScramCredentialsResult
instanceKlass org/apache/kafka/common/message/AlterUserScramCredentialsResponseData
instanceKlass org/apache/kafka/common/message/AlterUserScramCredentialsRequestData$ScramCredentialUpsertion
instanceKlass org/apache/kafka/common/message/AlterUserScramCredentialsRequestData$ScramCredentialDeletion
instanceKlass org/apache/kafka/common/message/AlterUserScramCredentialsRequestData
instanceKlass org/apache/kafka/common/message/DescribeUserScramCredentialsResponseData$CredentialInfo
instanceKlass org/apache/kafka/common/message/DescribeUserScramCredentialsResponseData$DescribeUserScramCredentialsResult
instanceKlass org/apache/kafka/common/message/DescribeUserScramCredentialsResponseData
instanceKlass org/apache/kafka/common/message/DescribeUserScramCredentialsRequestData$UserName
instanceKlass org/apache/kafka/common/message/DescribeUserScramCredentialsRequestData
instanceKlass org/apache/kafka/common/message/AlterClientQuotasResponseData$EntityData
instanceKlass org/apache/kafka/common/message/AlterClientQuotasResponseData$EntryData
instanceKlass org/apache/kafka/common/message/AlterClientQuotasResponseData
instanceKlass org/apache/kafka/common/message/AlterClientQuotasRequestData$OpData
instanceKlass org/apache/kafka/common/message/AlterClientQuotasRequestData$EntityData
instanceKlass org/apache/kafka/common/message/AlterClientQuotasRequestData$EntryData
instanceKlass org/apache/kafka/common/message/AlterClientQuotasRequestData
instanceKlass org/apache/kafka/common/message/DescribeClientQuotasResponseData$ValueData
instanceKlass org/apache/kafka/common/message/DescribeClientQuotasResponseData$EntityData
instanceKlass org/apache/kafka/common/message/DescribeClientQuotasResponseData$EntryData
instanceKlass org/apache/kafka/common/message/DescribeClientQuotasResponseData
instanceKlass org/apache/kafka/common/message/DescribeClientQuotasRequestData$ComponentData
instanceKlass org/apache/kafka/common/message/DescribeClientQuotasRequestData
instanceKlass org/apache/kafka/common/message/OffsetDeleteResponseData$OffsetDeleteResponsePartition
instanceKlass org/apache/kafka/common/message/OffsetDeleteResponseData$OffsetDeleteResponseTopic
instanceKlass org/apache/kafka/common/message/OffsetDeleteResponseData
instanceKlass org/apache/kafka/common/message/OffsetDeleteRequestData$OffsetDeleteRequestPartition
instanceKlass org/apache/kafka/common/message/OffsetDeleteRequestData$OffsetDeleteRequestTopic
instanceKlass org/apache/kafka/common/message/OffsetDeleteRequestData
instanceKlass org/apache/kafka/common/message/ListPartitionReassignmentsResponseData$OngoingPartitionReassignment
instanceKlass org/apache/kafka/common/message/ListPartitionReassignmentsResponseData$OngoingTopicReassignment
instanceKlass org/apache/kafka/common/message/ListPartitionReassignmentsResponseData
instanceKlass org/apache/kafka/common/message/ListPartitionReassignmentsRequestData$ListPartitionReassignmentsTopics
instanceKlass org/apache/kafka/common/message/ListPartitionReassignmentsRequestData
instanceKlass org/apache/kafka/common/message/AlterPartitionReassignmentsResponseData$ReassignablePartitionResponse
instanceKlass org/apache/kafka/common/message/AlterPartitionReassignmentsResponseData$ReassignableTopicResponse
instanceKlass org/apache/kafka/common/message/AlterPartitionReassignmentsResponseData
instanceKlass org/apache/kafka/common/message/AlterPartitionReassignmentsRequestData$ReassignablePartition
instanceKlass org/apache/kafka/common/message/AlterPartitionReassignmentsRequestData$ReassignableTopic
instanceKlass org/apache/kafka/common/message/AlterPartitionReassignmentsRequestData
instanceKlass org/apache/kafka/common/message/IncrementalAlterConfigsResponseData$AlterConfigsResourceResponse
instanceKlass org/apache/kafka/common/message/IncrementalAlterConfigsResponseData
instanceKlass org/apache/kafka/common/message/IncrementalAlterConfigsRequestData$AlterableConfig
instanceKlass org/apache/kafka/common/message/IncrementalAlterConfigsRequestData$AlterConfigsResource
instanceKlass org/apache/kafka/common/message/IncrementalAlterConfigsRequestData
instanceKlass org/apache/kafka/common/message/ElectLeadersResponseData$PartitionResult
instanceKlass org/apache/kafka/common/message/ElectLeadersResponseData$ReplicaElectionResult
instanceKlass org/apache/kafka/common/message/ElectLeadersResponseData
instanceKlass org/apache/kafka/common/message/ElectLeadersRequestData$TopicPartitions
instanceKlass org/apache/kafka/common/message/ElectLeadersRequestData
instanceKlass org/apache/kafka/common/message/DeleteGroupsResponseData$DeletableGroupResult
instanceKlass org/apache/kafka/common/message/DeleteGroupsResponseData
instanceKlass org/apache/kafka/common/message/DeleteGroupsRequestData
instanceKlass org/apache/kafka/common/message/DescribeDelegationTokenResponseData$DescribedDelegationTokenRenewer
instanceKlass org/apache/kafka/common/message/DescribeDelegationTokenResponseData$DescribedDelegationToken
instanceKlass org/apache/kafka/common/message/DescribeDelegationTokenResponseData
instanceKlass org/apache/kafka/common/message/DescribeDelegationTokenRequestData$DescribeDelegationTokenOwner
instanceKlass org/apache/kafka/common/message/DescribeDelegationTokenRequestData
instanceKlass org/apache/kafka/common/message/ExpireDelegationTokenResponseData
instanceKlass org/apache/kafka/common/message/ExpireDelegationTokenRequestData
instanceKlass org/apache/kafka/common/message/RenewDelegationTokenResponseData
instanceKlass org/apache/kafka/common/message/RenewDelegationTokenRequestData
instanceKlass org/apache/kafka/common/message/CreateDelegationTokenResponseData
instanceKlass org/apache/kafka/common/message/CreateDelegationTokenRequestData$CreatableRenewers
instanceKlass org/apache/kafka/common/message/CreateDelegationTokenRequestData
instanceKlass org/apache/kafka/common/message/CreatePartitionsResponseData$CreatePartitionsTopicResult
instanceKlass org/apache/kafka/common/message/CreatePartitionsResponseData
instanceKlass org/apache/kafka/common/message/CreatePartitionsRequestData$CreatePartitionsAssignment
instanceKlass org/apache/kafka/common/message/CreatePartitionsRequestData$CreatePartitionsTopic
instanceKlass org/apache/kafka/common/message/CreatePartitionsRequestData
instanceKlass org/apache/kafka/common/message/SaslAuthenticateResponseData
instanceKlass org/apache/kafka/common/message/SaslAuthenticateRequestData
instanceKlass org/apache/kafka/common/message/DescribeLogDirsResponseData$DescribeLogDirsPartition
instanceKlass org/apache/kafka/common/message/DescribeLogDirsResponseData$DescribeLogDirsTopic
instanceKlass org/apache/kafka/common/message/DescribeLogDirsResponseData$DescribeLogDirsResult
instanceKlass org/apache/kafka/common/message/DescribeLogDirsResponseData
instanceKlass org/apache/kafka/common/message/DescribeLogDirsRequestData$DescribableLogDirTopic
instanceKlass org/apache/kafka/common/message/DescribeLogDirsRequestData
instanceKlass org/apache/kafka/common/message/AlterReplicaLogDirsResponseData$AlterReplicaLogDirPartitionResult
instanceKlass org/apache/kafka/common/message/AlterReplicaLogDirsResponseData$AlterReplicaLogDirTopicResult
instanceKlass org/apache/kafka/common/message/AlterReplicaLogDirsResponseData
instanceKlass org/apache/kafka/common/message/AlterReplicaLogDirsRequestData$AlterReplicaLogDirTopic
instanceKlass org/apache/kafka/common/message/AlterReplicaLogDirsRequestData$AlterReplicaLogDir
instanceKlass org/apache/kafka/common/message/AlterReplicaLogDirsRequestData
instanceKlass org/apache/kafka/common/message/AlterConfigsResponseData$AlterConfigsResourceResponse
instanceKlass org/apache/kafka/common/message/AlterConfigsResponseData
instanceKlass org/apache/kafka/common/message/AlterConfigsRequestData$AlterableConfig
instanceKlass org/apache/kafka/common/message/AlterConfigsRequestData$AlterConfigsResource
instanceKlass org/apache/kafka/common/message/AlterConfigsRequestData
instanceKlass org/apache/kafka/common/message/DescribeConfigsResponseData$DescribeConfigsSynonym
instanceKlass org/apache/kafka/common/message/DescribeConfigsResponseData$DescribeConfigsResourceResult
instanceKlass org/apache/kafka/common/message/DescribeConfigsResponseData$DescribeConfigsResult
instanceKlass org/apache/kafka/common/message/DescribeConfigsResponseData
instanceKlass org/apache/kafka/common/message/DescribeConfigsRequestData$DescribeConfigsResource
instanceKlass org/apache/kafka/common/message/DescribeConfigsRequestData
instanceKlass org/apache/kafka/common/message/DeleteAclsResponseData$DeleteAclsMatchingAcl
instanceKlass org/apache/kafka/common/message/DeleteAclsResponseData$DeleteAclsFilterResult
instanceKlass org/apache/kafka/common/message/DeleteAclsResponseData
instanceKlass org/apache/kafka/common/message/DeleteAclsRequestData$DeleteAclsFilter
instanceKlass org/apache/kafka/common/message/DeleteAclsRequestData
instanceKlass org/apache/kafka/common/message/CreateAclsResponseData$AclCreationResult
instanceKlass org/apache/kafka/common/message/CreateAclsResponseData
instanceKlass org/apache/kafka/common/message/CreateAclsRequestData$AclCreation
instanceKlass org/apache/kafka/common/message/CreateAclsRequestData
instanceKlass org/apache/kafka/common/message/DescribeAclsResponseData$AclDescription
instanceKlass org/apache/kafka/common/message/DescribeAclsResponseData$DescribeAclsResource
instanceKlass org/apache/kafka/common/message/DescribeAclsResponseData
instanceKlass org/apache/kafka/common/message/DescribeAclsRequestData
instanceKlass org/apache/kafka/common/message/TxnOffsetCommitResponseData$TxnOffsetCommitResponsePartition
instanceKlass org/apache/kafka/common/message/TxnOffsetCommitResponseData$TxnOffsetCommitResponseTopic
instanceKlass org/apache/kafka/common/message/TxnOffsetCommitResponseData
instanceKlass org/apache/kafka/common/message/TxnOffsetCommitRequestData$TxnOffsetCommitRequestPartition
instanceKlass org/apache/kafka/common/message/TxnOffsetCommitRequestData$TxnOffsetCommitRequestTopic
instanceKlass org/apache/kafka/common/message/TxnOffsetCommitRequestData
instanceKlass org/apache/kafka/common/message/WriteTxnMarkersResponseData$WritableTxnMarkerPartitionResult
instanceKlass org/apache/kafka/common/message/WriteTxnMarkersResponseData$WritableTxnMarkerTopicResult
instanceKlass org/apache/kafka/common/message/WriteTxnMarkersResponseData$WritableTxnMarkerResult
instanceKlass org/apache/kafka/common/message/WriteTxnMarkersResponseData
instanceKlass org/apache/kafka/common/message/WriteTxnMarkersRequestData$WritableTxnMarkerTopic
instanceKlass org/apache/kafka/common/message/WriteTxnMarkersRequestData$WritableTxnMarker
instanceKlass org/apache/kafka/common/message/WriteTxnMarkersRequestData
instanceKlass org/apache/kafka/common/message/EndTxnResponseData
instanceKlass org/apache/kafka/common/message/EndTxnRequestData
instanceKlass org/apache/kafka/common/message/AddOffsetsToTxnResponseData
instanceKlass org/apache/kafka/common/message/AddOffsetsToTxnRequestData
instanceKlass org/apache/kafka/common/message/AddPartitionsToTxnResponseData$AddPartitionsToTxnResult
instanceKlass org/apache/kafka/common/message/AddPartitionsToTxnResponseData$AddPartitionsToTxnPartitionResult
instanceKlass org/apache/kafka/common/message/AddPartitionsToTxnResponseData$AddPartitionsToTxnTopicResult
instanceKlass org/apache/kafka/common/message/AddPartitionsToTxnResponseData
instanceKlass org/apache/kafka/common/message/AddPartitionsToTxnRequestData$AddPartitionsToTxnTransaction
instanceKlass org/apache/kafka/common/message/AddPartitionsToTxnRequestData$AddPartitionsToTxnTopic
instanceKlass org/apache/kafka/common/message/AddPartitionsToTxnRequestData
instanceKlass org/apache/kafka/common/message/OffsetForLeaderEpochResponseData$EpochEndOffset
instanceKlass org/apache/kafka/common/message/OffsetForLeaderEpochResponseData$OffsetForLeaderTopicResult
instanceKlass org/apache/kafka/common/message/OffsetForLeaderEpochResponseData
instanceKlass org/apache/kafka/common/message/OffsetForLeaderEpochRequestData$OffsetForLeaderPartition
instanceKlass org/apache/kafka/common/message/OffsetForLeaderEpochRequestData$OffsetForLeaderTopic
instanceKlass org/apache/kafka/common/message/OffsetForLeaderEpochRequestData
instanceKlass org/apache/kafka/common/message/InitProducerIdResponseData
instanceKlass org/apache/kafka/common/message/InitProducerIdRequestData
instanceKlass org/apache/kafka/common/message/DeleteRecordsResponseData$DeleteRecordsPartitionResult
instanceKlass org/apache/kafka/common/message/DeleteRecordsResponseData$DeleteRecordsTopicResult
instanceKlass org/apache/kafka/common/message/DeleteRecordsResponseData
instanceKlass org/apache/kafka/common/message/DeleteRecordsRequestData$DeleteRecordsPartition
instanceKlass org/apache/kafka/common/message/DeleteRecordsRequestData$DeleteRecordsTopic
instanceKlass org/apache/kafka/common/message/DeleteRecordsRequestData
instanceKlass org/apache/kafka/common/message/DeleteTopicsResponseData$DeletableTopicResult
instanceKlass org/apache/kafka/common/message/DeleteTopicsResponseData
instanceKlass org/apache/kafka/common/message/DeleteTopicsRequestData$DeleteTopicState
instanceKlass org/apache/kafka/common/message/DeleteTopicsRequestData
instanceKlass org/apache/kafka/common/message/CreateTopicsResponseData$CreatableTopicConfigs
instanceKlass org/apache/kafka/common/message/CreateTopicsResponseData$CreatableTopicResult
instanceKlass org/apache/kafka/common/message/CreateTopicsResponseData
instanceKlass org/apache/kafka/common/message/CreateTopicsRequestData$CreatableTopicConfig
instanceKlass org/apache/kafka/common/message/CreateTopicsRequestData$CreatableReplicaAssignment
instanceKlass org/apache/kafka/common/message/CreateTopicsRequestData$CreatableTopic
instanceKlass org/apache/kafka/common/message/CreateTopicsRequestData
instanceKlass org/apache/kafka/common/message/ApiVersionsResponseData$FinalizedFeatureKey
instanceKlass org/apache/kafka/common/message/ApiVersionsResponseData$SupportedFeatureKey
instanceKlass org/apache/kafka/common/message/ApiVersionsResponseData$ApiVersion
instanceKlass org/apache/kafka/common/message/ApiVersionsResponseData
instanceKlass org/apache/kafka/common/message/ApiVersionsRequestData
instanceKlass org/apache/kafka/common/message/SaslHandshakeResponseData
instanceKlass org/apache/kafka/common/message/SaslHandshakeRequestData
instanceKlass org/apache/kafka/common/message/ListGroupsResponseData$ListedGroup
instanceKlass org/apache/kafka/common/message/ListGroupsResponseData
instanceKlass org/apache/kafka/common/protocol/types/Struct
instanceKlass org/apache/kafka/common/message/ListGroupsRequestData
instanceKlass org/apache/kafka/common/message/DescribeGroupsResponseData$DescribedGroupMember
instanceKlass org/apache/kafka/common/message/DescribeGroupsResponseData$DescribedGroup
instanceKlass org/apache/kafka/common/message/DescribeGroupsResponseData
instanceKlass org/apache/kafka/common/message/DescribeGroupsRequestData
instanceKlass org/apache/kafka/common/message/SyncGroupResponseData
instanceKlass org/apache/kafka/common/message/SyncGroupRequestData$SyncGroupRequestAssignment
instanceKlass org/apache/kafka/common/message/SyncGroupRequestData
instanceKlass org/apache/kafka/common/message/LeaveGroupResponseData$MemberResponse
instanceKlass org/apache/kafka/common/message/LeaveGroupResponseData
instanceKlass org/apache/kafka/common/message/LeaveGroupRequestData$MemberIdentity
instanceKlass org/apache/kafka/common/message/LeaveGroupRequestData
instanceKlass org/apache/kafka/common/message/HeartbeatResponseData
instanceKlass org/apache/kafka/common/message/HeartbeatRequestData
instanceKlass org/apache/kafka/common/message/JoinGroupResponseData$JoinGroupResponseMember
instanceKlass org/apache/kafka/common/message/JoinGroupResponseData
instanceKlass org/apache/kafka/common/message/JoinGroupRequestData$JoinGroupRequestProtocol
instanceKlass org/apache/kafka/common/message/JoinGroupRequestData
instanceKlass org/apache/kafka/common/message/FindCoordinatorResponseData$Coordinator
instanceKlass org/apache/kafka/common/message/FindCoordinatorResponseData
instanceKlass org/apache/kafka/common/message/OffsetFetchResponseData$OffsetFetchResponsePartitions
instanceKlass org/apache/kafka/common/message/OffsetFetchResponseData$OffsetFetchResponseTopics
instanceKlass org/apache/kafka/common/message/OffsetFetchResponseData$OffsetFetchResponseGroup
instanceKlass org/apache/kafka/common/message/OffsetFetchResponseData$OffsetFetchResponsePartition
instanceKlass org/apache/kafka/common/message/OffsetFetchResponseData$OffsetFetchResponseTopic
instanceKlass org/apache/kafka/common/message/OffsetFetchResponseData
instanceKlass org/apache/kafka/common/message/OffsetFetchRequestData$OffsetFetchRequestTopics
instanceKlass org/apache/kafka/common/message/OffsetFetchRequestData$OffsetFetchRequestGroup
instanceKlass org/apache/kafka/common/message/OffsetFetchRequestData$OffsetFetchRequestTopic
instanceKlass org/apache/kafka/common/message/OffsetFetchRequestData
instanceKlass org/apache/kafka/common/message/OffsetCommitResponseData$OffsetCommitResponsePartition
instanceKlass org/apache/kafka/common/message/OffsetCommitResponseData$OffsetCommitResponseTopic
instanceKlass org/apache/kafka/common/message/OffsetCommitResponseData
instanceKlass org/apache/kafka/common/message/OffsetCommitRequestData$OffsetCommitRequestPartition
instanceKlass org/apache/kafka/common/message/OffsetCommitRequestData$OffsetCommitRequestTopic
instanceKlass org/apache/kafka/common/message/OffsetCommitRequestData
instanceKlass org/apache/kafka/common/message/MetadataResponseData$MetadataResponsePartition
instanceKlass org/apache/kafka/common/message/MetadataResponseData$MetadataResponseTopic
instanceKlass org/apache/kafka/common/message/MetadataResponseData$MetadataResponseBroker
instanceKlass org/apache/kafka/common/message/MetadataResponseData
instanceKlass org/apache/kafka/common/message/MetadataRequestData$MetadataRequestTopic
instanceKlass org/apache/kafka/common/message/MetadataRequestData
instanceKlass org/apache/kafka/common/message/ListOffsetsResponseData$ListOffsetsPartitionResponse
instanceKlass org/apache/kafka/common/message/ListOffsetsResponseData$ListOffsetsTopicResponse
instanceKlass org/apache/kafka/common/message/ListOffsetsResponseData
instanceKlass org/apache/kafka/common/message/ListOffsetsRequestData$ListOffsetsPartition
instanceKlass org/apache/kafka/common/message/ListOffsetsRequestData$ListOffsetsTopic
instanceKlass org/apache/kafka/common/message/ListOffsetsRequestData
instanceKlass org/apache/kafka/common/message/FetchResponseData$NodeEndpoint
instanceKlass org/apache/kafka/common/message/FetchResponseData$SnapshotId
instanceKlass org/apache/kafka/common/message/FetchResponseData$LeaderIdAndEpoch
instanceKlass org/apache/kafka/common/message/FetchResponseData$EpochEndOffset
instanceKlass org/apache/kafka/common/message/FetchResponseData$AbortedTransaction
instanceKlass org/apache/kafka/common/message/FetchResponseData$PartitionData
instanceKlass org/apache/kafka/common/message/FetchResponseData$FetchableTopicResponse
instanceKlass org/apache/kafka/common/message/FetchResponseData
instanceKlass org/apache/kafka/common/message/FetchRequestData$ReplicaState
instanceKlass org/apache/kafka/common/message/FetchRequestData$ForgottenTopic
instanceKlass org/apache/kafka/common/message/FetchRequestData$FetchPartition
instanceKlass org/apache/kafka/common/message/FetchRequestData$FetchTopic
instanceKlass org/apache/kafka/common/message/FetchRequestData
instanceKlass org/apache/kafka/common/message/ProduceResponseData$NodeEndpoint
instanceKlass org/apache/kafka/common/message/ProduceResponseData$LeaderIdAndEpoch
instanceKlass org/apache/kafka/common/message/ProduceResponseData$BatchIndexAndErrorMessage
instanceKlass org/apache/kafka/common/message/ProduceResponseData$PartitionProduceResponse
instanceKlass org/apache/kafka/common/message/ProduceResponseData$TopicProduceResponse
instanceKlass org/apache/kafka/common/message/ProduceResponseData
instanceKlass org/apache/kafka/common/record/BaseRecords
instanceKlass org/apache/kafka/common/message/ProduceRequestData$PartitionProduceData
instanceKlass org/apache/kafka/common/message/ProduceRequestData$TopicProduceData
instanceKlass org/apache/kafka/common/message/ProduceRequestData
instanceKlass org/apache/kafka/common/protocol/types/Schema$Visitor
instanceKlass org/apache/kafka/common/requests/AbstractRequest
instanceKlass org/apache/kafka/common/requests/AbstractRequestResponse
instanceKlass  @bci org/springframework/boot/SpringApplicationRunListeners ready (Lorg/springframework/context/ConfigurableApplicationContext;Ljava/time/Duration;)V 5 <appendix> member <vmtarget> ; # org/springframework/boot/SpringApplicationRunListeners$$Lambda+0x0000028b9b3b81f8
instanceKlass  @bci org/springframework/boot/SpringApplication callRunners (Lorg/springframework/context/ConfigurableApplicationContext;Lorg/springframework/boot/ApplicationArguments;)V 124 <appendix> member <vmtarget> ; # org/springframework/boot/SpringApplication$$Lambda+0x0000028b9b3b79f0
instanceKlass java/util/IdentityHashMap$IdentityHashMapSpliterator
instanceKlass org/springframework/boot/SpringApplication$FactoryAwareOrderSourceProvider
instanceKlass org/springframework/boot/Runner
instanceKlass org/apache/kafka/common/message/FindCoordinatorRequestData
instanceKlass org/apache/kafka/common/protocol/ApiMessage
instanceKlass org/apache/kafka/common/protocol/Message
instanceKlass  @bci org/springframework/boot/SpringApplicationRunListeners started (Lorg/springframework/context/ConfigurableApplicationContext;Ljava/time/Duration;)V 5 <appendix> member <vmtarget> ; # org/springframework/boot/SpringApplicationRunListeners$$Lambda+0x0000028b9b3b5f78
instanceKlass org/apache/kafka/clients/LeastLoadedNode
instanceKlass org/apache/kafka/common/metrics/stats/SampledStat$Sample
instanceKlass  @bci sun/management/spi/PlatformMBeanProvider$PlatformComponent getMBeans (Ljava/lang/Class;)Ljava/util/List; 63 <appendix> member <vmtarget> ; # sun/management/spi/PlatformMBeanProvider$PlatformComponent$$Lambda+0x0000028b9b3c8ad8
instanceKlass  @bci sun/management/spi/PlatformMBeanProvider$PlatformComponent getMBeans (Ljava/lang/Class;)Ljava/util/List; 47 <appendix> member <vmtarget> ; # sun/management/spi/PlatformMBeanProvider$PlatformComponent$$Lambda+0x0000028b9b3c8880
instanceKlass java/util/stream/ReduceOps$2ReducingSink
instanceKlass  @bci org/springframework/kafka/listener/KafkaMessageListenerContainer$ListenerConsumer pausePartitionsIfNecessary ()V 30 <appendix> member <vmtarget> ; # org/springframework/kafka/listener/KafkaMessageListenerContainer$ListenerConsumer$$Lambda+0x0000028b9b3b5b08
instanceKlass  @bci org/apache/kafka/clients/consumer/internals/SubscriptionState collectPartitions (Ljava/util/function/Predicate;)Ljava/util/Set; 14 <appendix> member <vmtarget> ; # org/apache/kafka/clients/consumer/internals/SubscriptionState$$Lambda+0x0000028b9b3b58d0
instanceKlass  @bci org/apache/kafka/clients/consumer/internals/SubscriptionState pausedPartitions ()Ljava/util/Set; 1 <appendix> argL0 ; # org/apache/kafka/clients/consumer/internals/SubscriptionState$$Lambda+0x0000028b9b3b5680
instanceKlass org/apache/kafka/clients/consumer/internals/SubscriptionState$TopicPartitionState
instanceKlass  @bci java/lang/management/ManagementFactory$PlatformMBeanFinder findSingleton (Ljava/lang/Class;)Lsun/management/spi/PlatformMBeanProvider$PlatformComponent; 30 <appendix> member <vmtarget> ; # java/lang/management/ManagementFactory$PlatformMBeanFinder$$Lambda+0x0000028b9b3c8088
instanceKlass  @bci java/lang/management/ManagementFactory$PlatformMBeanFinder findSingleton (Ljava/lang/Class;)Lsun/management/spi/PlatformMBeanProvider$PlatformComponent; 19 <appendix> member <vmtarget> ; # java/lang/management/ManagementFactory$PlatformMBeanFinder$$Lambda+0x0000028b9b3c7e30
instanceKlass  @bci org/springframework/kafka/listener/KafkaMessageListenerContainer$ListenerConsumer commitIfNecessary ()V 10 <appendix> member <vmtarget> ; # org/springframework/kafka/listener/KafkaMessageListenerContainer$ListenerConsumer$$Lambda+0x0000028b9b3b5230
instanceKlass  @bci org/springframework/boot/autoconfigure/condition/ConditionEvaluationReport addNoMatchOutcomeToAncestors (Ljava/lang/String;)V 13 <appendix> member <vmtarget> ; # org/springframework/boot/autoconfigure/condition/ConditionEvaluationReport$$Lambda+0x0000028b9b3b4ff8
instanceKlass  @bci org/springframework/kafka/listener/KafkaMessageListenerContainer$ListenerConsumer buildCommits ()Ljava/util/Map; 14 <appendix> member <vmtarget> ; # org/springframework/kafka/listener/KafkaMessageListenerContainer$ListenerConsumer$$Lambda+0x0000028b9b3b4dc0
instanceKlass  @bci org/springframework/boot/autoconfigure/condition/ConditionEvaluationReport getConditionAndOutcomesBySource ()Ljava/util/Map; 12 <appendix> member <vmtarget> ; # org/springframework/boot/autoconfigure/condition/ConditionEvaluationReport$$Lambda+0x0000028b9b3b4b88
instanceKlass java/util/concurrent/ForkJoinTask$Aux
instanceKlass java/util/concurrent/CompletableFuture$AsynchronousCompletionTask
instanceKlass java/util/concurrent/ForkJoinPool$2
instanceKlass jdk/internal/access/JavaUtilConcurrentFJPAccess
instanceKlass java/util/concurrent/ForkJoinPool$DefaultForkJoinWorkerThreadFactory
instanceKlass java/util/concurrent/ForkJoinTask
instanceKlass java/util/concurrent/ForkJoinPool$WorkQueue
instanceKlass java/util/concurrent/ForkJoinPool$ForkJoinWorkerThreadFactory
instanceKlass java/util/concurrent/CompletableFuture$AltResult
instanceKlass  @bci org/springframework/kafka/listener/KafkaMessageListenerContainer$ListenerConsumer setupObservationRegistry (Lio/micrometer/observation/ObservationRegistry;)V 110 <appendix> member <vmtarget> ; # org/springframework/kafka/listener/KafkaMessageListenerContainer$ListenerConsumer$$Lambda+0x0000028b9b3b4950
instanceKlass org/springframework/kafka/support/serializer/ErrorHandlingDeserializer
instanceKlass  @bci org/springframework/kafka/listener/ErrorHandlingUtils <clinit> ()V 0 <appendix> argL0 ; # org/springframework/kafka/listener/ErrorHandlingUtils$$Lambda+0x0000028b9b3b3de8
instanceKlass org/springframework/kafka/listener/ErrorHandlingUtils
instanceKlass java/util/concurrent/Executors$RunnableAdapter
instanceKlass org/springframework/scheduling/support/DelegatingErrorHandlingRunnable
instanceKlass org/springframework/scheduling/support/TaskUtils$LoggingErrorHandler
instanceKlass org/springframework/scheduling/support/TaskUtils
instanceKlass  @bci org/springframework/kafka/listener/KafkaMessageListenerContainer$ListenerConsumer <init> (Lorg/springframework/kafka/listener/KafkaMessageListenerContainer;Lorg/springframework/kafka/listener/GenericMessageListener;Lorg/springframework/kafka/listener/ListenerType;Lio/micrometer/observation/ObservationRegistry;)V 1406 <appendix> member <vmtarget> ; # org/springframework/kafka/listener/KafkaMessageListenerContainer$ListenerConsumer$$Lambda+0x0000028b9b3b3120
instanceKlass java/util/concurrent/RunnableScheduledFuture
instanceKlass java/util/concurrent/ScheduledFuture
instanceKlass java/util/concurrent/Delayed
instanceKlass  @bci org/springframework/kafka/listener/FallbackBatchErrorHandler <init> (Lorg/springframework/util/backoff/BackOff;Lorg/springframework/kafka/listener/ConsumerRecordRecoverer;)V 74 <appendix> member <vmtarget> ; # org/springframework/kafka/listener/FallbackBatchErrorHandler$$Lambda+0x0000028b9b3b29a8
instanceKlass org/springframework/kafka/listener/FallbackBatchErrorHandler$SeekAfterRecoverFailsOrInterrupted
instanceKlass org/springframework/kafka/listener/adapter/AbstractDelegatingMessageListenerAdapter
instanceKlass  @bci org/apache/kafka/clients/consumer/internals/FetchBuffer retainAll (Ljava/util/Set;)V 15 <appendix> member <vmtarget> ; # org/apache/kafka/clients/consumer/internals/FetchBuffer$$Lambda+0x0000028b9b3b1158
instanceKlass org/springframework/kafka/listener/KafkaMessageListenerContainer$ListenerConsumer$ListenerConsumerRebalanceListener
instanceKlass org/apache/kafka/common/utils/AppInfoParser$ImmutableValue
instanceKlass org/apache/kafka/common/metrics/Gauge
instanceKlass org/apache/kafka/common/utils/AppInfoParser$AppInfo
instanceKlass org/apache/kafka/common/utils/AppInfoParser$AppInfoMBean
instanceKlass org/apache/kafka/common/utils/AppInfoParser
instanceKlass  @bci org/apache/kafka/clients/consumer/internals/metrics/KafkaConsumerMetrics <init> (Lorg/apache/kafka/common/metrics/Metrics;Ljava/lang/String;)V 17 <appendix> member <vmtarget> ; # org/apache/kafka/clients/consumer/internals/metrics/KafkaConsumerMetrics$$Lambda+0x0000028b9b3b0258
instanceKlass org/apache/kafka/clients/consumer/internals/metrics/KafkaConsumerMetrics
instanceKlass org/apache/kafka/clients/consumer/internals/TopicMetadataFetcher
instanceKlass org/apache/kafka/clients/consumer/internals/OffsetFetcherUtils
instanceKlass org/apache/kafka/clients/consumer/internals/AsyncClient
instanceKlass org/apache/kafka/clients/consumer/internals/OffsetFetcher
instanceKlass org/apache/kafka/clients/consumer/internals/FetchCollector
instanceKlass org/apache/kafka/common/utils/BufferSupplier
instanceKlass org/apache/kafka/clients/consumer/internals/CompletedFetch
instanceKlass org/apache/kafka/common/internals/IdempotentCloser
instanceKlass org/apache/kafka/clients/consumer/internals/FetchBuffer
instanceKlass org/apache/kafka/clients/consumer/internals/AbstractFetch
instanceKlass org/apache/kafka/clients/consumer/internals/metrics/RebalanceCallbackMetricsManager
instanceKlass org/apache/kafka/clients/consumer/internals/ConsumerRebalanceListenerInvoker
instanceKlass  @bci org/apache/kafka/clients/consumer/internals/ConsumerCoordinator$ConsumerCoordinatorMetrics <init> (Lorg/apache/kafka/clients/consumer/internals/ConsumerCoordinator;Lorg/apache/kafka/common/metrics/Metrics;Ljava/lang/String;)V 97 <appendix> member <vmtarget> ; # org/apache/kafka/clients/consumer/internals/ConsumerCoordinator$ConsumerCoordinatorMetrics$$Lambda+0x0000028b9b3abdb8
instanceKlass org/apache/kafka/clients/consumer/internals/ConsumerCoordinator$ConsumerCoordinatorMetrics
instanceKlass org/apache/kafka/clients/consumer/internals/ConsumerCoordinator$DefaultOffsetCommitCallback
instanceKlass org/apache/kafka/clients/consumer/internals/ConsumerCoordinator$MetadataSnapshot
instanceKlass  @bci org/apache/kafka/clients/consumer/internals/AbstractCoordinator$GroupCoordinatorMetrics <init> (Lorg/apache/kafka/clients/consumer/internals/AbstractCoordinator;Lorg/apache/kafka/common/metrics/Metrics;Ljava/lang/String;)V 503 <appendix> member <vmtarget> ; # org/apache/kafka/clients/consumer/internals/AbstractCoordinator$GroupCoordinatorMetrics$$Lambda+0x0000028b9b3ab538
instanceKlass  @bci org/apache/kafka/clients/consumer/internals/AbstractCoordinator$GroupCoordinatorMetrics <init> (Lorg/apache/kafka/clients/consumer/internals/AbstractCoordinator;Lorg/apache/kafka/common/metrics/Metrics;Ljava/lang/String;)V 477 <appendix> member <vmtarget> ; # org/apache/kafka/clients/consumer/internals/AbstractCoordinator$GroupCoordinatorMetrics$$Lambda+0x0000028b9b3ab310
instanceKlass org/apache/kafka/clients/consumer/internals/AbstractCoordinator$GroupCoordinatorMetrics
instanceKlass org/apache/kafka/common/utils/Timer
instanceKlass org/apache/kafka/clients/consumer/internals/Heartbeat
instanceKlass org/apache/kafka/clients/consumer/internals/AbstractCoordinator$Generation
instanceKlass org/apache/kafka/clients/consumer/internals/RequestFutureAdapter
instanceKlass org/apache/kafka/clients/consumer/internals/RequestFutureListener
instanceKlass org/apache/kafka/clients/consumer/internals/AbstractCoordinator
instanceKlass org/apache/kafka/common/protocol/types/BoundField
instanceKlass org/apache/kafka/common/protocol/types/Field
instanceKlass org/apache/kafka/common/protocol/types/Type
instanceKlass org/apache/kafka/clients/consumer/internals/AbstractStickyAssignor$AbstractAssignmentBuilder
instanceKlass org/apache/kafka/clients/consumer/internals/Utils$TopicPartitionComparator
instanceKlass org/apache/kafka/clients/consumer/internals/ConsumerNetworkClient$UnsentRequests
instanceKlass org/apache/kafka/clients/RequestCompletionHandler
instanceKlass org/apache/kafka/clients/consumer/internals/ConsumerNetworkClient$PollCondition
instanceKlass org/apache/kafka/clients/consumer/internals/ConsumerNetworkClient
instanceKlass org/apache/kafka/clients/NetworkClient$TelemetrySender
instanceKlass org/apache/kafka/clients/ClusterConnectionStates
instanceKlass org/apache/kafka/clients/InFlightRequests
instanceKlass org/apache/kafka/clients/NetworkClient$DefaultMetadataUpdater
instanceKlass org/apache/kafka/common/requests/AbstractRequest$Builder
instanceKlass org/apache/kafka/clients/MetadataUpdater
instanceKlass org/apache/kafka/clients/NetworkClient
instanceKlass org/apache/kafka/common/network/Selector$IdleExpiryManager
instanceKlass  @bci org/apache/kafka/common/network/Selector$SelectorMetrics <init> (Lorg/apache/kafka/common/network/Selector;Lorg/apache/kafka/common/metrics/Metrics;Ljava/lang/String;Ljava/util/Map;Z)V 1202 <appendix> member <vmtarget> ; # org/apache/kafka/common/network/Selector$SelectorMetrics$$Lambda+0x0000028b9b39b3c0
instanceKlass  @bci org/apache/kafka/common/network/Selector$SelectorMetrics <init> (Lorg/apache/kafka/common/network/Selector;Lorg/apache/kafka/common/metrics/Metrics;Ljava/lang/String;Ljava/util/Map;Z)V 1152 <appendix> member <vmtarget> ; # org/apache/kafka/common/network/Selector$SelectorMetrics$$Lambda+0x0000028b9b39b178
instanceKlass org/apache/kafka/common/network/ClientInformation
instanceKlass  @bci org/apache/kafka/common/network/Selector$SelectorMetrics <init> (Lorg/apache/kafka/common/network/Selector;Lorg/apache/kafka/common/metrics/Metrics;Ljava/lang/String;Ljava/util/Map;Z)V 1122 <appendix> member <vmtarget> ; # org/apache/kafka/common/network/Selector$SelectorMetrics$$Lambda+0x0000028b9b39ad10
instanceKlass org/apache/kafka/common/network/CipherInformation
instanceKlass org/apache/kafka/common/metrics/internals/IntGaugeSuite
instanceKlass  @bci org/apache/kafka/common/metrics/Metrics sensor (Ljava/lang/String;Lorg/apache/kafka/common/metrics/MetricConfig;JLorg/apache/kafka/common/metrics/Sensor$RecordingLevel;[Lorg/apache/kafka/common/metrics/Sensor;)Lorg/apache/kafka/common/metrics/Sensor; 94 <appendix> argL0 ; # org/apache/kafka/common/metrics/Metrics$$Lambda+0x0000028b9b39a688
instanceKlass org/apache/kafka/common/network/Selector$SelectorMetrics
instanceKlass java/nio/BufferMismatch
instanceKlass  @bci sun/security/provider/certpath/ldap/JdkLDAP <init> ()V 15 <appendix> member <vmtarget> ; # sun/security/provider/certpath/ldap/JdkLDAP$$Lambda+0x0000028b9b3c1df0
instanceKlass com/sun/security/sasl/Provider$1
instanceKlass com/sun/security/sasl/gsskerb/JdkSASL$1
instanceKlass  @bci sun/security/jgss/SunProvider <init> ()V 15 <appendix> member <vmtarget> ; # sun/security/jgss/SunProvider$$Lambda+0x0000028b9b39ed48
instanceKlass org/jcp/xml/dsig/internal/dom/XMLDSigRI$2
instanceKlass org/jcp/xml/dsig/internal/dom/XMLDSigRI$1
instanceKlass sun/security/mscapi/SunMSCAPI$2
instanceKlass sun/security/mscapi/SunMSCAPI$1
instanceKlass sun/security/smartcardio/SunPCSC$1
instanceKlass  @bci sun/security/pkcs11/SunPKCS11 register (Lsun/security/pkcs11/SunPKCS11$Descriptor;)V 27 <appendix> argL0 ; # sun/security/pkcs11/SunPKCS11$$Lambda+0x0000028b9b39c210
instanceKlass sun/security/pkcs11/SunPKCS11$Descriptor
instanceKlass javax/security/auth/callback/CallbackHandler
instanceKlass javax/security/auth/Subject
instanceKlass sun/security/jca/ProviderConfig$ProviderLoader
instanceKlass sun/security/jca/ProviderConfig$3
instanceKlass  @bci sun/security/ssl/SunJSSE registerAlgorithms ()V 1 <appendix> member <vmtarget> ; # sun/security/ssl/SunJSSE$$Lambda+0x0000028b9b37f1f0
instanceKlass java/security/spec/ECFieldF2m
instanceKlass sun/security/util/ObjectIdentifier
instanceKlass sun/security/util/ByteArrayTagOrder
instanceKlass sun/security/util/ByteArrayLexOrder
instanceKlass sun/security/util/DerEncoder
instanceKlass java/security/spec/ECParameterSpec
instanceKlass java/security/spec/AlgorithmParameterSpec
instanceKlass java/security/spec/ECPoint
instanceKlass java/security/spec/EllipticCurve
instanceKlass java/security/spec/ECFieldFp
instanceKlass java/security/spec/ECField
instanceKlass sun/security/util/CurveDB
instanceKlass sun/security/ec/SunEC$1
instanceKlass sun/security/rsa/SunRsaSignEntries
instanceKlass  @bci sun/nio/ch/UnixDomainSocketsUtil getTempDir ()Ljava/lang/String; 0 <appendix> argL0 ; # sun/nio/ch/UnixDomainSocketsUtil$$Lambda+0x0000028b9b37b988
instanceKlass sun/nio/ch/UnixDomainSocketsUtil
instanceKlass sun/nio/ch/UnixDomainSockets
instanceKlass sun/nio/ch/PipeImpl$Initializer$LoopbackConnector
instanceKlass sun/nio/ch/PipeImpl$Initializer
instanceKlass java/nio/channels/Pipe
instanceKlass sun/nio/ch/WEPoll
instanceKlass sun/nio/ch/Util$2
instanceKlass java/nio/channels/spi/AbstractSelector$1
instanceKlass  @bci sun/nio/ch/DefaultSelectorProvider <clinit> ()V 0 <appendix> argL0 ; # sun/nio/ch/DefaultSelectorProvider$$Lambda+0x0000028b9b3799c0
instanceKlass sun/nio/ch/DefaultSelectorProvider
instanceKlass  @bci java/nio/channels/spi/SelectorProvider$Holder provider ()Ljava/nio/channels/spi/SelectorProvider; 0 <appendix> argL0 ; # java/nio/channels/spi/SelectorProvider$Holder$$Lambda+0x0000028b9b3790e8
instanceKlass java/nio/channels/spi/SelectorProvider$Holder
instanceKlass java/nio/channels/spi/SelectorProvider
instanceKlass java/nio/channels/Selector
instanceKlass org/apache/kafka/common/memory/MemoryPool$1
instanceKlass org/apache/kafka/common/memory/MemoryPool
instanceKlass org/apache/kafka/common/network/ChannelMetadataRegistry
instanceKlass org/apache/kafka/common/network/Selector
instanceKlass org/apache/kafka/common/network/Authenticator
instanceKlass org/apache/kafka/common/network/TransportLayer
instanceKlass org/apache/kafka/common/network/TransferableChannel
instanceKlass org/apache/kafka/common/network/PlaintextChannelBuilder
instanceKlass org/apache/kafka/common/network/ChannelBuilders$1
instanceKlass  @bci org/apache/kafka/common/network/ChannelBuilders channelBuilderConfigs (Lorg/apache/kafka/common/config/AbstractConfig;Lorg/apache/kafka/common/network/ListenerName;)Ljava/util/Map; 71 <appendix> member <vmtarget> ; # org/apache/kafka/common/network/ChannelBuilders$$Lambda+0x0000028b9b398d58
instanceKlass  @bci org/apache/kafka/common/network/ChannelBuilders channelBuilderConfigs (Lorg/apache/kafka/common/config/AbstractConfig;Lorg/apache/kafka/common/network/ListenerName;)Ljava/util/Map; 60 <appendix> member <vmtarget> ; # org/apache/kafka/common/network/ChannelBuilders$$Lambda+0x0000028b9b398b00
instanceKlass  @bci org/apache/kafka/common/network/ChannelBuilders channelBuilderConfigs (Lorg/apache/kafka/common/config/AbstractConfig;Lorg/apache/kafka/common/network/ListenerName;)Ljava/util/Map; 48 <appendix> member <vmtarget> ; # org/apache/kafka/common/network/ChannelBuilders$$Lambda+0x0000028b9b3988a8
instanceKlass org/apache/kafka/common/network/ListenerName
instanceKlass  @bci org/apache/kafka/common/network/ChannelBuilders channelBuilderConfigs (Lorg/apache/kafka/common/config/AbstractConfig;Lorg/apache/kafka/common/network/ListenerName;)Ljava/util/Map; 36 <appendix> member <vmtarget> ; # org/apache/kafka/common/network/ChannelBuilders$$Lambda+0x0000028b9b398440
instanceKlass org/apache/kafka/common/security/auth/KafkaPrincipalBuilder
instanceKlass org/apache/kafka/common/network/ChannelBuilder
instanceKlass org/apache/kafka/common/network/ChannelBuilders
instanceKlass org/apache/kafka/clients/DefaultHostResolver
instanceKlass  @bci org/apache/kafka/clients/consumer/internals/ClassicKafkaConsumer <init> (Lorg/apache/kafka/clients/consumer/ConsumerConfig;Lorg/apache/kafka/common/serialization/Deserializer;Lorg/apache/kafka/common/serialization/Deserializer;)V 473 <appendix> argL0 ; # org/apache/kafka/clients/consumer/internals/ClassicKafkaConsumer$$Lambda+0x0000028b9b393b10
instanceKlass org/apache/kafka/clients/ApiVersions
instanceKlass org/apache/kafka/clients/consumer/internals/FetchConfig
instanceKlass org/apache/kafka/common/metrics/CompoundStat$NamedMeasurable
instanceKlass  @bci org/apache/kafka/common/metrics/Sensor add (Lorg/apache/kafka/common/metrics/CompoundStat;Lorg/apache/kafka/common/metrics/MetricConfig;)Z 38 <appendix> member <vmtarget> ; # org/apache/kafka/common/metrics/Sensor$$Lambda+0x0000028b9b392df0
instanceKlass org/apache/kafka/common/metrics/stats/Rate
instanceKlass org/apache/kafka/common/metrics/stats/CumulativeSum
instanceKlass org/apache/kafka/common/metrics/stats/Meter
instanceKlass  @bci org/apache/kafka/common/metrics/Sensor add (Lorg/apache/kafka/common/MetricName;Lorg/apache/kafka/common/metrics/MeasurableStat;Lorg/apache/kafka/common/metrics/MetricConfig;)Z 143 <appendix> member <vmtarget> ; # org/apache/kafka/common/metrics/Sensor$$Lambda+0x0000028b9b392220
instanceKlass org/apache/kafka/common/metrics/Sensor$StatAndConfig
instanceKlass org/apache/kafka/common/metrics/Sensor
instanceKlass  @bci org/apache/kafka/clients/consumer/internals/SensorBuilder <init> (Lorg/apache/kafka/common/metrics/Metrics;Ljava/lang/String;)V 3 <appendix> argL0 ; # org/apache/kafka/clients/consumer/internals/SensorBuilder$$Lambda+0x0000028b9b397368
instanceKlass org/apache/kafka/common/metrics/CompoundStat
instanceKlass org/apache/kafka/clients/consumer/internals/SensorBuilder
instanceKlass org/apache/kafka/common/metrics/stats/SampledStat
instanceKlass org/apache/kafka/common/metrics/MeasurableStat
instanceKlass org/apache/kafka/common/metrics/Stat
instanceKlass org/apache/kafka/clients/consumer/internals/FetchMetricsManager
instanceKlass org/apache/kafka/common/MetricNameTemplate
instanceKlass org/apache/kafka/clients/consumer/internals/FetchMetricsRegistry
instanceKlass org/apache/kafka/common/Node
instanceKlass java/util/concurrent/atomic/Striped64$1
instanceKlass java/net/InetAddress$CachedLookup
instanceKlass sun/net/InetAddressCachePolicy$1
instanceKlass sun/net/InetAddressCachePolicy
instanceKlass  @bci java/net/InetAddress getAddressesFromNameService (Ljava/lang/String;)[Ljava/net/InetAddress; 94 <appendix> argL0 ; # java/net/InetAddress$$Lambda+0x0000028b9b377ca0
instanceKlass  @bci java/net/InetAddress loadResolver ()Ljava/net/spi/InetAddressResolver; 8 <appendix> argL0 ; # java/net/InetAddress$$Lambda+0x0000028b9b377a60
instanceKlass java/net/spi/InetAddressResolverProvider
instanceKlass java/net/InetAddress$NameServiceAddresses
instanceKlass java/net/InetAddress$Addresses
instanceKlass java/util/concurrent/ConcurrentSkipListMap$Iter
instanceKlass org/apache/kafka/common/utils/ExponentialBackoff
instanceKlass  @bci org/apache/kafka/clients/MetadataSnapshot <init> (Ljava/lang/String;Ljava/util/Map;Ljava/util/Collection;Ljava/util/Set;Ljava/util/Set;Ljava/util/Set;Lorg/apache/kafka/common/Node;Ljava/util/Map;Lorg/apache/kafka/common/Cluster;)V 77 <appendix> argL0 ; # org/apache/kafka/clients/MetadataSnapshot$$Lambda+0x0000028b9b395628
instanceKlass  @bci org/apache/kafka/clients/MetadataSnapshot <init> (Ljava/lang/String;Ljava/util/Map;Ljava/util/Collection;Ljava/util/Set;Ljava/util/Set;Ljava/util/Set;Lorg/apache/kafka/common/Node;Ljava/util/Map;Lorg/apache/kafka/common/Cluster;)V 72 <appendix> argL0 ; # org/apache/kafka/clients/MetadataSnapshot$$Lambda+0x0000028b9b3953e8
instanceKlass  @bci org/apache/kafka/common/Cluster <init> (Ljava/lang/String;ZLjava/util/Collection;Ljava/util/Collection;Ljava/util/Set;Ljava/util/Set;Ljava/util/Set;Lorg/apache/kafka/common/Node;Ljava/util/Map;)V 667 <appendix> member <vmtarget> ; # org/apache/kafka/common/Cluster$$Lambda+0x0000028b9b3951b0
instanceKlass org/apache/kafka/common/Uuid
instanceKlass org/apache/kafka/common/ClusterResource
instanceKlass org/apache/kafka/common/Cluster
instanceKlass org/apache/kafka/clients/MetadataSnapshot
instanceKlass org/apache/kafka/common/ClusterResourceListener
instanceKlass org/apache/kafka/common/internals/ClusterResourceListeners
instanceKlass org/apache/kafka/common/internals/PartitionStates
instanceKlass org/apache/kafka/clients/consumer/internals/SubscriptionState
instanceKlass org/apache/kafka/common/metrics/Monitorable
instanceKlass  @bci org/apache/kafka/common/internals/Plugin wrapInstance (Ljava/lang/Object;Lorg/apache/kafka/common/metrics/Metrics;Ljava/lang/String;)Lorg/apache/kafka/common/internals/Plugin; 4 <appendix> member <vmtarget> ; # org/apache/kafka/common/internals/Plugin$$Lambda+0x0000028b9b38ede8
instanceKlass org/apache/kafka/clients/consumer/internals/Deserializers
instanceKlass org/apache/kafka/common/metrics/PluginMetrics
instanceKlass org/apache/kafka/common/internals/Plugin
instanceKlass org/apache/kafka/clients/consumer/internals/ConsumerInterceptors
instanceKlass org/apache/kafka/clients/HostResolver
instanceKlass org/apache/kafka/common/network/Selectable
instanceKlass org/apache/kafka/clients/ClientUtils
instanceKlass org/apache/kafka/clients/consumer/ConsumerInterceptor
instanceKlass  @bci org/apache/kafka/common/telemetry/internals/TelemetryMetricNamingConvention cleanTags (Ljava/util/Map;)Ljava/util/Map; 16 <appendix> argL0 ; # org/apache/kafka/common/telemetry/internals/TelemetryMetricNamingConvention$$Lambda+0x0000028b9b38d850
instanceKlass  @bci org/apache/kafka/common/telemetry/internals/TelemetryMetricNamingConvention cleanTags (Ljava/util/Map;)Ljava/util/Map; 11 <appendix> argL0 ; # org/apache/kafka/common/telemetry/internals/TelemetryMetricNamingConvention$$Lambda+0x0000028b9b38d610
instanceKlass org/apache/kafka/common/telemetry/internals/MetricKey
instanceKlass jdk/jfr/FlightRecorder
instanceKlass javax/management/NotificationFilter
instanceKlass jdk/jfr/Recording
instanceKlass jdk/management/jfr/FlightRecorderMXBeanImpl$MXBeanListener
instanceKlass jdk/jfr/FlightRecorderListener
instanceKlass javax/management/NotificationListener
instanceKlass javax/management/StandardMBean$MBeanInfoSafeAction
instanceKlass jdk/jfr/internal/management/StreamManager
instanceKlass jdk/management/jfr/ConfigurationInfo
instanceKlass jdk/management/jfr/EventTypeInfo
instanceKlass jdk/management/jfr/RecordingInfo
instanceKlass sun/reflect/generics/tree/LongSignature
instanceKlass jdk/management/jfr/SettingDescriptorInfo$1
instanceKlass jdk/management/jfr/SettingDescriptorInfo
instanceKlass  @bci java/lang/management/DefaultPlatformMBeanProvider$10 nameToMBeanMap ()Ljava/util/Map; 36 <appendix> member <vmtarget> ; # java/lang/management/DefaultPlatformMBeanProvider$10$$Lambda+0x0000028b9b3733b0
instanceKlass sun/management/ManagementFactoryHelper$1
instanceKlass  @bci java/util/stream/Collectors toList ()Ljava/util/stream/Collector; 14 <appendix> argL0 ; # java/util/stream/Collectors$$Lambda+0x0000028b9b372ee8
instanceKlass  @bci java/util/stream/Collectors toList ()Ljava/util/stream/Collector; 9 <appendix> argL0 ; # java/util/stream/Collectors$$Lambda+0x0000028b9b372cb8
instanceKlass  @bci java/util/stream/Collectors toList ()Ljava/util/stream/Collector; 4 <appendix> argL0 ; # java/util/stream/Collectors$$Lambda+0x0000028b9b372a98
instanceKlass  @bci sun/management/ManagementFactoryHelper getBufferPoolMXBeans ()Ljava/util/List; 25 <appendix> argL0 ; # sun/management/ManagementFactoryHelper$$Lambda+0x0000028b9b372858
instanceKlass java/lang/management/BufferPoolMXBean
instanceKlass sun/nio/ch/FileChannelImpl$2
instanceKlass sun/nio/ch/FileChannelImpl$1
instanceKlass jdk/internal/misc/VM$BufferPoolsHolder
instanceKlass com/sun/management/VMOption
instanceKlass com/sun/management/internal/HotSpotDiagnostic
instanceKlass com/sun/management/HotSpotDiagnosticMXBean
instanceKlass com/sun/management/GcInfo
instanceKlass javax/management/openmbean/CompositeDataView
# instanceKlass java/lang/invoke/LambdaForm$MH+0x0000028b9b391000
instanceKlass  @bci jdk/jfr/internal/dcmd/DCmdCheck getHelp ()[Ljava/lang/String; 6 <appendix> argL0 ; # jdk/jfr/internal/dcmd/DCmdCheck$$Lambda+0x0000028b9b370d40
instanceKlass  @bci jdk/jfr/internal/dcmd/DCmdDump getHelp ()[Ljava/lang/String; 27 <appendix> argL0 ; # jdk/jfr/internal/dcmd/DCmdDump$$Lambda+0x0000028b9b370b20
instanceKlass  @bci jdk/jfr/internal/dcmd/DCmdStart getHelp ()[Ljava/lang/String; 57 <appendix> argL0 ; # jdk/jfr/internal/dcmd/DCmdStart$$Lambda+0x0000028b9b370900
instanceKlass  @bci jdk/jfr/internal/util/Utils format (Ljava/lang/String;Ljava/util/Map;)Ljava/lang/String; 31 <appendix> argL0 ; # jdk/jfr/internal/util/Utils$$Lambda+0x0000028b9b370668
instanceKlass java/util/AbstractMap$KeyIterator
instanceKlass jdk/jfr/internal/util/Utils
instanceKlass  @bci jdk/jfr/internal/jfc/model/JFCModel add (Ljdk/jfr/internal/jfc/model/ControlElement;)V 10 <appendix> argL0 ; # jdk/jfr/internal/jfc/model/JFCModel$$Lambda+0x0000028b9b370220
instanceKlass  @bci jdk/jfr/internal/jfc/model/JFCModel <init> (Ljdk/jfr/internal/jfc/model/XmlConfiguration;)V 25 <appendix> argL0 ; # jdk/jfr/internal/jfc/model/JFCModel$$Lambda+0x0000028b9b36fff0
instanceKlass jdk/jfr/internal/jfc/model/ControlElement
# instanceKlass java/lang/invoke/LambdaForm$DMH+0x0000028b9b390c00
# instanceKlass java/lang/invoke/LambdaForm$DMH+0x0000028b9b390800
instanceKlass jdk/jfr/internal/jfc/model/SettingsLog
instanceKlass jdk/jfr/internal/jfc/model/Utilities
instanceKlass jdk/jfr/internal/jfc/model/XmlElement
instanceKlass jdk/internal/util/xml/impl/Input
instanceKlass jdk/internal/org/xml/sax/InputSource
instanceKlass jdk/internal/org/xml/sax/helpers/DefaultHandler
instanceKlass jdk/internal/org/xml/sax/ErrorHandler
instanceKlass jdk/internal/org/xml/sax/ContentHandler
instanceKlass jdk/internal/org/xml/sax/DTDHandler
instanceKlass jdk/internal/org/xml/sax/EntityResolver
instanceKlass jdk/internal/util/xml/impl/Pair
instanceKlass jdk/internal/util/xml/impl/Attrs
instanceKlass jdk/internal/org/xml/sax/Attributes
instanceKlass jdk/internal/util/xml/impl/Parser
instanceKlass jdk/internal/org/xml/sax/Locator
instanceKlass jdk/internal/org/xml/sax/XMLReader
instanceKlass jdk/internal/util/xml/SAXParser
instanceKlass jdk/jfr/internal/jfc/model/Parser
instanceKlass  @bci jdk/jfr/internal/SecuritySupport newFileInputStream (Ljdk/jfr/internal/SecuritySupport$SafePath;)Ljava/io/InputStream; 1 <appendix> member <vmtarget> ; # jdk/jfr/internal/SecuritySupport$$Lambda+0x0000028b9b36a348
instanceKlass  @bci jdk/jfr/internal/SecuritySupport getFileSize (Ljdk/jfr/internal/SecuritySupport$SafePath;)J 1 <appendix> member <vmtarget> ; # jdk/jfr/internal/SecuritySupport$$Lambda+0x0000028b9b36a120
instanceKlass jdk/jfr/internal/jfc/JFC$KnownConfiguration
instanceKlass jdk/jfr/internal/jfc/model/JFCModel
instanceKlass  @bci jdk/jfr/internal/dcmd/DCmdStart jfcOptions ()Ljava/lang/String; 45 <appendix> argL0 ; # jdk/jfr/internal/dcmd/DCmdStart$$Lambda+0x0000028b9b369ad0
instanceKlass jdk/jfr/internal/jfc/JFC
instanceKlass  @bci jdk/jfr/internal/SecuritySupport isDirectory (Ljdk/jfr/internal/SecuritySupport$SafePath;)Z 1 <appendix> member <vmtarget> ; # jdk/jfr/internal/SecuritySupport$$Lambda+0x0000028b9b3696a0
instanceKlass jdk/jfr/internal/SecuritySupport$1
instanceKlass  @bci jdk/jfr/internal/SecuritySupport getPredefinedJFCFiles ()Ljava/util/List; 8 <appendix> argL0 ; # jdk/jfr/internal/SecuritySupport$$Lambda+0x0000028b9b369250
instanceKlass jdk/jfr/internal/consumer/FileAccess
instanceKlass jdk/jfr/internal/SecuritySupport$4
instanceKlass  @bci jdk/jfr/internal/SecuritySupport getPathInProperty (Ljava/lang/String;Ljava/lang/String;)Ljdk/jfr/internal/SecuritySupport$SafePath; 2 <appendix> member <vmtarget> ; # jdk/jfr/internal/SecuritySupport$$Lambda+0x0000028b9b3684c8
instanceKlass jdk/jfr/internal/SecuritySupport$SafePath
instanceKlass jdk/jfr/internal/SecuritySupport$CallableWithoutCheckException
instanceKlass jdk/jfr/internal/SecuritySupport
instanceKlass  @bci jdk/jfr/internal/dcmd/DCmdStop getHelp ()[Ljava/lang/String; 19 <appendix> argL0 ; # jdk/jfr/internal/dcmd/DCmdStop$$Lambda+0x0000028b9b367808
instanceKlass  @bci jdk/jfr/internal/dcmd/DCmdView getHelp ()[Ljava/lang/String; 111 <appendix> argL0 ; # jdk/jfr/internal/dcmd/DCmdView$$Lambda+0x0000028b9b3675e8
instanceKlass jdk/jfr/internal/util/Columnizer$Column
instanceKlass jdk/jfr/internal/util/Tokenizer
instanceKlass  @bci jdk/internal/module/SystemModuleFinders$SystemModuleReader open (Ljava/lang/String;)Ljava/util/Optional; 6 <appendix> member <vmtarget> ; # jdk/internal/module/SystemModuleFinders$SystemModuleReader$$Lambda+0x0000028b9b366d58
instanceKlass jdk/jfr/internal/query/ViewFile
instanceKlass jdk/jfr/internal/util/Columnizer
instanceKlass jdk/jfr/internal/query/ViewPrinter
instanceKlass java/lang/StringLatin1$LinesSpliterator
instanceKlass com/sun/management/internal/DiagnosticCommandImpl$Wrapper
instanceKlass jdk/jfr/internal/util/Output$LinePrinter
instanceKlass jdk/jfr/internal/util/Output
instanceKlass jdk/jfr/internal/dcmd/AbstractDCmd
instanceKlass com/sun/management/internal/DiagnosticCommandArgumentInfo
instanceKlass com/sun/management/internal/DiagnosticCommandInfo
instanceKlass com/sun/management/internal/DiagnosticCommandImpl$OperationInfoComparator
instanceKlass sun/management/ClassLoadingImpl
instanceKlass java/lang/management/ClassLoadingMXBean
instanceKlass javax/management/MBeanInfo$ArrayGettersSafeAction
instanceKlass javax/management/openmbean/OpenMBeanOperationInfo
instanceKlass java/util/logging/Logging
instanceKlass java/util/logging/LoggingMXBean
instanceKlass sun/management/ManagementFactoryHelper$PlatformLoggingImpl
instanceKlass java/lang/management/PlatformLoggingMXBean
instanceKlass sun/management/CompilationImpl
instanceKlass java/lang/management/CompilationMXBean
instanceKlass sun/management/VMManagementImpl$1
instanceKlass java/lang/management/MemoryUsage
instanceKlass sun/management/Sensor
instanceKlass sun/management/MemoryPoolImpl
instanceKlass java/lang/management/MemoryPoolMXBean
instanceKlass sun/management/Util
instanceKlass  @bci java/lang/management/DefaultPlatformMBeanProvider$5 nameToMBeanMap ()Ljava/util/Map; 21 <appendix> argL0 ; # java/lang/management/DefaultPlatformMBeanProvider$5$$Lambda+0x0000028b9b360408
instanceKlass  @bci java/lang/management/DefaultPlatformMBeanProvider$5 nameToMBeanMap ()Ljava/util/Map; 11 <appendix> member <vmtarget> ; # java/lang/management/DefaultPlatformMBeanProvider$5$$Lambda+0x0000028b9b3601b0
instanceKlass com/sun/management/GarbageCollectorMXBean
instanceKlass java/lang/management/GarbageCollectorMXBean
instanceKlass java/lang/management/MemoryManagerMXBean
instanceKlass java/lang/management/MemoryMXBean
instanceKlass javax/management/DescriptorKey
instanceKlass sun/management/BaseOperatingSystemImpl
instanceKlass com/sun/management/OperatingSystemMXBean
instanceKlass java/lang/management/OperatingSystemMXBean
instanceKlass com/sun/jmx/mbeanserver/PerInterface$MethodAndSig
instanceKlass java/lang/management/LockInfo
instanceKlass java/lang/management/ThreadInfo
instanceKlass sun/management/ThreadImpl
instanceKlass com/sun/management/ThreadMXBean
instanceKlass java/lang/management/ThreadMXBean
instanceKlass com/sun/jmx/mbeanserver/WeakIdentityHashMap
instanceKlass com/sun/jmx/mbeanserver/MXBeanLookup
instanceKlass com/sun/jmx/mbeanserver/PerInterface$InitMaps
instanceKlass com/sun/jmx/mbeanserver/PerInterface
instanceKlass javax/management/openmbean/OpenMBeanAttributeInfo
instanceKlass javax/management/openmbean/OpenMBeanParameterInfo
instanceKlass com/sun/jmx/mbeanserver/MBeanIntrospector$MBeanInfoMaker
instanceKlass com/sun/jmx/mbeanserver/MBeanAnalyzer$MBeanVisitor
instanceKlass com/sun/jmx/mbeanserver/MBeanAnalyzer$AttrMethods
# instanceKlass java/lang/invoke/LambdaForm$MH+0x0000028b9b390400
instanceKlass com/sun/jmx/mbeanserver/MXBeanMapping
instanceKlass javax/management/openmbean/TabularData
instanceKlass javax/management/openmbean/CompositeData
instanceKlass javax/management/openmbean/OpenType
instanceKlass com/sun/jmx/mbeanserver/MXBeanMappingFactory
instanceKlass com/sun/jmx/mbeanserver/ConvertingMethod
instanceKlass com/sun/jmx/mbeanserver/MBeanAnalyzer$MethodOrder
instanceKlass com/sun/jmx/mbeanserver/MBeanAnalyzer
instanceKlass com/sun/jmx/mbeanserver/MBeanIntrospector
instanceKlass sun/reflect/misc/ReflectUtil
instanceKlass javax/management/MXBean
instanceKlass com/sun/jmx/mbeanserver/MBeanSupport
instanceKlass com/sun/jmx/mbeanserver/DescriptorCache
instanceKlass javax/management/JMX
instanceKlass javax/management/StandardMBean
instanceKlass  @bci java/lang/management/ManagementFactory addMXBean (Ljavax/management/MBeanServer;Ljava/lang/String;Ljava/lang/Object;)V 8 <appendix> member <vmtarget> ; # java/lang/management/ManagementFactory$$Lambda+0x0000028b9b354800
instanceKlass java/util/Collections$2
instanceKlass sun/management/RuntimeImpl
instanceKlass java/lang/management/RuntimeMXBean
instanceKlass  @bci java/lang/management/ManagementFactory getPlatformMBeanServer ()Ljavax/management/MBeanServer; 63 <appendix> argL0 ; # java/lang/management/ManagementFactory$$Lambda+0x0000028b9b353dd8
instanceKlass  @bci java/lang/management/ManagementFactory getPlatformMBeanServer ()Ljavax/management/MBeanServer; 53 <appendix> argL0 ; # java/lang/management/ManagementFactory$$Lambda+0x0000028b9b353b98
instanceKlass  @bci java/lang/management/ManagementFactory getPlatformMBeanServer ()Ljavax/management/MBeanServer; 43 <appendix> argL0 ; # java/lang/management/ManagementFactory$$Lambda+0x0000028b9b353948
instanceKlass jdk/management/jfr/internal/FlightRecorderMXBeanProvider$SingleMBeanComponent
instanceKlass jdk/management/jfr/FlightRecorderMXBean
instanceKlass java/lang/management/PlatformManagedObject
instanceKlass java/lang/management/DefaultPlatformMBeanProvider$11
instanceKlass java/lang/management/DefaultPlatformMBeanProvider$10
instanceKlass java/lang/management/DefaultPlatformMBeanProvider$9
instanceKlass sun/management/ManagementFactoryHelper$LoggingMXBeanAccess$1
instanceKlass sun/management/ManagementFactoryHelper$LoggingMXBeanAccess
instanceKlass java/lang/management/DefaultPlatformMBeanProvider$8
instanceKlass java/lang/management/DefaultPlatformMBeanProvider$7
instanceKlass java/lang/management/DefaultPlatformMBeanProvider$6
instanceKlass java/lang/management/DefaultPlatformMBeanProvider$5
instanceKlass java/lang/management/DefaultPlatformMBeanProvider$4
instanceKlass java/lang/management/DefaultPlatformMBeanProvider$3
instanceKlass java/lang/management/DefaultPlatformMBeanProvider$2
instanceKlass java/lang/management/DefaultPlatformMBeanProvider$1
instanceKlass com/sun/management/internal/PlatformMBeanProviderImpl$5
instanceKlass sun/management/VMManagementImpl
instanceKlass sun/management/VMManagement
instanceKlass sun/management/ManagementFactoryHelper
instanceKlass sun/management/NotificationEmitterSupport
instanceKlass com/sun/management/DiagnosticCommandMBean
instanceKlass com/sun/management/internal/PlatformMBeanProviderImpl$4
instanceKlass com/sun/management/internal/PlatformMBeanProviderImpl$3
instanceKlass com/sun/management/internal/PlatformMBeanProviderImpl$2
instanceKlass com/sun/management/internal/PlatformMBeanProviderImpl$1
instanceKlass sun/management/spi/PlatformMBeanProvider$PlatformComponent
instanceKlass  @bci com/sun/management/internal/PlatformMBeanProviderImpl <clinit> ()V 8 <appendix> argL0 ; # com/sun/management/internal/PlatformMBeanProviderImpl$$Lambda+0x0000028b9b34ec30
instanceKlass sun/management/spi/PlatformMBeanProvider
instanceKlass java/lang/management/ManagementFactory$PlatformMBeanFinder$1
instanceKlass java/lang/management/ManagementFactory$PlatformMBeanFinder
instanceKlass com/sun/jmx/mbeanserver/JmxMBeanServer$3
instanceKlass javax/management/ObjectInstance
instanceKlass com/sun/jmx/mbeanserver/NamedObject
instanceKlass com/sun/jmx/interceptor/DefaultMBeanServerInterceptor$ResourceContext$1
instanceKlass com/sun/jmx/interceptor/DefaultMBeanServerInterceptor$ResourceContext
instanceKlass com/sun/jmx/mbeanserver/Repository$RegistrationContext
instanceKlass com/sun/jmx/mbeanserver/DynamicMBean2
instanceKlass com/sun/jmx/defaults/JmxProperties
instanceKlass com/sun/jmx/mbeanserver/Introspector
instanceKlass com/sun/jmx/mbeanserver/JmxMBeanServer$2
instanceKlass com/sun/jmx/interceptor/DefaultMBeanServerInterceptor
instanceKlass com/sun/jmx/interceptor/MBeanServerInterceptor
instanceKlass com/sun/jmx/mbeanserver/Repository
instanceKlass com/sun/jmx/mbeanserver/JmxMBeanServer$1
instanceKlass com/sun/jmx/mbeanserver/SecureClassLoaderRepository
instanceKlass com/sun/jmx/mbeanserver/MBeanInstantiator
instanceKlass com/sun/jmx/mbeanserver/ClassLoaderRepositorySupport$LoaderEntry
instanceKlass com/sun/jmx/mbeanserver/ClassLoaderRepositorySupport
instanceKlass com/sun/jmx/mbeanserver/ModifiableClassLoaderRepository
instanceKlass javax/management/loading/ClassLoaderRepository
instanceKlass javax/management/ImmutableDescriptor
instanceKlass javax/management/Descriptor
instanceKlass com/sun/jmx/remote/util/ClassLogger
instanceKlass javax/management/NotificationBroadcasterSupport$1
instanceKlass javax/management/NotificationBroadcasterSupport
instanceKlass javax/management/MBeanInfo
instanceKlass javax/management/MBeanFeatureInfo
instanceKlass javax/management/DescriptorRead
instanceKlass javax/management/MBeanServerDelegate
instanceKlass javax/management/NotificationEmitter
instanceKlass javax/management/NotificationBroadcaster
instanceKlass javax/management/MBeanServerDelegateMBean
instanceKlass javax/management/MBeanRegistration
instanceKlass com/sun/jmx/mbeanserver/JmxMBeanServer
instanceKlass com/sun/jmx/mbeanserver/SunJmxMBeanServer
instanceKlass javax/management/MBeanServer
instanceKlass javax/management/MBeanServerConnection
instanceKlass javax/management/MBeanServerBuilder
instanceKlass javax/management/MBeanServerFactory
instanceKlass  @bci java/lang/management/ManagementFactory loadNativeLib ()V 0 <appendix> argL0 ; # java/lang/management/ManagementFactory$$Lambda+0x0000028b9b3463d8
instanceKlass java/lang/management/ManagementFactory
instanceKlass com/sun/jmx/mbeanserver/Util
instanceKlass javax/management/ObjectName$Property
instanceKlass com/sun/jmx/mbeanserver/GetPropertyAction
instanceKlass javax/management/ObjectName
instanceKlass javax/management/QueryExp
instanceKlass org/apache/kafka/common/utils/Sanitizer
instanceKlass org/apache/kafka/common/metrics/KafkaMetric
instanceKlass org/apache/kafka/common/Metric
instanceKlass  @bci org/apache/kafka/common/metrics/Metrics <init> (Lorg/apache/kafka/common/metrics/MetricConfig;Ljava/util/List;Lorg/apache/kafka/common/utils/Time;ZLorg/apache/kafka/common/metrics/MetricsContext;)V 188 <appendix> member <vmtarget> ; # org/apache/kafka/common/metrics/Metrics$$Lambda+0x0000028b9b38cb70
instanceKlass  @cpi org/apache/kafka/clients/consumer/internals/metrics/KafkaConsumerMetrics 50 form vmentry <vmtarget> ; # java/lang/invoke/LambdaForm$DMH+0x0000028b9b390000
instanceKlass org/apache/kafka/common/metrics/Measurable
instanceKlass org/apache/kafka/common/MetricName
instanceKlass org/apache/kafka/common/telemetry/internals/LastValueTracker
instanceKlass org/apache/kafka/common/telemetry/internals/KafkaMetricsCollector$StateLedger
instanceKlass org/apache/kafka/common/telemetry/internals/TelemetryMetricNamingConvention$1
instanceKlass org/apache/kafka/common/telemetry/internals/MetricNamingStrategy
instanceKlass org/apache/kafka/common/telemetry/internals/TelemetryMetricNamingConvention
instanceKlass org/apache/kafka/common/telemetry/internals/KafkaMetricsCollector
instanceKlass org/apache/kafka/shaded/io/opentelemetry/proto/common/v1/KeyValueListOrBuilder
instanceKlass org/apache/kafka/shaded/io/opentelemetry/proto/common/v1/ArrayValueOrBuilder
instanceKlass org/apache/kafka/shaded/io/opentelemetry/proto/common/v1/AnyValueOrBuilder
instanceKlass  @bci org/apache/kafka/common/telemetry/internals/ClientTelemetryProvider contextChange (Lorg/apache/kafka/common/metrics/MetricsContext;)V 62 <appendix> member <vmtarget> ; # org/apache/kafka/common/telemetry/internals/ClientTelemetryProvider$$Lambda+0x0000028b9b387c58
instanceKlass org/apache/kafka/shaded/io/opentelemetry/proto/common/v1/KeyValueOrBuilder
instanceKlass org/apache/kafka/shaded/com/google/protobuf/AbstractMessageLite$Builder
instanceKlass org/apache/kafka/shaded/com/google/protobuf/ExtensionRegistry$ExtensionInfo
instanceKlass org/apache/kafka/shaded/com/google/protobuf/Descriptors$GenericDescriptor
instanceKlass org/apache/kafka/shaded/com/google/protobuf/FieldSet$FieldDescriptorLite
instanceKlass org/apache/kafka/shaded/com/google/protobuf/ExtensionLite
instanceKlass org/apache/kafka/shaded/com/google/protobuf/ExtensionRegistryFactory
instanceKlass org/apache/kafka/shaded/com/google/protobuf/ExtensionRegistryLite
instanceKlass org/apache/kafka/shaded/com/google/protobuf/AbstractParser
instanceKlass org/apache/kafka/shaded/com/google/protobuf/UnknownFieldSet
instanceKlass org/apache/kafka/shaded/com/google/protobuf/Message$Builder
instanceKlass org/apache/kafka/shaded/com/google/protobuf/Parser
instanceKlass org/apache/kafka/shaded/com/google/protobuf/GeneratedMessageV3$BuilderParent
instanceKlass org/apache/kafka/shaded/com/google/protobuf/AbstractMessage$BuilderParent
instanceKlass org/apache/kafka/shaded/com/google/protobuf/Internal$DoubleList
instanceKlass org/apache/kafka/shaded/com/google/protobuf/Internal$FloatList
instanceKlass org/apache/kafka/shaded/com/google/protobuf/Internal$LongList
instanceKlass org/apache/kafka/shaded/com/google/protobuf/Internal$BooleanList
instanceKlass org/apache/kafka/shaded/com/google/protobuf/Reader
instanceKlass org/apache/kafka/shaded/com/google/protobuf/MutabilityOracle
instanceKlass org/apache/kafka/shaded/com/google/protobuf/MapFieldReflectionAccessor
instanceKlass org/apache/kafka/shaded/com/google/protobuf/Internal$IntList
instanceKlass org/apache/kafka/shaded/com/google/protobuf/Internal$ProtobufList
instanceKlass org/apache/kafka/shaded/com/google/protobuf/MessageLite$Builder
instanceKlass org/apache/kafka/shaded/com/google/protobuf/AbstractMessageLite
instanceKlass org/apache/kafka/shaded/com/google/protobuf/Message
instanceKlass org/apache/kafka/shaded/com/google/protobuf/MessageLite
instanceKlass org/apache/kafka/shaded/io/opentelemetry/proto/resource/v1/ResourceOrBuilder
instanceKlass org/apache/kafka/shaded/com/google/protobuf/MessageOrBuilder
instanceKlass org/apache/kafka/shaded/com/google/protobuf/MessageLiteOrBuilder
instanceKlass  @bci org/apache/kafka/common/telemetry/internals/ClientTelemetryUtils <clinit> ()V 16 <appendix> argL0 ; # org/apache/kafka/common/telemetry/internals/ClientTelemetryUtils$$Lambda+0x0000028b9b33eb48
instanceKlass  @bci org/apache/kafka/common/telemetry/internals/ClientTelemetryUtils <clinit> ()V 8 <appendix> argL0 ; # org/apache/kafka/common/telemetry/internals/ClientTelemetryUtils$$Lambda+0x0000028b9b33e8f8
instanceKlass org/apache/kafka/common/telemetry/internals/MetricKeyable
instanceKlass org/apache/kafka/common/telemetry/internals/ClientTelemetryUtils
instanceKlass  @bci org/apache/kafka/common/metrics/JmxReporter init (Ljava/util/List;)V 48 <appendix> member <vmtarget> ; # org/apache/kafka/common/metrics/JmxReporter$$Lambda+0x0000028b9b33e2b8
instanceKlass org/apache/kafka/common/metrics/MetricValueProvider
instanceKlass org/apache/kafka/common/metrics/Metrics
instanceKlass  @bci org/apache/kafka/common/metrics/KafkaMetricsContext <init> (Ljava/lang/String;Ljava/util/Map;)V 30 <appendix> member <vmtarget> ; # org/apache/kafka/common/metrics/KafkaMetricsContext$$Lambda+0x0000028b9b33d920
instanceKlass org/apache/kafka/common/metrics/KafkaMetricsContext
instanceKlass org/apache/kafka/common/metrics/MetricConfig
instanceKlass  @bci org/apache/kafka/clients/consumer/internals/ClassicKafkaConsumer <init> (Lorg/apache/kafka/clients/consumer/ConsumerConfig;Lorg/apache/kafka/common/serialization/Deserializer;Lorg/apache/kafka/common/serialization/Deserializer;)V 215 <appendix> member <vmtarget> ; # org/apache/kafka/clients/consumer/internals/ClassicKafkaConsumer$$Lambda+0x0000028b9b33d248
instanceKlass org/apache/kafka/common/telemetry/internals/MetricsEmitter
instanceKlass org/apache/kafka/common/telemetry/internals/ClientTelemetryReporter$DefaultClientTelemetrySender
instanceKlass org/apache/kafka/common/telemetry/internals/ClientTelemetryProvider
instanceKlass org/apache/kafka/common/telemetry/internals/MetricsCollector
instanceKlass org/apache/kafka/common/telemetry/internals/ClientTelemetrySender
instanceKlass org/apache/kafka/common/telemetry/internals/ClientTelemetryReporter
instanceKlass  @bci org/apache/kafka/common/metrics/JmxReporter reconfigure (Ljava/util/Map;)V 19 <appendix> member <vmtarget> ; # org/apache/kafka/common/metrics/JmxReporter$$Lambda+0x0000028b9b33bd38
instanceKlass org/apache/kafka/common/metrics/JmxReporter$KafkaMbean
instanceKlass javax/management/DynamicMBean
instanceKlass  @bci org/apache/kafka/common/metrics/JmxReporter compilePredicate (Ljava/util/Map;)Ljava/util/function/Predicate; 52 <appendix> member <vmtarget> ; # org/apache/kafka/common/metrics/JmxReporter$$Lambda+0x0000028b9b33b848
instanceKlass  @bci org/apache/kafka/common/metrics/JmxReporter <init> ()V 16 <appendix> argL0 ; # org/apache/kafka/common/metrics/JmxReporter$$Lambda+0x0000028b9b33b5f8
instanceKlass org/apache/kafka/common/utils/SystemTime
instanceKlass org/apache/kafka/common/utils/Time
instanceKlass org/apache/kafka/common/utils/LogContext$AbstractKafkaLogger
instanceKlass org/apache/kafka/common/utils/LogContext
instanceKlass org/apache/kafka/common/metrics/MetricsContext
instanceKlass org/apache/kafka/clients/KafkaClient
instanceKlass org/apache/kafka/clients/consumer/internals/ConsumerUtils
instanceKlass org/apache/kafka/clients/GroupRebalanceConfig
instanceKlass org/apache/kafka/clients/Metadata
instanceKlass org/apache/kafka/clients/consumer/internals/ClassicKafkaConsumer
instanceKlass jdk/internal/math/MathUtils
instanceKlass jdk/internal/math/DoubleToDecimal
instanceKlass  @bci org/apache/kafka/clients/consumer/ConsumerConfig checkUnsupportedConfigsPostProcess (Lorg/apache/kafka/clients/consumer/GroupProtocol;Ljava/util/List;)V 27 <appendix> member <vmtarget> ; # org/apache/kafka/clients/consumer/ConsumerConfig$$Lambda+0x0000028b9b338000
instanceKlass  @bci org/apache/kafka/common/config/AbstractConfig resolveConfigVariables (Ljava/util/Map;Ljava/util/Map;)Ljava/util/Map; 141 <appendix> argL0 ; # org/apache/kafka/common/config/AbstractConfig$$Lambda+0x0000028b9b337528
instanceKlass org/apache/kafka/common/config/provider/ConfigProvider
instanceKlass  @bci org/apache/kafka/common/config/AbstractConfig automaticConfigProvidersFilter ()Ljava/util/function/Predicate; 10 <appendix> argL0 ; # org/apache/kafka/common/config/AbstractConfig$$Lambda+0x0000028b9b3370d8
instanceKlass org/apache/kafka/clients/consumer/internals/ConsumerDelegate
instanceKlass org/apache/kafka/clients/consumer/internals/ConsumerDelegateCreator
instanceKlass org/apache/kafka/clients/consumer/KafkaConsumer
instanceKlass  @bci org/springframework/kafka/core/DefaultKafkaConsumerFactory createConsumerWithAdjustedProperties (Ljava/lang/String;Ljava/lang/String;Ljava/util/Properties;ZLjava/lang/String;Z)Lorg/apache/kafka/clients/consumer/Consumer; 134 <appendix> member <vmtarget> ; # org/springframework/kafka/core/DefaultKafkaConsumerFactory$$Lambda+0x0000028b9b335f48
instanceKlass  @bci org/springframework/kafka/core/DefaultKafkaConsumerFactory createConsumerWithAdjustedProperties (Ljava/lang/String;Ljava/lang/String;Ljava/util/Properties;ZLjava/lang/String;Z)Lorg/apache/kafka/clients/consumer/Consumer; 122 <appendix> member <vmtarget> ; # org/springframework/kafka/core/DefaultKafkaConsumerFactory$$Lambda+0x0000028b9b335cf0
instanceKlass  @bci org/springframework/kafka/core/DefaultKafkaConsumerFactory createConsumerWithAdjustedProperties (Ljava/lang/String;Ljava/lang/String;Ljava/util/Properties;ZLjava/lang/String;Z)Lorg/apache/kafka/clients/consumer/Consumer; 101 <appendix> member <vmtarget> ; # org/springframework/kafka/core/DefaultKafkaConsumerFactory$$Lambda+0x0000028b9b335ab8
instanceKlass  @bci org/springframework/kafka/core/DefaultKafkaConsumerFactory createConsumerWithAdjustedProperties (Ljava/lang/String;Ljava/lang/String;Ljava/util/Properties;ZLjava/lang/String;Z)Lorg/apache/kafka/clients/consumer/Consumer; 88 <appendix> argL0 ; # org/springframework/kafka/core/DefaultKafkaConsumerFactory$$Lambda+0x0000028b9b335868
instanceKlass  @bci org/springframework/kafka/listener/KafkaMessageListenerContainer$ListenerConsumer determineAutoCommit (Ljava/util/Properties;)Z 93 <appendix> member <vmtarget> ; # org/springframework/kafka/listener/KafkaMessageListenerContainer$ListenerConsumer$$Lambda+0x0000028b9b335640
instanceKlass  @bci org/springframework/kafka/listener/AbstractMessageListenerContainer propertiesFromConsumerPropertyOverrides ()Ljava/util/Properties; 29 <appendix> member <vmtarget> ; # org/springframework/kafka/listener/AbstractMessageListenerContainer$$Lambda+0x0000028b9b335408
instanceKlass org/apache/kafka/common/header/internals/RecordHeader
instanceKlass org/springframework/kafka/listener/KafkaMessageListenerContainer$ListenerConsumer$InitialOrIdleSeekCallback
instanceKlass org/springframework/kafka/support/LogIfLevelEnabled
instanceKlass org/springframework/kafka/listener/DefaultListenerMetadata
instanceKlass  @bci org/springframework/kafka/listener/KafkaMessageListenerContainer$ListenerConsumer <init> (Lorg/springframework/kafka/listener/KafkaMessageListenerContainer;Lorg/springframework/kafka/listener/GenericMessageListener;Lorg/springframework/kafka/listener/ListenerType;Lio/micrometer/observation/ObservationRegistry;)V 73 <appendix> argL0 ; # org/springframework/kafka/listener/KafkaMessageListenerContainer$ListenerConsumer$$Lambda+0x0000028b9b3348d0
instanceKlass org/apache/kafka/clients/consumer/OffsetAndMetadata
instanceKlass org/springframework/kafka/listener/KafkaMessageListenerContainer$ListenerConsumer
instanceKlass org/springframework/kafka/listener/ConsumerSeekAware$ConsumerSeekCallback
instanceKlass org/springframework/scheduling/SchedulingAwareRunnable
instanceKlass org/springframework/kafka/listener/ListenerMetadata
instanceKlass org/springframework/kafka/listener/ListenerUtils
instanceKlass org/springframework/kafka/listener/DelegatingMessageListener
instanceKlass org/springframework/util/ConcurrencyThrottleSupport
instanceKlass  @bci org/springframework/kafka/listener/ConcurrentMessageListenerContainer configureChildContainer (ILorg/springframework/kafka/listener/KafkaMessageListenerContainer;)V 142 <appendix> member <vmtarget> ; # org/springframework/kafka/listener/ConcurrentMessageListenerContainer$$Lambda+0x0000028b9b330fd8
instanceKlass  @bci org/springframework/kafka/listener/KafkaMessageListenerContainer <init> (Lorg/springframework/kafka/listener/AbstractMessageListenerContainer;Lorg/springframework/kafka/core/ConsumerFactory;Lorg/springframework/kafka/listener/ContainerProperties;[Lorg/springframework/kafka/support/TopicPartitionOffset;)V 8 <appendix> member <vmtarget> ; # org/springframework/kafka/listener/KafkaMessageListenerContainer$$Lambda+0x0000028b9b330db0
instanceKlass org/apache/kafka/clients/consumer/internals/ShareAcknowledgementMode$Validator
instanceKlass org/apache/kafka/clients/consumer/internals/ShareAcknowledgementMode
instanceKlass org/apache/kafka/common/security/oauthbearer/DefaultJwtValidator
instanceKlass org/apache/kafka/common/security/oauthbearer/JwtValidator
instanceKlass org/apache/kafka/common/security/oauthbearer/DefaultJwtRetriever
instanceKlass org/apache/kafka/common/security/oauthbearer/JwtRetriever
instanceKlass org/apache/kafka/common/security/oauthbearer/internals/secured/OAuthBearerConfigurable
instanceKlass org/apache/kafka/common/config/SaslConfigs
instanceKlass  @bci javax/net/ssl/TrustManagerFactory getDefaultAlgorithm ()Ljava/lang/String; 0 <appendix> argL0 ; # javax/net/ssl/TrustManagerFactory$$Lambda+0x0000028b9b344490
instanceKlass javax/net/ssl/TrustManagerFactory
instanceKlass  @bci javax/net/ssl/KeyManagerFactory getDefaultAlgorithm ()Ljava/lang/String; 0 <appendix> argL0 ; # javax/net/ssl/KeyManagerFactory$$Lambda+0x0000028b9b344060
instanceKlass javax/net/ssl/KeyManagerFactory
instanceKlass org/apache/kafka/common/config/SslConfigs
instanceKlass  @bci org/apache/kafka/common/config/ConfigDef$CaseInsensitiveValidString <init> (Ljava/util/List;)V 11 <appendix> argL0 ; # org/apache/kafka/common/config/ConfigDef$CaseInsensitiveValidString$$Lambda+0x0000028b9b32ef48
instanceKlass org/apache/kafka/common/config/ConfigDef$CaseInsensitiveValidString
instanceKlass org/apache/kafka/common/metrics/JmxReporter
instanceKlass org/apache/kafka/common/metrics/MetricsReporter
instanceKlass org/apache/kafka/common/Reconfigurable
instanceKlass  @bci org/apache/kafka/common/utils/Utils enumOptions (Ljava/lang/Class;)[Ljava/lang/String; 49 <appendix> argL0 ; # org/apache/kafka/common/utils/Utils$$Lambda+0x0000028b9b32dfa0
instanceKlass  @bci org/apache/kafka/common/utils/Utils enumOptions (Ljava/lang/Class;)[Ljava/lang/String; 39 <appendix> argL0 ; # org/apache/kafka/common/utils/Utils$$Lambda+0x0000028b9b32dd60
instanceKlass java/nio/file/FileVisitor
instanceKlass org/apache/kafka/common/utils/Utils
instanceKlass org/apache/kafka/clients/consumer/internals/AutoOffsetResetStrategy$Validator
instanceKlass org/apache/kafka/clients/consumer/internals/AutoOffsetResetStrategy
instanceKlass org/apache/kafka/clients/CommonClientConfigs
instanceKlass org/apache/kafka/common/config/ConfigDef$Range
instanceKlass org/apache/kafka/clients/consumer/internals/AbstractPartitionAssignor
instanceKlass org/apache/kafka/clients/consumer/ConsumerPartitionAssignor
instanceKlass org/apache/kafka/common/config/ConfigDef$NonEmptyString
instanceKlass org/apache/kafka/common/config/ConfigDef$ValidString
instanceKlass org/apache/kafka/common/config/ConfigDef$ConfigKey
instanceKlass org/apache/kafka/common/config/ConfigDef$NonNullValidator
instanceKlass org/apache/kafka/common/config/ConfigDef$Recommender
instanceKlass org/apache/kafka/common/config/ConfigDef
instanceKlass org/apache/kafka/common/config/ConfigDef$Validator
instanceKlass org/apache/kafka/common/config/AbstractConfig
instanceKlass org/springframework/kafka/listener/ConsumerPauseResumeEventPublisher
instanceKlass  @bci org/springframework/kafka/listener/AbstractMessageListenerContainer start ()V 28 <appendix> argL0 ; # org/springframework/kafka/listener/AbstractMessageListenerContainer$$Lambda+0x0000028b9b323650
instanceKlass  @bci org/springframework/context/support/DefaultLifecycleProcessor startBeans (Z)V 43 <appendix> argL0 ; # org/springframework/context/support/DefaultLifecycleProcessor$$Lambda+0x0000028b9b323420
instanceKlass  @bci org/springframework/context/support/DefaultLifecycleProcessor lambda$startBeans$0 (ZLjava/util/Map;Ljava/util/Map;Ljava/lang/String;Lorg/springframework/context/Lifecycle;)V 32 <adapter> ; # java/lang/invoke/LambdaForm$MH+0x0000028b9b325800
# instanceKlass java/lang/invoke/LambdaForm$DMH+0x0000028b9b325400
instanceKlass  @bci org/springframework/context/support/DefaultLifecycleProcessor lambda$startBeans$0 (ZLjava/util/Map;Ljava/util/Map;Ljava/lang/String;Lorg/springframework/context/Lifecycle;)V 32 <appendix> form vmentry <vmtarget> ; # java/lang/invoke/LambdaForm$DMH+0x0000028b9b325000
instanceKlass  @bci org/springframework/context/support/DefaultLifecycleProcessor lambda$startBeans$0 (ZLjava/util/Map;Ljava/util/Map;Ljava/lang/String;Lorg/springframework/context/Lifecycle;)V 32 <appendix> member <vmtarget> ; # org/springframework/context/support/DefaultLifecycleProcessor$$Lambda+0x0000028b9b322fc8
instanceKlass  @bci org/springframework/context/support/DefaultLifecycleProcessor startBeans (Z)V 18 <adapter> ; # java/lang/invoke/LambdaForm$MH+0x0000028b9b324c00
# instanceKlass java/lang/invoke/LambdaForm$DMH+0x0000028b9b324800
instanceKlass  @bci org/springframework/context/support/DefaultLifecycleProcessor startBeans (Z)V 18 <appendix> form vmentry <vmtarget> ; # java/lang/invoke/LambdaForm$DMH+0x0000028b9b324400
instanceKlass  @bci org/springframework/context/support/DefaultLifecycleProcessor startBeans (Z)V 18 <appendix> member <vmtarget> ; # org/springframework/context/support/DefaultLifecycleProcessor$$Lambda+0x0000028b9b322d90
instanceKlass  @cpi org/springframework/context/support/DefaultLifecycleProcessor 556 form vmentry <vmtarget> ; # java/lang/invoke/LambdaForm$DMH+0x0000028b9b324000
instanceKlass org/springframework/util/ConcurrentReferenceHashMap$EntryIterator
instanceKlass org/springframework/util/ConcurrentReferenceHashMap$KeyIterator
instanceKlass  @bci org/springframework/beans/CachedIntrospectionResults clearClassLoader (Ljava/lang/ClassLoader;)V 44 <appendix> member <vmtarget> ; # org/springframework/beans/CachedIntrospectionResults$$Lambda+0x0000028b9b322298
instanceKlass  @bci org/springframework/beans/CachedIntrospectionResults clearClassLoader (Ljava/lang/ClassLoader;)V 24 <appendix> member <vmtarget> ; # org/springframework/beans/CachedIntrospectionResults$$Lambda+0x0000028b9b322040
instanceKlass  @bci org/springframework/beans/CachedIntrospectionResults clearClassLoader (Ljava/lang/ClassLoader;)V 4 <appendix> member <vmtarget> ; # org/springframework/beans/CachedIntrospectionResults$$Lambda+0x0000028b9b321de8
instanceKlass  @bci org/springframework/kafka/core/KafkaAdmin newTopics ()Ljava/util/Collection; 113 <appendix> member <vmtarget> ; # org/springframework/kafka/core/KafkaAdmin$$Lambda+0x0000028b9b321b90
instanceKlass  @bci org/springframework/kafka/core/KafkaAdmin newTopics ()Ljava/util/Collection; 88 <appendix> argL0 ; # org/springframework/kafka/core/KafkaAdmin$$Lambda+0x0000028b9b321950
instanceKlass org/apache/kafka/common/utils/ImplicitLinkedHashCollection$Element
instanceKlass  @bci org/springframework/kafka/core/KafkaAdmin newTopics ()Ljava/util/Collection; 78 <appendix> argL0 ; # org/springframework/kafka/core/KafkaAdmin$$Lambda+0x0000028b9b321500
instanceKlass  @bci org/springframework/kafka/core/KafkaAdmin newTopics ()Ljava/util/Collection; 62 <appendix> member <vmtarget> ; # org/springframework/kafka/core/KafkaAdmin$$Lambda+0x0000028b9b3212c8
instanceKlass  @bci org/springframework/kafka/annotation/KafkaListenerAnnotationBeanPostProcessor afterSingletonsInstantiated ()V 210 <appendix> argL0 ; # org/springframework/kafka/annotation/KafkaListenerAnnotationBeanPostProcessor$$Lambda+0x0000028b9b321098
instanceKlass org/springframework/kafka/listener/ContainerGroupSequencer
instanceKlass  @bci org/springframework/kafka/config/AbstractKafkaListenerContainerFactory initializeContainer (Lorg/springframework/kafka/listener/AbstractMessageListenerContainer;Lorg/springframework/kafka/config/KafkaListenerEndpoint;)V 455 <appendix> member <vmtarget> ; # org/springframework/kafka/config/AbstractKafkaListenerContainerFactory$$Lambda+0x0000028b9b320b18
instanceKlass  @bci org/springframework/kafka/config/AbstractKafkaListenerContainerFactory initializeContainer (Lorg/springframework/kafka/listener/AbstractMessageListenerContainer;Lorg/springframework/kafka/config/KafkaListenerEndpoint;)V 435 <appendix> member <vmtarget> ; # org/springframework/kafka/config/AbstractKafkaListenerContainerFactory$$Lambda+0x0000028b9b3208e0
instanceKlass  @bci org/springframework/kafka/config/AbstractKafkaListenerContainerFactory initializeContainer (Lorg/springframework/kafka/listener/AbstractMessageListenerContainer;Lorg/springframework/kafka/config/KafkaListenerEndpoint;)V 412 <appendix> member <vmtarget> ; # org/springframework/kafka/config/AbstractKafkaListenerContainerFactory$$Lambda+0x0000028b9b3206a8
instanceKlass  @bci org/springframework/kafka/config/AbstractKafkaListenerContainerFactory initializeContainer (Lorg/springframework/kafka/listener/AbstractMessageListenerContainer;Lorg/springframework/kafka/config/KafkaListenerEndpoint;)V 389 <appendix> member <vmtarget> ; # org/springframework/kafka/config/AbstractKafkaListenerContainerFactory$$Lambda+0x0000028b9b320470
instanceKlass  @bci org/springframework/kafka/config/AbstractKafkaListenerContainerFactory initializeContainer (Lorg/springframework/kafka/listener/AbstractMessageListenerContainer;Lorg/springframework/kafka/config/KafkaListenerEndpoint;)V 366 <appendix> member <vmtarget> ; # org/springframework/kafka/config/AbstractKafkaListenerContainerFactory$$Lambda+0x0000028b9b320238
instanceKlass  @bci org/springframework/kafka/config/AbstractKafkaListenerContainerFactory initializeContainer (Lorg/springframework/kafka/listener/AbstractMessageListenerContainer;Lorg/springframework/kafka/config/KafkaListenerEndpoint;)V 348 <appendix> member <vmtarget> ; # org/springframework/kafka/config/AbstractKafkaListenerContainerFactory$$Lambda+0x0000028b9b320000
instanceKlass  @bci org/springframework/kafka/config/AbstractKafkaListenerContainerFactory initializeContainer (Lorg/springframework/kafka/listener/AbstractMessageListenerContainer;Lorg/springframework/kafka/config/KafkaListenerEndpoint;)V 330 <appendix> member <vmtarget> ; # org/springframework/kafka/config/AbstractKafkaListenerContainerFactory$$Lambda+0x0000028b9b31cc70
instanceKlass  @bci org/springframework/kafka/config/AbstractKafkaListenerContainerFactory initializeContainer (Lorg/springframework/kafka/listener/AbstractMessageListenerContainer;Lorg/springframework/kafka/config/KafkaListenerEndpoint;)V 249 <appendix> member <vmtarget> ; # org/springframework/kafka/config/AbstractKafkaListenerContainerFactory$$Lambda+0x0000028b9b31ca38
instanceKlass  @bci org/springframework/kafka/config/AbstractKafkaListenerContainerFactory initializeContainer (Lorg/springframework/kafka/listener/AbstractMessageListenerContainer;Lorg/springframework/kafka/config/KafkaListenerEndpoint;)V 231 <appendix> member <vmtarget> ; # org/springframework/kafka/config/AbstractKafkaListenerContainerFactory$$Lambda+0x0000028b9b31c800
instanceKlass  @bci org/springframework/kafka/config/AbstractKafkaListenerContainerFactory initializeContainer (Lorg/springframework/kafka/listener/AbstractMessageListenerContainer;Lorg/springframework/kafka/config/KafkaListenerEndpoint;)V 213 <appendix> member <vmtarget> ; # org/springframework/kafka/config/AbstractKafkaListenerContainerFactory$$Lambda+0x0000028b9b31dd50
instanceKlass  @bci org/springframework/kafka/config/AbstractKafkaListenerContainerFactory initializeContainer (Lorg/springframework/kafka/listener/AbstractMessageListenerContainer;Lorg/springframework/kafka/config/KafkaListenerEndpoint;)V 192 <appendix> member <vmtarget> ; # org/springframework/kafka/config/AbstractKafkaListenerContainerFactory$$Lambda+0x0000028b9b31db18
instanceKlass  @bci org/springframework/kafka/config/AbstractKafkaListenerContainerFactory initializeContainer (Lorg/springframework/kafka/listener/AbstractMessageListenerContainer;Lorg/springframework/kafka/config/KafkaListenerEndpoint;)V 174 <appendix> member <vmtarget> ; # org/springframework/kafka/config/AbstractKafkaListenerContainerFactory$$Lambda+0x0000028b9b31d8e0
instanceKlass  @bci org/springframework/kafka/config/AbstractKafkaListenerContainerFactory initializeContainer (Lorg/springframework/kafka/listener/AbstractMessageListenerContainer;Lorg/springframework/kafka/config/KafkaListenerEndpoint;)V 153 <appendix> member <vmtarget> ; # org/springframework/kafka/config/AbstractKafkaListenerContainerFactory$$Lambda+0x0000028b9b31d6a8
instanceKlass  @bci org/springframework/kafka/config/AbstractKafkaListenerContainerFactory initializeContainer (Lorg/springframework/kafka/listener/AbstractMessageListenerContainer;Lorg/springframework/kafka/config/KafkaListenerEndpoint;)V 112 <appendix> member <vmtarget> ; # org/springframework/kafka/config/AbstractKafkaListenerContainerFactory$$Lambda+0x0000028b9b31d470
instanceKlass  @bci org/springframework/kafka/config/AbstractKafkaListenerContainerFactory initializeContainer (Lorg/springframework/kafka/listener/AbstractMessageListenerContainer;Lorg/springframework/kafka/config/KafkaListenerEndpoint;)V 73 <appendix> member <vmtarget> ; # org/springframework/kafka/config/AbstractKafkaListenerContainerFactory$$Lambda+0x0000028b9b31d238
instanceKlass  @bci org/springframework/kafka/config/AbstractKafkaListenerEndpoint setupMessageListener (Lorg/springframework/kafka/listener/MessageListenerContainer;Lorg/springframework/kafka/support/converter/MessageConverter;)V 38 <appendix> member <vmtarget> ; # org/springframework/kafka/config/AbstractKafkaListenerEndpoint$$Lambda+0x0000028b9b31d000
instanceKlass  @bci org/springframework/kafka/config/AbstractKafkaListenerEndpoint setupMessageListener (Lorg/springframework/kafka/listener/MessageListenerContainer;Lorg/springframework/kafka/support/converter/MessageConverter;)V 20 <appendix> member <vmtarget> ; # org/springframework/kafka/config/AbstractKafkaListenerEndpoint$$Lambda+0x0000028b9b31fc60
instanceKlass  @bci org/springframework/kafka/config/MethodKafkaListenerEndpoint createMessageListener (Lorg/springframework/kafka/listener/MessageListenerContainer;Lorg/springframework/kafka/support/converter/MessageConverter;)Lorg/springframework/kafka/listener/adapter/MessagingMessageListenerAdapter; 59 <appendix> member <vmtarget> ; # org/springframework/kafka/config/MethodKafkaListenerEndpoint$$Lambda+0x0000028b9b31fa28
instanceKlass  @bci org/springframework/kafka/config/MethodKafkaListenerEndpoint createMessageListener (Lorg/springframework/kafka/listener/MessageListenerContainer;Lorg/springframework/kafka/support/converter/MessageConverter;)Lorg/springframework/kafka/listener/adapter/MessagingMessageListenerAdapter; 41 <appendix> member <vmtarget> ; # org/springframework/kafka/config/MethodKafkaListenerEndpoint$$Lambda+0x0000028b9b31f7f0
instanceKlass org/springframework/messaging/handler/annotation/SendTo
instanceKlass org/springframework/kafka/listener/adapter/HandlerAdapter
instanceKlass org/springframework/validation/BindingResult
instanceKlass org/springframework/messaging/handler/annotation/support/PayloadMethodArgumentResolver
instanceKlass org/springframework/messaging/handler/annotation/support/MessageMethodArgumentResolver
instanceKlass org/springframework/messaging/handler/annotation/support/HeadersMethodArgumentResolver
instanceKlass org/springframework/messaging/handler/annotation/support/AbstractNamedValueMethodArgumentResolver$NamedValueInfo
instanceKlass org/springframework/messaging/handler/annotation/support/AbstractNamedValueMethodArgumentResolver
instanceKlass org/springframework/messaging/converter/SimpleMessageConverter
instanceKlass org/springframework/kafka/annotation/KafkaListenerAnnotationBeanPostProcessor$BytesToNumberConverter
instanceKlass org/springframework/messaging/handler/invocation/HandlerMethodArgumentResolverComposite
instanceKlass org/springframework/messaging/handler/invocation/HandlerMethodArgumentResolver
instanceKlass org/springframework/core/annotation/AnnotatedMethod
instanceKlass  @bci org/springframework/expression/spel/support/StandardTypeConverter <init> ()V 5 <appendix> argL0 ; # org/springframework/expression/spel/support/StandardTypeConverter$$Lambda+0x0000028b9b319110
instanceKlass org/springframework/kafka/listener/adapter/ConsumerRecordMetadata
instanceKlass org/springframework/expression/common/TemplateParserContext
instanceKlass org/springframework/kafka/listener/adapter/AdapterUtils
instanceKlass org/springframework/kafka/support/ShareAcknowledgment
instanceKlass sun/security/provider/AbstractDrbg$NonceProvider
instanceKlass  @bci sun/security/provider/AbstractDrbg$SeederHolder <clinit> ()V 42 <appendix> member <vmtarget> ; # sun/security/provider/AbstractDrbg$SeederHolder$$Lambda+0x0000028b9b342e50
instanceKlass  @cpi sun/security/provider/AbstractDrbg$SeederHolder 91 form vmentry <vmtarget> ; # java/lang/invoke/LambdaForm$DMH+0x0000028b9b31c400
# instanceKlass java/lang/invoke/LambdaForm$DMH+0x0000028b9b31c000
instanceKlass java/net/NetworkInterface$1
instanceKlass java/net/DefaultInterface
instanceKlass java/net/InterfaceAddress
instanceKlass java/net/NetworkInterface
instanceKlass sun/security/provider/ByteArrayAccess$BE
instanceKlass sun/security/provider/ByteArrayAccess
instanceKlass sun/security/provider/SeedGenerator$1
instanceKlass sun/security/util/MessageDigestSpi2
instanceKlass sun/security/jca/GetInstance$Instance
instanceKlass sun/security/jca/GetInstance
instanceKlass java/security/MessageDigestSpi
instanceKlass sun/security/provider/SeedGenerator
instanceKlass sun/security/provider/AbstractDrbg$SeederHolder
instanceKlass java/security/DrbgParameters$NextBytes
instanceKlass org/springframework/util/AlternativeJdkIdGenerator
instanceKlass org/springframework/util/IdGenerator
instanceKlass org/springframework/kafka/support/KafkaNull
instanceKlass org/springframework/messaging/support/GenericMessage
instanceKlass org/springframework/kafka/listener/adapter/MessagingMessageListenerAdapter$NoOpAck
instanceKlass org/springframework/kafka/support/Acknowledgment
instanceKlass  @bci org/springframework/kafka/config/AbstractKafkaListenerContainerFactory configureEndpoint (Lorg/springframework/kafka/config/AbstractKafkaListenerEndpoint;)V 143 <appendix> member <vmtarget> ; # org/springframework/kafka/config/AbstractKafkaListenerContainerFactory$$Lambda+0x0000028b9b317800
instanceKlass  @bci org/springframework/kafka/config/AbstractKafkaListenerContainerFactory configureEndpoint (Lorg/springframework/kafka/config/AbstractKafkaListenerEndpoint;)V 114 <appendix> member <vmtarget> ; # org/springframework/kafka/config/AbstractKafkaListenerContainerFactory$$Lambda+0x0000028b9b30bba8
instanceKlass  @bci org/springframework/kafka/config/AbstractKafkaListenerContainerFactory configureEndpoint (Lorg/springframework/kafka/config/AbstractKafkaListenerEndpoint;)V 96 <appendix> member <vmtarget> ; # org/springframework/kafka/config/AbstractKafkaListenerContainerFactory$$Lambda+0x0000028b9b30b970
instanceKlass  @bci org/springframework/kafka/config/AbstractKafkaListenerContainerFactory configureEndpoint (Lorg/springframework/kafka/config/AbstractKafkaListenerEndpoint;)V 78 <appendix> member <vmtarget> ; # org/springframework/kafka/config/AbstractKafkaListenerContainerFactory$$Lambda+0x0000028b9b30b738
instanceKlass  @bci org/springframework/kafka/config/AbstractKafkaListenerContainerFactory configureEndpoint (Lorg/springframework/kafka/config/AbstractKafkaListenerEndpoint;)V 60 <appendix> member <vmtarget> ; # org/springframework/kafka/config/AbstractKafkaListenerContainerFactory$$Lambda+0x0000028b9b30b500
instanceKlass  @bci org/springframework/kafka/config/AbstractKafkaListenerContainerFactory configureEndpoint (Lorg/springframework/kafka/config/AbstractKafkaListenerEndpoint;)V 42 <appendix> member <vmtarget> ; # org/springframework/kafka/config/AbstractKafkaListenerContainerFactory$$Lambda+0x0000028b9b30b2c8
instanceKlass  @bci org/springframework/kafka/config/AbstractKafkaListenerContainerFactory configureEndpoint (Lorg/springframework/kafka/config/AbstractKafkaListenerEndpoint;)V 20 <appendix> member <vmtarget> ; # org/springframework/kafka/config/AbstractKafkaListenerContainerFactory$$Lambda+0x0000028b9b30b090
instanceKlass  @bci org/springframework/kafka/config/AbstractKafkaListenerContainerFactory createListenerContainer (Lorg/springframework/kafka/config/KafkaListenerEndpoint;)Lorg/springframework/kafka/listener/AbstractMessageListenerContainer; 41 <appendix> member <vmtarget> ; # org/springframework/kafka/config/AbstractKafkaListenerContainerFactory$$Lambda+0x0000028b9b30ae58
instanceKlass  @bci org/springframework/kafka/config/AbstractKafkaListenerContainerFactory createListenerContainer (Lorg/springframework/kafka/config/KafkaListenerEndpoint;)Lorg/springframework/kafka/listener/AbstractMessageListenerContainer; 21 <appendix> member <vmtarget> ; # org/springframework/kafka/config/AbstractKafkaListenerContainerFactory$$Lambda+0x0000028b9b30ac20
instanceKlass org/springframework/kafka/support/JavaUtils
instanceKlass org/springframework/kafka/listener/AbstractMessageListenerContainer$1
# instanceKlass java/lang/invoke/LambdaForm$MH+0x0000028b9b317000
# instanceKlass java/lang/invoke/LambdaForm$MH+0x0000028b9b316c00
# instanceKlass java/lang/invoke/LambdaForm$MH+0x0000028b9b316800
# instanceKlass java/lang/invoke/LambdaForm$BMH+0x0000028b9b316400
# instanceKlass java/lang/invoke/LambdaForm$DMH+0x0000028b9b316000
# instanceKlass java/lang/invoke/LambdaForm$MH+0x0000028b9b315c00
# instanceKlass java/lang/invoke/LambdaForm$BMH+0x0000028b9b315800
# instanceKlass java/lang/invoke/LambdaForm$DMH+0x0000028b9b315400
# instanceKlass java/lang/invoke/LambdaForm$DMH+0x0000028b9b315000
# instanceKlass java/lang/invoke/LambdaForm$MH+0x0000028b9b314c00
# instanceKlass java/lang/invoke/LambdaForm$MH+0x0000028b9b314800
# instanceKlass java/lang/invoke/LambdaForm$BMH+0x0000028b9b314400
# instanceKlass java/lang/invoke/LambdaForm$DMH+0x0000028b9b314000
# instanceKlass java/lang/invoke/LambdaForm$DMH+0x0000028b9b313c00
# instanceKlass java/lang/invoke/LambdaForm$MH+0x0000028b9b313800
# instanceKlass java/lang/invoke/LambdaForm$MH+0x0000028b9b313400
# instanceKlass java/lang/invoke/LambdaForm$MH+0x0000028b9b313000
# instanceKlass java/lang/invoke/LambdaForm$MH+0x0000028b9b312c00
# instanceKlass java/lang/invoke/LambdaForm$BMH+0x0000028b9b312800
# instanceKlass java/lang/invoke/LambdaForm$DMH+0x0000028b9b312400
# instanceKlass java/lang/invoke/LambdaForm$MH+0x0000028b9b312000
# instanceKlass java/lang/invoke/LambdaForm$DMH+0x0000028b9b311c00
# instanceKlass java/lang/invoke/LambdaForm$MH+0x0000028b9b311800
# instanceKlass java/lang/invoke/LambdaForm$MH+0x0000028b9b311400
# instanceKlass java/lang/invoke/LambdaForm$BMH+0x0000028b9b311000
# instanceKlass java/lang/invoke/LambdaForm$DMH+0x0000028b9b310c00
# instanceKlass java/lang/invoke/LambdaForm$MH+0x0000028b9b310800
# instanceKlass java/lang/invoke/LambdaForm$MH+0x0000028b9b310400
# instanceKlass java/lang/invoke/LambdaForm$MH+0x0000028b9b310000
# instanceKlass java/lang/invoke/LambdaForm$BMH+0x0000028b9b30fc00
# instanceKlass java/lang/invoke/LambdaForm$DMH+0x0000028b9b30f800
# instanceKlass java/lang/invoke/LambdaForm$MH+0x0000028b9b30f400
# instanceKlass java/lang/invoke/LambdaForm$BMH+0x0000028b9b30f000
# instanceKlass java/lang/invoke/LambdaForm$DMH+0x0000028b9b30ec00
# instanceKlass java/lang/invoke/LambdaForm$DMH+0x0000028b9b30e800
# instanceKlass java/lang/invoke/LambdaForm$DMH+0x0000028b9b30e400
# instanceKlass java/lang/invoke/LambdaForm$MH+0x0000028b9b30e000
# instanceKlass java/lang/invoke/LambdaForm$MH+0x0000028b9b30dc00
# instanceKlass java/lang/invoke/LambdaForm$BMH+0x0000028b9b30d800
# instanceKlass java/lang/invoke/LambdaForm$DMH+0x0000028b9b30d400
# instanceKlass java/lang/invoke/LambdaForm$DMH+0x0000028b9b30d000
# instanceKlass java/lang/invoke/LambdaForm$MH+0x0000028b9b30cc00
# instanceKlass java/lang/invoke/LambdaForm$MH+0x0000028b9b30c800
# instanceKlass java/lang/invoke/LambdaForm$MH+0x0000028b9b30c400
# instanceKlass java/lang/invoke/LambdaForm$MH+0x0000028b9b30c000
instanceKlass org/springframework/kafka/listener/OffsetAndMetadataProvider
instanceKlass org/springframework/transaction/TransactionDefinition
instanceKlass org/springframework/kafka/support/micrometer/KafkaListenerObservationConvention
instanceKlass  @bci org/springframework/kafka/listener/AbstractMessageListenerContainer <init> (Lorg/springframework/kafka/core/ConsumerFactory;Lorg/springframework/kafka/listener/ContainerProperties;)V 106 <appendix> argL0 ; # org/springframework/kafka/listener/AbstractMessageListenerContainer$$Lambda+0x0000028b9b309f88
instanceKlass  @bci org/springframework/kafka/listener/DefaultAfterRollbackProcessor <init> (Ljava/util/function/BiConsumer;Lorg/springframework/util/backoff/BackOff;Lorg/springframework/kafka/listener/BackOffHandler;Lorg/springframework/kafka/core/KafkaOperations;Z)V 52 <appendix> member <vmtarget> ; # org/springframework/kafka/listener/DefaultAfterRollbackProcessor$$Lambda+0x0000028b9b309d50
instanceKlass org/springframework/kafka/listener/DefaultBackOffHandler
instanceKlass org/springframework/util/backoff/FixedBackOff$FixedBackOffExecution
instanceKlass  @bci org/springframework/kafka/listener/FailedRecordTracker <init> (Ljava/util/function/BiConsumer;Lorg/springframework/util/backoff/BackOff;Lorg/springframework/kafka/listener/BackOffHandler;Lorg/springframework/core/log/LogAccessor;)V 50 <appendix> member <vmtarget> ; # org/springframework/kafka/listener/FailedRecordTracker$$Lambda+0x0000028b9b309660
instanceKlass org/springframework/kafka/listener/ConsumerAwareRecordRecoverer
instanceKlass org/springframework/kafka/listener/ConsumerRecordRecoverer
instanceKlass org/springframework/kafka/listener/BackOffHandler
instanceKlass org/springframework/kafka/listener/FailedRecordTracker
instanceKlass  @bci org/springframework/kafka/listener/FailedRecordProcessor <init> (Ljava/util/function/BiConsumer;Lorg/springframework/util/backoff/BackOff;Lorg/springframework/kafka/listener/BackOffHandler;)V 33 <appendix> argL0 ; # org/springframework/kafka/listener/FailedRecordProcessor$$Lambda+0x0000028b9b308bb8
instanceKlass  @bci org/springframework/kafka/listener/FailedRecordProcessor <init> (Ljava/util/function/BiConsumer;Lorg/springframework/util/backoff/BackOff;Lorg/springframework/kafka/listener/BackOffHandler;)V 6 <appendix> member <vmtarget> ; # org/springframework/kafka/listener/FailedRecordProcessor$$Lambda+0x0000028b9b308980
instanceKlass  @bci java/util/stream/Collectors uniqKeysMapMerger ()Ljava/util/function/BinaryOperator; 0 <appendix> argL0 ; # java/util/stream/Collectors$$Lambda+0x0000028b9b340238
instanceKlass  @bci java/util/stream/Collectors uniqKeysMapAccumulator (Ljava/util/function/Function;Ljava/util/function/Function;)Ljava/util/function/BiConsumer; 2 <appendix> member <vmtarget> ; # java/util/stream/Collectors$$Lambda+0x0000028b9b340000
instanceKlass  @bci java/util/stream/Collectors toMap (Ljava/util/function/Function;Ljava/util/function/Function;)Ljava/util/stream/Collector; 4 <appendix> argL0 ; # java/util/stream/Collectors$$Lambda+0x0000028b9b0d3a70
instanceKlass  @bci org/springframework/kafka/listener/ExceptionClassifier configureDefaultClassifier (Z)Lorg/springframework/kafka/listener/ExceptionClassifier$ExtendedExceptionMatcher; 17 <appendix> argL0 ; # org/springframework/kafka/listener/ExceptionClassifier$$Lambda+0x0000028b9b308740
instanceKlass  @bci org/springframework/kafka/listener/ExceptionClassifier configureDefaultClassifier (Z)Lorg/springframework/kafka/listener/ExceptionClassifier$ExtendedExceptionMatcher; 12 <appendix> argL0 ; # org/springframework/kafka/listener/ExceptionClassifier$$Lambda+0x0000028b9b308500
instanceKlass org/springframework/kafka/listener/LoggingCommitCallback
instanceKlass org/apache/kafka/clients/consumer/OffsetCommitCallback
instanceKlass org/springframework/kafka/listener/SeekUtils
instanceKlass org/springframework/util/backoff/BackOffExecution
instanceKlass org/springframework/util/backoff/FixedBackOff
instanceKlass org/springframework/kafka/listener/RecoveryStrategy
instanceKlass org/springframework/kafka/support/ExceptionMatcher
instanceKlass org/springframework/kafka/listener/KafkaExceptionLogLevelAware
instanceKlass org/springframework/kafka/support/EndpointHandlerMethod
instanceKlass org/springframework/kafka/annotation/KafkaListenerConfigurer
instanceKlass  @bci org/springframework/context/event/EventListenerMethodProcessor processBean (Ljava/lang/String;Ljava/lang/Class;)V 32 <appendix> argL0 ; # org/springframework/context/event/EventListenerMethodProcessor$$Lambda+0x0000028b9b302400
instanceKlass org/springframework/context/event/EventListener
instanceKlass org/springframework/aop/scope/ScopedObject
instanceKlass org/springframework/aop/RawTargetAccess
instanceKlass org/springframework/transaction/reactive/TransactionalOperator
instanceKlass org/springframework/boot/convert/DurationUnit
instanceKlass org/springframework/transaction/TransactionExecutionListener
instanceKlass org/springframework/kafka/core/KafkaAdmin$NewTopics
instanceKlass org/apache/kafka/clients/admin/DescribeTopicsResult
instanceKlass org/apache/kafka/common/KafkaFuture
instanceKlass org/apache/kafka/clients/admin/TopicDescription
instanceKlass org/apache/kafka/common/config/ConfigResource
instanceKlass  @bci org/springframework/kafka/core/KafkaAdmin <init> (Ljava/util/Map;)V 16 <appendix> argL0 ; # org/springframework/kafka/core/KafkaAdmin$$Lambda+0x0000028b9b3065a0
instanceKlass org/apache/kafka/clients/admin/NewTopic
instanceKlass org/apache/kafka/clients/admin/Admin
instanceKlass  @bci org/springframework/boot/kafka/autoconfigure/KafkaProperties$Admin buildProperties ()Ljava/util/Map; 14 <appendix> member <vmtarget> ; # org/springframework/boot/kafka/autoconfigure/KafkaProperties$Admin$$Lambda+0x0000028b9b305f30
instanceKlass org/springframework/kafka/listener/adapter/ReplyHeadersConfigurer
instanceKlass org/springframework/kafka/listener/adapter/BatchToRecordAdapter
instanceKlass  @bci org/springframework/boot/kafka/autoconfigure/KafkaAnnotationDrivenConfiguration kafkaListenerContainerFactory (Lorg/springframework/boot/kafka/autoconfigure/ConcurrentKafkaListenerContainerFactoryConfigurer;Lorg/springframework/beans/factory/ObjectProvider;Lorg/springframework/beans/factory/ObjectProvider;)Lorg/springframework/kafka/config/ConcurrentKafkaListenerContainerFactory; 38 <appendix> member <vmtarget> ; # org/springframework/boot/kafka/autoconfigure/KafkaAnnotationDrivenConfiguration$$Lambda+0x0000028b9b305828
instanceKlass  @bci org/springframework/boot/kafka/autoconfigure/ConcurrentKafkaListenerContainerFactoryConfigurer configureContainer (Lorg/springframework/kafka/listener/ContainerProperties;)V 600 <appendix> member <vmtarget> ; # org/springframework/boot/kafka/autoconfigure/ConcurrentKafkaListenerContainerFactoryConfigurer$$Lambda+0x0000028b9b3055f0
instanceKlass  @bci org/springframework/boot/kafka/autoconfigure/ConcurrentKafkaListenerContainerFactoryConfigurer configureContainer (Lorg/springframework/kafka/listener/ContainerProperties;)V 578 <appendix> member <vmtarget> ; # org/springframework/boot/kafka/autoconfigure/ConcurrentKafkaListenerContainerFactoryConfigurer$$Lambda+0x0000028b9b3053b8
instanceKlass  @bci org/springframework/boot/kafka/autoconfigure/ConcurrentKafkaListenerContainerFactoryConfigurer configureContainer (Lorg/springframework/kafka/listener/ContainerProperties;)V 556 <appendix> member <vmtarget> ; # org/springframework/boot/kafka/autoconfigure/ConcurrentKafkaListenerContainerFactoryConfigurer$$Lambda+0x0000028b9b305180
instanceKlass  @bci org/springframework/boot/kafka/autoconfigure/ConcurrentKafkaListenerContainerFactoryConfigurer configureContainer (Lorg/springframework/kafka/listener/ContainerProperties;)V 534 <appendix> member <vmtarget> ; # org/springframework/boot/kafka/autoconfigure/ConcurrentKafkaListenerContainerFactoryConfigurer$$Lambda+0x0000028b9b304f48
instanceKlass  @bci org/springframework/boot/kafka/autoconfigure/ConcurrentKafkaListenerContainerFactoryConfigurer configureContainer (Lorg/springframework/kafka/listener/ContainerProperties;)V 520 <appendix> member <vmtarget> ; # org/springframework/boot/kafka/autoconfigure/ConcurrentKafkaListenerContainerFactoryConfigurer$$Lambda+0x0000028b9b304d20
instanceKlass  @bci org/springframework/boot/kafka/autoconfigure/ConcurrentKafkaListenerContainerFactoryConfigurer configureContainer (Lorg/springframework/kafka/listener/ContainerProperties;)V 505 <appendix> member <vmtarget> ; # org/springframework/boot/kafka/autoconfigure/ConcurrentKafkaListenerContainerFactoryConfigurer$$Lambda+0x0000028b9b304ae8
instanceKlass  @bci org/springframework/boot/kafka/autoconfigure/ConcurrentKafkaListenerContainerFactoryConfigurer configureContainer (Lorg/springframework/kafka/listener/ContainerProperties;)V 491 <appendix> member <vmtarget> ; # org/springframework/boot/kafka/autoconfigure/ConcurrentKafkaListenerContainerFactoryConfigurer$$Lambda+0x0000028b9b3048c0
instanceKlass  @bci org/springframework/boot/kafka/autoconfigure/ConcurrentKafkaListenerContainerFactoryConfigurer configureContainer (Lorg/springframework/kafka/listener/ContainerProperties;)V 476 <appendix> member <vmtarget> ; # org/springframework/boot/kafka/autoconfigure/ConcurrentKafkaListenerContainerFactoryConfigurer$$Lambda+0x0000028b9b304688
instanceKlass  @bci org/springframework/boot/kafka/autoconfigure/ConcurrentKafkaListenerContainerFactoryConfigurer configureContainer (Lorg/springframework/kafka/listener/ContainerProperties;)V 462 <appendix> member <vmtarget> ; # org/springframework/boot/kafka/autoconfigure/ConcurrentKafkaListenerContainerFactoryConfigurer$$Lambda+0x0000028b9b304460
instanceKlass  @bci org/springframework/boot/kafka/autoconfigure/ConcurrentKafkaListenerContainerFactoryConfigurer configureContainer (Lorg/springframework/kafka/listener/ContainerProperties;)V 447 <appendix> member <vmtarget> ; # org/springframework/boot/kafka/autoconfigure/ConcurrentKafkaListenerContainerFactoryConfigurer$$Lambda+0x0000028b9b304228
instanceKlass  @bci org/springframework/boot/kafka/autoconfigure/ConcurrentKafkaListenerContainerFactoryConfigurer configureContainer (Lorg/springframework/kafka/listener/ContainerProperties;)V 433 <appendix> member <vmtarget> ; # org/springframework/boot/kafka/autoconfigure/ConcurrentKafkaListenerContainerFactoryConfigurer$$Lambda+0x0000028b9b304000
instanceKlass  @bci org/springframework/boot/kafka/autoconfigure/ConcurrentKafkaListenerContainerFactoryConfigurer configureContainer (Lorg/springframework/kafka/listener/ContainerProperties;)V 418 <appendix> member <vmtarget> ; # org/springframework/boot/kafka/autoconfigure/ConcurrentKafkaListenerContainerFactoryConfigurer$$Lambda+0x0000028b9b2ffbc0
instanceKlass  @bci org/springframework/boot/kafka/autoconfigure/ConcurrentKafkaListenerContainerFactoryConfigurer configureContainer (Lorg/springframework/kafka/listener/ContainerProperties;)V 404 <appendix> member <vmtarget> ; # org/springframework/boot/kafka/autoconfigure/ConcurrentKafkaListenerContainerFactoryConfigurer$$Lambda+0x0000028b9b2ff998
instanceKlass  @bci org/springframework/boot/kafka/autoconfigure/ConcurrentKafkaListenerContainerFactoryConfigurer configureContainer (Lorg/springframework/kafka/listener/ContainerProperties;)V 389 <appendix> member <vmtarget> ; # org/springframework/boot/kafka/autoconfigure/ConcurrentKafkaListenerContainerFactoryConfigurer$$Lambda+0x0000028b9b2ff760
instanceKlass  @bci org/springframework/boot/kafka/autoconfigure/ConcurrentKafkaListenerContainerFactoryConfigurer configureContainer (Lorg/springframework/kafka/listener/ContainerProperties;)V 375 <appendix> argL0 ; # org/springframework/boot/kafka/autoconfigure/ConcurrentKafkaListenerContainerFactoryConfigurer$$Lambda+0x0000028b9b2ff540
instanceKlass  @bci org/springframework/boot/kafka/autoconfigure/ConcurrentKafkaListenerContainerFactoryConfigurer configureContainer (Lorg/springframework/kafka/listener/ContainerProperties;)V 367 <appendix> argL0 ; # org/springframework/boot/kafka/autoconfigure/ConcurrentKafkaListenerContainerFactoryConfigurer$$Lambda+0x0000028b9b2ff320
instanceKlass  @bci org/springframework/boot/kafka/autoconfigure/ConcurrentKafkaListenerContainerFactoryConfigurer configureContainer (Lorg/springframework/kafka/listener/ContainerProperties;)V 359 <appendix> member <vmtarget> ; # org/springframework/boot/kafka/autoconfigure/ConcurrentKafkaListenerContainerFactoryConfigurer$$Lambda+0x0000028b9b2ff0f8
instanceKlass  @bci org/springframework/boot/kafka/autoconfigure/ConcurrentKafkaListenerContainerFactoryConfigurer configureContainer (Lorg/springframework/kafka/listener/ContainerProperties;)V 344 <appendix> member <vmtarget> ; # org/springframework/boot/kafka/autoconfigure/ConcurrentKafkaListenerContainerFactoryConfigurer$$Lambda+0x0000028b9b2feec0
instanceKlass  @bci org/springframework/boot/kafka/autoconfigure/ConcurrentKafkaListenerContainerFactoryConfigurer configureContainer (Lorg/springframework/kafka/listener/ContainerProperties;)V 330 <appendix> argL0 ; # org/springframework/boot/kafka/autoconfigure/ConcurrentKafkaListenerContainerFactoryConfigurer$$Lambda+0x0000028b9b2feca0
instanceKlass  @bci org/springframework/boot/kafka/autoconfigure/ConcurrentKafkaListenerContainerFactoryConfigurer configureContainer (Lorg/springframework/kafka/listener/ContainerProperties;)V 322 <appendix> member <vmtarget> ; # org/springframework/boot/kafka/autoconfigure/ConcurrentKafkaListenerContainerFactoryConfigurer$$Lambda+0x0000028b9b2fea78
instanceKlass  @bci org/springframework/boot/kafka/autoconfigure/ConcurrentKafkaListenerContainerFactoryConfigurer configureContainer (Lorg/springframework/kafka/listener/ContainerProperties;)V 307 <appendix> member <vmtarget> ; # org/springframework/boot/kafka/autoconfigure/ConcurrentKafkaListenerContainerFactoryConfigurer$$Lambda+0x0000028b9b2fe840
instanceKlass  @bci org/springframework/boot/kafka/autoconfigure/ConcurrentKafkaListenerContainerFactoryConfigurer configureContainer (Lorg/springframework/kafka/listener/ContainerProperties;)V 293 <appendix> argL0 ; # org/springframework/boot/kafka/autoconfigure/ConcurrentKafkaListenerContainerFactoryConfigurer$$Lambda+0x0000028b9b2fe620
instanceKlass  @bci org/springframework/boot/kafka/autoconfigure/ConcurrentKafkaListenerContainerFactoryConfigurer configureContainer (Lorg/springframework/kafka/listener/ContainerProperties;)V 285 <appendix> member <vmtarget> ; # org/springframework/boot/kafka/autoconfigure/ConcurrentKafkaListenerContainerFactoryConfigurer$$Lambda+0x0000028b9b2fe3f8
instanceKlass  @bci org/springframework/boot/kafka/autoconfigure/ConcurrentKafkaListenerContainerFactoryConfigurer configureContainer (Lorg/springframework/kafka/listener/ContainerProperties;)V 270 <appendix> member <vmtarget> ; # org/springframework/boot/kafka/autoconfigure/ConcurrentKafkaListenerContainerFactoryConfigurer$$Lambda+0x0000028b9b2fe1c0
instanceKlass  @bci org/springframework/boot/kafka/autoconfigure/ConcurrentKafkaListenerContainerFactoryConfigurer configureContainer (Lorg/springframework/kafka/listener/ContainerProperties;)V 256 <appendix> argL0 ; # org/springframework/boot/kafka/autoconfigure/ConcurrentKafkaListenerContainerFactoryConfigurer$$Lambda+0x0000028b9b2fdfa0
instanceKlass  @bci org/springframework/boot/kafka/autoconfigure/ConcurrentKafkaListenerContainerFactoryConfigurer configureContainer (Lorg/springframework/kafka/listener/ContainerProperties;)V 240 <appendix> member <vmtarget> ; # org/springframework/boot/kafka/autoconfigure/ConcurrentKafkaListenerContainerFactoryConfigurer$$Lambda+0x0000028b9b2fdd68
instanceKlass  @cpi org/springframework/boot/kafka/autoconfigure/ConcurrentKafkaListenerContainerFactoryConfigurer 440 form vmentry <vmtarget> ; # java/lang/invoke/LambdaForm$DMH+0x0000028b9b300000
instanceKlass  @bci org/springframework/boot/kafka/autoconfigure/ConcurrentKafkaListenerContainerFactoryConfigurer configureContainer (Lorg/springframework/kafka/listener/ContainerProperties;)V 226 <appendix> member <vmtarget> ; # org/springframework/boot/kafka/autoconfigure/ConcurrentKafkaListenerContainerFactoryConfigurer$$Lambda+0x0000028b9b2fdb40
instanceKlass  @bci org/springframework/boot/kafka/autoconfigure/ConcurrentKafkaListenerContainerFactoryConfigurer configureContainer (Lorg/springframework/kafka/listener/ContainerProperties;)V 211 <appendix> member <vmtarget> ; # org/springframework/boot/kafka/autoconfigure/ConcurrentKafkaListenerContainerFactoryConfigurer$$Lambda+0x0000028b9b2fd908
instanceKlass  @bci org/springframework/boot/kafka/autoconfigure/ConcurrentKafkaListenerContainerFactoryConfigurer configureContainer (Lorg/springframework/kafka/listener/ContainerProperties;)V 197 <appendix> argL0 ; # org/springframework/boot/kafka/autoconfigure/ConcurrentKafkaListenerContainerFactoryConfigurer$$Lambda+0x0000028b9b2fd6e8
instanceKlass  @bci org/springframework/boot/kafka/autoconfigure/ConcurrentKafkaListenerContainerFactoryConfigurer configureContainer (Lorg/springframework/kafka/listener/ContainerProperties;)V 189 <appendix> member <vmtarget> ; # org/springframework/boot/kafka/autoconfigure/ConcurrentKafkaListenerContainerFactoryConfigurer$$Lambda+0x0000028b9b2fd4c0
instanceKlass  @bci org/springframework/boot/kafka/autoconfigure/ConcurrentKafkaListenerContainerFactoryConfigurer configureContainer (Lorg/springframework/kafka/listener/ContainerProperties;)V 174 <appendix> member <vmtarget> ; # org/springframework/boot/kafka/autoconfigure/ConcurrentKafkaListenerContainerFactoryConfigurer$$Lambda+0x0000028b9b2fd288
instanceKlass  @bci org/springframework/boot/kafka/autoconfigure/ConcurrentKafkaListenerContainerFactoryConfigurer configureContainer (Lorg/springframework/kafka/listener/ContainerProperties;)V 160 <appendix> argL0 ; # org/springframework/boot/kafka/autoconfigure/ConcurrentKafkaListenerContainerFactoryConfigurer$$Lambda+0x0000028b9b2fd068
instanceKlass  @bci org/springframework/boot/kafka/autoconfigure/ConcurrentKafkaListenerContainerFactoryConfigurer configureContainer (Lorg/springframework/kafka/listener/ContainerProperties;)V 152 <appendix> member <vmtarget> ; # org/springframework/boot/kafka/autoconfigure/ConcurrentKafkaListenerContainerFactoryConfigurer$$Lambda+0x0000028b9b2fce40
instanceKlass  @bci org/springframework/boot/kafka/autoconfigure/ConcurrentKafkaListenerContainerFactoryConfigurer configureContainer (Lorg/springframework/kafka/listener/ContainerProperties;)V 137 <appendix> member <vmtarget> ; # org/springframework/boot/kafka/autoconfigure/ConcurrentKafkaListenerContainerFactoryConfigurer$$Lambda+0x0000028b9b2fcc08
instanceKlass  @bci org/springframework/boot/kafka/autoconfigure/ConcurrentKafkaListenerContainerFactoryConfigurer configureContainer (Lorg/springframework/kafka/listener/ContainerProperties;)V 123 <appendix> member <vmtarget> ; # org/springframework/boot/kafka/autoconfigure/ConcurrentKafkaListenerContainerFactoryConfigurer$$Lambda+0x0000028b9b2fc9e0
instanceKlass  @bci org/springframework/boot/kafka/autoconfigure/ConcurrentKafkaListenerContainerFactoryConfigurer configureContainer (Lorg/springframework/kafka/listener/ContainerProperties;)V 108 <appendix> member <vmtarget> ; # org/springframework/boot/kafka/autoconfigure/ConcurrentKafkaListenerContainerFactoryConfigurer$$Lambda+0x0000028b9b2fc7a8
instanceKlass  @bci org/springframework/boot/kafka/autoconfigure/ConcurrentKafkaListenerContainerFactoryConfigurer configureContainer (Lorg/springframework/kafka/listener/ContainerProperties;)V 94 <appendix> member <vmtarget> ; # org/springframework/boot/kafka/autoconfigure/ConcurrentKafkaListenerContainerFactoryConfigurer$$Lambda+0x0000028b9b2fc580
instanceKlass  @bci org/springframework/boot/kafka/autoconfigure/ConcurrentKafkaListenerContainerFactoryConfigurer configureContainer (Lorg/springframework/kafka/listener/ContainerProperties;)V 79 <appendix> member <vmtarget> ; # org/springframework/boot/kafka/autoconfigure/ConcurrentKafkaListenerContainerFactoryConfigurer$$Lambda+0x0000028b9b2fc348
instanceKlass  @bci org/springframework/boot/kafka/autoconfigure/ConcurrentKafkaListenerContainerFactoryConfigurer configureContainer (Lorg/springframework/kafka/listener/ContainerProperties;)V 65 <appendix> member <vmtarget> ; # org/springframework/boot/kafka/autoconfigure/ConcurrentKafkaListenerContainerFactoryConfigurer$$Lambda+0x0000028b9b2fc120
instanceKlass  @bci org/springframework/boot/kafka/autoconfigure/ConcurrentKafkaListenerContainerFactoryConfigurer configureContainer (Lorg/springframework/kafka/listener/ContainerProperties;)V 50 <appendix> member <vmtarget> ; # org/springframework/boot/kafka/autoconfigure/ConcurrentKafkaListenerContainerFactoryConfigurer$$Lambda+0x0000028b9b2fbee8
instanceKlass  @bci org/springframework/boot/kafka/autoconfigure/ConcurrentKafkaListenerContainerFactoryConfigurer configureContainer (Lorg/springframework/kafka/listener/ContainerProperties;)V 36 <appendix> member <vmtarget> ; # org/springframework/boot/kafka/autoconfigure/ConcurrentKafkaListenerContainerFactoryConfigurer$$Lambda+0x0000028b9b2fbcc0
instanceKlass  @bci org/springframework/boot/kafka/autoconfigure/ConcurrentKafkaListenerContainerFactoryConfigurer configureListenerFactory (Lorg/springframework/kafka/config/ConcurrentKafkaListenerContainerFactory;)V 327 <appendix> member <vmtarget> ; # org/springframework/boot/kafka/autoconfigure/ConcurrentKafkaListenerContainerFactoryConfigurer$$Lambda+0x0000028b9b2fba88
instanceKlass  @bci org/springframework/boot/kafka/autoconfigure/ConcurrentKafkaListenerContainerFactoryConfigurer configureListenerFactory (Lorg/springframework/kafka/config/ConcurrentKafkaListenerContainerFactory;)V 313 <appendix> member <vmtarget> ; # org/springframework/boot/kafka/autoconfigure/ConcurrentKafkaListenerContainerFactoryConfigurer$$Lambda+0x0000028b9b2fb860
instanceKlass  @bci org/springframework/boot/kafka/autoconfigure/ConcurrentKafkaListenerContainerFactoryConfigurer configureListenerFactory (Lorg/springframework/kafka/config/ConcurrentKafkaListenerContainerFactory;)V 298 <appendix> member <vmtarget> ; # org/springframework/boot/kafka/autoconfigure/ConcurrentKafkaListenerContainerFactoryConfigurer$$Lambda+0x0000028b9b2fb628
instanceKlass  @bci org/springframework/boot/kafka/autoconfigure/ConcurrentKafkaListenerContainerFactoryConfigurer configureListenerFactory (Lorg/springframework/kafka/config/ConcurrentKafkaListenerContainerFactory;)V 276 <appendix> member <vmtarget> ; # org/springframework/boot/kafka/autoconfigure/ConcurrentKafkaListenerContainerFactoryConfigurer$$Lambda+0x0000028b9b2fb3f0
instanceKlass  @bci org/springframework/boot/kafka/autoconfigure/ConcurrentKafkaListenerContainerFactoryConfigurer configureListenerFactory (Lorg/springframework/kafka/config/ConcurrentKafkaListenerContainerFactory;)V 254 <appendix> member <vmtarget> ; # org/springframework/boot/kafka/autoconfigure/ConcurrentKafkaListenerContainerFactoryConfigurer$$Lambda+0x0000028b9b2fb1b8
instanceKlass  @bci org/springframework/boot/kafka/autoconfigure/ConcurrentKafkaListenerContainerFactoryConfigurer configureListenerFactory (Lorg/springframework/kafka/config/ConcurrentKafkaListenerContainerFactory;)V 232 <appendix> member <vmtarget> ; # org/springframework/boot/kafka/autoconfigure/ConcurrentKafkaListenerContainerFactoryConfigurer$$Lambda+0x0000028b9b2faf80
instanceKlass  @bci org/springframework/boot/kafka/autoconfigure/ConcurrentKafkaListenerContainerFactoryConfigurer configureListenerFactory (Lorg/springframework/kafka/config/ConcurrentKafkaListenerContainerFactory;)V 210 <appendix> member <vmtarget> ; # org/springframework/boot/kafka/autoconfigure/ConcurrentKafkaListenerContainerFactoryConfigurer$$Lambda+0x0000028b9b2fad48
instanceKlass org/springframework/kafka/requestreply/ReplyingKafkaOperations
instanceKlass  @bci org/springframework/boot/kafka/autoconfigure/ConcurrentKafkaListenerContainerFactoryConfigurer configureListenerFactory (Lorg/springframework/kafka/config/ConcurrentKafkaListenerContainerFactory;)V 167 <appendix> member <vmtarget> ; # org/springframework/boot/kafka/autoconfigure/ConcurrentKafkaListenerContainerFactoryConfigurer$$Lambda+0x0000028b9b2fa910
instanceKlass  @bci org/springframework/boot/kafka/autoconfigure/ConcurrentKafkaListenerContainerFactoryConfigurer configureListenerFactory (Lorg/springframework/kafka/config/ConcurrentKafkaListenerContainerFactory;)V 145 <appendix> member <vmtarget> ; # org/springframework/boot/kafka/autoconfigure/ConcurrentKafkaListenerContainerFactoryConfigurer$$Lambda+0x0000028b9b2fa6d8
instanceKlass  @bci org/springframework/boot/kafka/autoconfigure/ConcurrentKafkaListenerContainerFactoryConfigurer configureListenerFactory (Lorg/springframework/kafka/config/ConcurrentKafkaListenerContainerFactory;)V 123 <appendix> member <vmtarget> ; # org/springframework/boot/kafka/autoconfigure/ConcurrentKafkaListenerContainerFactoryConfigurer$$Lambda+0x0000028b9b2fa4a0
instanceKlass  @bci org/springframework/boot/kafka/autoconfigure/ConcurrentKafkaListenerContainerFactoryConfigurer configureListenerFactory (Lorg/springframework/kafka/config/ConcurrentKafkaListenerContainerFactory;)V 101 <appendix> member <vmtarget> ; # org/springframework/boot/kafka/autoconfigure/ConcurrentKafkaListenerContainerFactoryConfigurer$$Lambda+0x0000028b9b2fa268
instanceKlass  @bci org/springframework/boot/kafka/autoconfigure/ConcurrentKafkaListenerContainerFactoryConfigurer configureListenerFactory (Lorg/springframework/kafka/config/ConcurrentKafkaListenerContainerFactory;)V 79 <appendix> member <vmtarget> ; # org/springframework/boot/kafka/autoconfigure/ConcurrentKafkaListenerContainerFactoryConfigurer$$Lambda+0x0000028b9b2fa030
instanceKlass  @bci org/springframework/boot/kafka/autoconfigure/ConcurrentKafkaListenerContainerFactoryConfigurer configureListenerFactory (Lorg/springframework/kafka/config/ConcurrentKafkaListenerContainerFactory;)V 65 <appendix> member <vmtarget> ; # org/springframework/boot/kafka/autoconfigure/ConcurrentKafkaListenerContainerFactoryConfigurer$$Lambda+0x0000028b9b2f9e08
instanceKlass  @bci org/springframework/boot/kafka/autoconfigure/ConcurrentKafkaListenerContainerFactoryConfigurer configureListenerFactory (Lorg/springframework/kafka/config/ConcurrentKafkaListenerContainerFactory;)V 50 <appendix> member <vmtarget> ; # org/springframework/boot/kafka/autoconfigure/ConcurrentKafkaListenerContainerFactoryConfigurer$$Lambda+0x0000028b9b2f9bd0
instanceKlass  @bci org/springframework/boot/kafka/autoconfigure/ConcurrentKafkaListenerContainerFactoryConfigurer configureListenerFactory (Lorg/springframework/kafka/config/ConcurrentKafkaListenerContainerFactory;)V 36 <appendix> member <vmtarget> ; # org/springframework/boot/kafka/autoconfigure/ConcurrentKafkaListenerContainerFactoryConfigurer$$Lambda+0x0000028b9b2f99a8
instanceKlass org/springframework/kafka/core/ConsumerPostProcessor
instanceKlass org/springframework/kafka/core/ConsumerFactory$Listener
instanceKlass  @bci org/springframework/boot/kafka/autoconfigure/KafkaAutoConfiguration kafkaConsumerFactory (Lorg/springframework/boot/kafka/autoconfigure/KafkaConnectionDetails;Lorg/springframework/beans/factory/ObjectProvider;)Lorg/springframework/kafka/core/DefaultKafkaConsumerFactory; 32 <appendix> member <vmtarget> ; # org/springframework/boot/kafka/autoconfigure/KafkaAutoConfiguration$$Lambda+0x0000028b9b2f9570
instanceKlass  @bci org/springframework/kafka/core/DefaultKafkaConsumerFactory <init> (Ljava/util/Map;)V 7 <appendix> argL0 ; # org/springframework/kafka/core/DefaultKafkaConsumerFactory$$Lambda+0x0000028b9b2f9350
instanceKlass  @bci org/springframework/kafka/core/DefaultKafkaConsumerFactory <init> (Ljava/util/Map;)V 2 <appendix> argL0 ; # org/springframework/kafka/core/DefaultKafkaConsumerFactory$$Lambda+0x0000028b9b2f9130
instanceKlass  @bci org/springframework/boot/kafka/autoconfigure/KafkaProperties$Consumer buildProperties ()Ljava/util/Map; 301 <appendix> argL0 ; # org/springframework/boot/kafka/autoconfigure/KafkaProperties$Consumer$$Lambda+0x0000028b9b2f8f10
instanceKlass  @bci org/springframework/boot/kafka/autoconfigure/KafkaProperties$Consumer buildProperties ()Ljava/util/Map; 293 <appendix> member <vmtarget> ; # org/springframework/boot/kafka/autoconfigure/KafkaProperties$Consumer$$Lambda+0x0000028b9b2f8ce8
instanceKlass  @bci org/springframework/boot/kafka/autoconfigure/KafkaProperties$Consumer buildProperties ()Ljava/util/Map; 274 <appendix> member <vmtarget> ; # org/springframework/boot/kafka/autoconfigure/KafkaProperties$Consumer$$Lambda+0x0000028b9b2f8ac0
instanceKlass  @bci org/springframework/boot/kafka/autoconfigure/KafkaProperties$Consumer buildProperties ()Ljava/util/Map; 255 <appendix> member <vmtarget> ; # org/springframework/boot/kafka/autoconfigure/KafkaProperties$Consumer$$Lambda+0x0000028b9b2f8898
instanceKlass  @bci org/springframework/boot/kafka/autoconfigure/KafkaProperties$Consumer buildProperties ()Ljava/util/Map; 236 <appendix> member <vmtarget> ; # org/springframework/boot/kafka/autoconfigure/KafkaProperties$Consumer$$Lambda+0x0000028b9b2f8670
instanceKlass  @bci org/springframework/boot/kafka/autoconfigure/KafkaProperties$Consumer buildProperties ()Ljava/util/Map; 217 <appendix> member <vmtarget> ; # org/springframework/boot/kafka/autoconfigure/KafkaProperties$Consumer$$Lambda+0x0000028b9b2f8448
instanceKlass  @bci org/springframework/boot/kafka/autoconfigure/KafkaProperties$Consumer buildProperties ()Ljava/util/Map; 198 <appendix> argL0 ; # org/springframework/boot/kafka/autoconfigure/KafkaProperties$Consumer$$Lambda+0x0000028b9b2f8228
instanceKlass  @bci org/springframework/boot/kafka/autoconfigure/KafkaProperties$Consumer buildProperties ()Ljava/util/Map; 190 <appendix> member <vmtarget> ; # org/springframework/boot/kafka/autoconfigure/KafkaProperties$Consumer$$Lambda+0x0000028b9b2f8000
instanceKlass  @bci org/springframework/boot/kafka/autoconfigure/KafkaProperties$Consumer buildProperties ()Ljava/util/Map; 171 <appendix> member <vmtarget> ; # org/springframework/boot/kafka/autoconfigure/KafkaProperties$Consumer$$Lambda+0x0000028b9b2f1ce0
instanceKlass  @bci org/springframework/boot/kafka/autoconfigure/KafkaProperties$Consumer buildProperties ()Ljava/util/Map; 152 <appendix> argL0 ; # org/springframework/boot/kafka/autoconfigure/KafkaProperties$Consumer$$Lambda+0x0000028b9b2f1ac0
instanceKlass  @bci org/springframework/boot/kafka/autoconfigure/KafkaProperties$Consumer buildProperties ()Ljava/util/Map; 144 <appendix> member <vmtarget> ; # org/springframework/boot/kafka/autoconfigure/KafkaProperties$Consumer$$Lambda+0x0000028b9b2f1898
instanceKlass  @bci org/springframework/boot/kafka/autoconfigure/KafkaProperties$Consumer buildProperties ()Ljava/util/Map; 125 <appendix> argL0 ; # org/springframework/boot/kafka/autoconfigure/KafkaProperties$Consumer$$Lambda+0x0000028b9b2f1678
instanceKlass  @bci org/springframework/boot/kafka/autoconfigure/KafkaProperties$Consumer buildProperties ()Ljava/util/Map; 117 <appendix> member <vmtarget> ; # org/springframework/boot/kafka/autoconfigure/KafkaProperties$Consumer$$Lambda+0x0000028b9b2f1450
instanceKlass  @bci org/springframework/boot/kafka/autoconfigure/KafkaProperties$Consumer buildProperties ()Ljava/util/Map; 98 <appendix> member <vmtarget> ; # org/springframework/boot/kafka/autoconfigure/KafkaProperties$Consumer$$Lambda+0x0000028b9b2f1228
instanceKlass  @bci org/springframework/boot/kafka/autoconfigure/KafkaProperties$Consumer buildProperties ()Ljava/util/Map; 79 <appendix> member <vmtarget> ; # org/springframework/boot/kafka/autoconfigure/KafkaProperties$Consumer$$Lambda+0x0000028b9b2f1000
instanceKlass  @bci org/springframework/boot/kafka/autoconfigure/KafkaProperties$Consumer buildProperties ()Ljava/util/Map; 60 <appendix> member <vmtarget> ; # org/springframework/boot/kafka/autoconfigure/KafkaProperties$Consumer$$Lambda+0x0000028b9b2f3bd8
instanceKlass  @bci org/springframework/boot/kafka/autoconfigure/KafkaProperties$Consumer buildProperties ()Ljava/util/Map; 41 <appendix> member <vmtarget> ; # org/springframework/boot/kafka/autoconfigure/KafkaProperties$Consumer$$Lambda+0x0000028b9b2f39b0
instanceKlass  @bci org/springframework/boot/kafka/autoconfigure/KafkaProperties$Consumer buildProperties ()Ljava/util/Map; 22 <appendix> argL0 ; # org/springframework/boot/kafka/autoconfigure/KafkaProperties$Consumer$$Lambda+0x0000028b9b2f3790
instanceKlass  @bci org/springframework/boot/kafka/autoconfigure/KafkaProperties$Consumer buildProperties ()Ljava/util/Map; 14 <appendix> member <vmtarget> ; # org/springframework/boot/kafka/autoconfigure/KafkaProperties$Consumer$$Lambda+0x0000028b9b2f3568
instanceKlass  @bci org/springframework/boot/kafka/autoconfigure/KafkaAnnotationDrivenConfiguration kafkaListenerContainerFactory (Lorg/springframework/boot/kafka/autoconfigure/ConcurrentKafkaListenerContainerFactoryConfigurer;Lorg/springframework/beans/factory/ObjectProvider;Lorg/springframework/beans/factory/ObjectProvider;)Lorg/springframework/kafka/config/ConcurrentKafkaListenerContainerFactory; 14 <appendix> member <vmtarget> ; # org/springframework/boot/kafka/autoconfigure/KafkaAnnotationDrivenConfiguration$$Lambda+0x0000028b9b2f3340
instanceKlass org/springframework/kafka/listener/AbstractMessageListenerContainer
instanceKlass org/springframework/kafka/listener/GenericMessageListenerContainer
instanceKlass org/springframework/kafka/config/ContainerCustomizer
instanceKlass org/springframework/kafka/listener/ConsumerProperties
instanceKlass io/micrometer/observation/Observation$Context
instanceKlass io/micrometer/observation/Observation$ContextView
instanceKlass org/springframework/kafka/support/micrometer/KafkaTemplateObservationConvention
instanceKlass org/springframework/kafka/core/KafkaOperations$OperationsCallback
instanceKlass org/apache/kafka/clients/producer/Callback
instanceKlass io/micrometer/observation/Observation
instanceKlass io/micrometer/observation/ObservationView
instanceKlass org/apache/kafka/clients/consumer/ConsumerRecords
instanceKlass org/apache/kafka/clients/consumer/Consumer
instanceKlass org/apache/kafka/common/TopicPartition
instanceKlass org/apache/kafka/clients/consumer/ConsumerGroupMetadata
instanceKlass org/springframework/kafka/support/micrometer/MicrometerHolder
instanceKlass org/apache/kafka/clients/producer/ProducerInterceptor
instanceKlass org/apache/kafka/common/Configurable
instanceKlass org/springframework/kafka/core/KafkaOperations$ProducerCallback
instanceKlass  @bci org/springframework/boot/kafka/autoconfigure/KafkaAutoConfiguration kafkaTemplate (Lorg/springframework/kafka/core/ProducerFactory;Lorg/springframework/kafka/support/ProducerListener;Lorg/springframework/beans/factory/ObjectProvider;)Lorg/springframework/kafka/core/KafkaTemplate; 139 <appendix> member <vmtarget> ; # org/springframework/boot/kafka/autoconfigure/KafkaAutoConfiguration$$Lambda+0x0000028b9b2efd58
instanceKlass  @bci org/springframework/boot/kafka/autoconfigure/KafkaAutoConfiguration kafkaTemplate (Lorg/springframework/kafka/core/ProducerFactory;Lorg/springframework/kafka/support/ProducerListener;Lorg/springframework/beans/factory/ObjectProvider;)Lorg/springframework/kafka/core/KafkaTemplate; 106 <appendix> member <vmtarget> ; # org/springframework/boot/kafka/autoconfigure/KafkaAutoConfiguration$$Lambda+0x0000028b9b2efb20
instanceKlass  @bci org/springframework/boot/kafka/autoconfigure/KafkaAutoConfiguration kafkaTemplate (Lorg/springframework/kafka/core/ProducerFactory;Lorg/springframework/kafka/support/ProducerListener;Lorg/springframework/beans/factory/ObjectProvider;)Lorg/springframework/kafka/core/KafkaTemplate; 76 <appendix> member <vmtarget> ; # org/springframework/boot/kafka/autoconfigure/KafkaAutoConfiguration$$Lambda+0x0000028b9b2ef8e8
instanceKlass  @bci org/springframework/boot/kafka/autoconfigure/KafkaAutoConfiguration kafkaTemplate (Lorg/springframework/kafka/core/ProducerFactory;Lorg/springframework/kafka/support/ProducerListener;Lorg/springframework/beans/factory/ObjectProvider;)Lorg/springframework/kafka/core/KafkaTemplate; 46 <appendix> member <vmtarget> ; # org/springframework/boot/kafka/autoconfigure/KafkaAutoConfiguration$$Lambda+0x0000028b9b2ef6b0
instanceKlass  @bci org/springframework/boot/kafka/autoconfigure/KafkaAutoConfiguration kafkaTemplate (Lorg/springframework/kafka/core/ProducerFactory;Lorg/springframework/kafka/support/ProducerListener;Lorg/springframework/beans/factory/ObjectProvider;)Lorg/springframework/kafka/core/KafkaTemplate; 23 <appendix> member <vmtarget> ; # org/springframework/boot/kafka/autoconfigure/KafkaAutoConfiguration$$Lambda+0x0000028b9b2ef478
instanceKlass  @bci org/springframework/kafka/support/KafkaUtils <clinit> ()V 8 <appendix> argL0 ; # org/springframework/kafka/support/KafkaUtils$$Lambda+0x0000028b9b2ef238
instanceKlass org/apache/kafka/clients/consumer/ConsumerRecord
instanceKlass  @bci org/springframework/kafka/support/KafkaUtils <clinit> ()V 0 <appendix> argL0 ; # org/springframework/kafka/support/KafkaUtils$$Lambda+0x0000028b9b2eed88
instanceKlass org/springframework/kafka/support/KafkaUtils
instanceKlass io/micrometer/observation/ObservationRegistry$ObservationConfig
instanceKlass io/micrometer/observation/ObservationRegistry$1
instanceKlass io/micrometer/observation/ObservationRegistry
instanceKlass org/springframework/transaction/support/TransactionSynchronization
instanceKlass org/springframework/kafka/core/ProducerFactoryUtils
instanceKlass  @bci org/springframework/kafka/support/converter/MessagingMessageConverter <init> ()V 1 <appendix> argL0 ; # org/springframework/kafka/support/converter/MessagingMessageConverter$$Lambda+0x0000028b9b2edc20
instanceKlass org/springframework/messaging/Message
instanceKlass org/apache/kafka/common/header/Headers
instanceKlass org/springframework/kafka/support/converter/MessagingMessageConverter
instanceKlass io/micrometer/observation/ObservationConvention
instanceKlass io/micrometer/observation/KeyValuesConvention
# instanceKlass java/lang/invoke/LambdaForm$MH+0x0000028b9b2f0c00
# instanceKlass java/lang/invoke/LambdaForm$MH+0x0000028b9b2f0800
# instanceKlass java/lang/invoke/LambdaForm$MH+0x0000028b9b2f0400
# instanceKlass java/lang/invoke/LambdaForm$MH+0x0000028b9b2f0000
instanceKlass org/apache/kafka/clients/producer/RecordMetadata
instanceKlass org/apache/kafka/clients/producer/ProducerRecord
instanceKlass org/springframework/kafka/core/ProducerPostProcessor
instanceKlass org/springframework/kafka/core/DefaultKafkaProducerFactory$CloseSafeProducer
instanceKlass org/springframework/kafka/core/ProducerFactory$Listener
instanceKlass  @bci org/springframework/boot/kafka/autoconfigure/KafkaAutoConfiguration kafkaProducerFactory (Lorg/springframework/boot/kafka/autoconfigure/KafkaConnectionDetails;Lorg/springframework/beans/factory/ObjectProvider;)Lorg/springframework/kafka/core/DefaultKafkaProducerFactory; 56 <appendix> member <vmtarget> ; # org/springframework/boot/kafka/autoconfigure/KafkaAutoConfiguration$$Lambda+0x0000028b9b2ebeb8
instanceKlass  @bci org/springframework/kafka/core/DefaultKafkaProducerFactory valueSerializerSupplier (Ljava/util/function/Supplier;)Ljava/util/function/Supplier; 28 <appendix> member <vmtarget> ; # org/springframework/kafka/core/DefaultKafkaProducerFactory$$Lambda+0x0000028b9b2ebc90
instanceKlass  @bci org/springframework/kafka/core/DefaultKafkaProducerFactory keySerializerSupplier (Ljava/util/function/Supplier;)Ljava/util/function/Supplier; 28 <appendix> member <vmtarget> ; # org/springframework/kafka/core/DefaultKafkaProducerFactory$$Lambda+0x0000028b9b2eba68
instanceKlass org/springframework/kafka/core/DefaultTransactionIdSuffixStrategy
instanceKlass  @bci org/springframework/kafka/core/DefaultKafkaProducerFactory <init> (Ljava/util/Map;)V 7 <appendix> argL0 ; # org/springframework/kafka/core/DefaultKafkaProducerFactory$$Lambda+0x0000028b9b2eb380
instanceKlass  @bci org/springframework/kafka/core/DefaultKafkaProducerFactory <init> (Ljava/util/Map;)V 2 <appendix> argL0 ; # org/springframework/kafka/core/DefaultKafkaProducerFactory$$Lambda+0x0000028b9b2eb160
instanceKlass org/apache/kafka/clients/producer/Producer
instanceKlass org/springframework/kafka/core/TransactionIdSuffixStrategy
instanceKlass org/springframework/boot/kafka/autoconfigure/KafkaConnectionDetails$Configuration$1
instanceKlass  @bci org/springframework/boot/kafka/autoconfigure/KafkaProperties$Producer buildProperties ()Ljava/util/Map; 182 <appendix> member <vmtarget> ; # org/springframework/boot/kafka/autoconfigure/KafkaProperties$Producer$$Lambda+0x0000028b9b2ea8e8
instanceKlass  @bci org/springframework/boot/kafka/autoconfigure/KafkaProperties$Producer buildProperties ()Ljava/util/Map; 163 <appendix> member <vmtarget> ; # org/springframework/boot/kafka/autoconfigure/KafkaProperties$Producer$$Lambda+0x0000028b9b2ea6c0
instanceKlass  @bci org/springframework/boot/kafka/autoconfigure/KafkaProperties$Producer buildProperties ()Ljava/util/Map; 144 <appendix> member <vmtarget> ; # org/springframework/boot/kafka/autoconfigure/KafkaProperties$Producer$$Lambda+0x0000028b9b2ea498
instanceKlass  @bci org/springframework/boot/kafka/autoconfigure/KafkaProperties$Producer buildProperties ()Ljava/util/Map; 125 <appendix> member <vmtarget> ; # org/springframework/boot/kafka/autoconfigure/KafkaProperties$Producer$$Lambda+0x0000028b9b2ea270
instanceKlass  @bci org/springframework/boot/kafka/autoconfigure/KafkaProperties$Producer buildProperties ()Ljava/util/Map; 106 <appendix> member <vmtarget> ; # org/springframework/boot/kafka/autoconfigure/KafkaProperties$Producer$$Lambda+0x0000028b9b2ea048
instanceKlass  @bci org/springframework/boot/kafka/autoconfigure/KafkaProperties$Producer buildProperties ()Ljava/util/Map; 87 <appendix> argL0 ; # org/springframework/boot/kafka/autoconfigure/KafkaProperties$Producer$$Lambda+0x0000028b9b2e9e28
instanceKlass  @bci org/springframework/boot/kafka/autoconfigure/KafkaProperties$Producer buildProperties ()Ljava/util/Map; 79 <appendix> member <vmtarget> ; # org/springframework/boot/kafka/autoconfigure/KafkaProperties$Producer$$Lambda+0x0000028b9b2e9c00
instanceKlass  @bci org/springframework/boot/kafka/autoconfigure/KafkaProperties$Producer buildProperties ()Ljava/util/Map; 60 <appendix> member <vmtarget> ; # org/springframework/boot/kafka/autoconfigure/KafkaProperties$Producer$$Lambda+0x0000028b9b2e99d8
instanceKlass  @bci org/springframework/boot/kafka/autoconfigure/KafkaProperties$Producer buildProperties ()Ljava/util/Map; 41 <appendix> argL0 ; # org/springframework/boot/kafka/autoconfigure/KafkaProperties$Producer$$Lambda+0x0000028b9b2e97b8
instanceKlass  @bci org/springframework/boot/kafka/autoconfigure/KafkaProperties$Producer buildProperties ()Ljava/util/Map; 33 <appendix> member <vmtarget> ; # org/springframework/boot/kafka/autoconfigure/KafkaProperties$Producer$$Lambda+0x0000028b9b2e9590
instanceKlass  @bci org/springframework/boot/kafka/autoconfigure/KafkaProperties$Producer buildProperties ()Ljava/util/Map; 14 <appendix> member <vmtarget> ; # org/springframework/boot/kafka/autoconfigure/KafkaProperties$Producer$$Lambda+0x0000028b9b2e9368
instanceKlass  @bci org/springframework/boot/kafka/autoconfigure/KafkaProperties$Security buildProperties ()Ljava/util/Map; 14 <appendix> member <vmtarget> ; # org/springframework/boot/kafka/autoconfigure/KafkaProperties$Security$$Lambda+0x0000028b9b2e9140
instanceKlass  @bci org/springframework/boot/kafka/autoconfigure/KafkaProperties$Ssl buildProperties ()Ljava/util/Map; 240 <appendix> member <vmtarget> ; # org/springframework/boot/kafka/autoconfigure/KafkaProperties$Ssl$$Lambda+0x0000028b9b2e8f18
instanceKlass  @bci org/springframework/boot/kafka/autoconfigure/KafkaProperties$Ssl buildProperties ()Ljava/util/Map; 221 <appendix> member <vmtarget> ; # org/springframework/boot/kafka/autoconfigure/KafkaProperties$Ssl$$Lambda+0x0000028b9b2e8cf0
instanceKlass  @bci org/springframework/boot/kafka/autoconfigure/KafkaProperties$Ssl buildProperties ()Ljava/util/Map; 202 <appendix> member <vmtarget> ; # org/springframework/boot/kafka/autoconfigure/KafkaProperties$Ssl$$Lambda+0x0000028b9b2e8ac8
instanceKlass  @bci org/springframework/boot/kafka/autoconfigure/KafkaProperties$Ssl buildProperties ()Ljava/util/Map; 183 <appendix> member <vmtarget> ; # org/springframework/boot/kafka/autoconfigure/KafkaProperties$Ssl$$Lambda+0x0000028b9b2e88a0
instanceKlass  @bci org/springframework/boot/kafka/autoconfigure/KafkaProperties$Ssl buildProperties ()Ljava/util/Map; 174 <appendix> member <vmtarget> ; # org/springframework/boot/kafka/autoconfigure/KafkaProperties$Ssl$$Lambda+0x0000028b9b2e8678
instanceKlass  @bci org/springframework/boot/kafka/autoconfigure/KafkaProperties$Ssl buildProperties ()Ljava/util/Map; 155 <appendix> member <vmtarget> ; # org/springframework/boot/kafka/autoconfigure/KafkaProperties$Ssl$$Lambda+0x0000028b9b2e8450
instanceKlass  @bci org/springframework/boot/kafka/autoconfigure/KafkaProperties$Ssl buildProperties ()Ljava/util/Map; 136 <appendix> member <vmtarget> ; # org/springframework/boot/kafka/autoconfigure/KafkaProperties$Ssl$$Lambda+0x0000028b9b2e8228
instanceKlass  @bci org/springframework/boot/kafka/autoconfigure/KafkaProperties$Ssl buildProperties ()Ljava/util/Map; 117 <appendix> member <vmtarget> ; # org/springframework/boot/kafka/autoconfigure/KafkaProperties$Ssl$$Lambda+0x0000028b9b2e8000
instanceKlass  @bci org/springframework/boot/kafka/autoconfigure/KafkaProperties$Ssl buildProperties ()Ljava/util/Map; 98 <appendix> member <vmtarget> ; # org/springframework/boot/kafka/autoconfigure/KafkaProperties$Ssl$$Lambda+0x0000028b9b2dac00
instanceKlass  @bci org/springframework/boot/kafka/autoconfigure/KafkaProperties$Ssl buildProperties ()Ljava/util/Map; 89 <appendix> member <vmtarget> ; # org/springframework/boot/kafka/autoconfigure/KafkaProperties$Ssl$$Lambda+0x0000028b9b2e7c68
instanceKlass  @bci org/springframework/boot/kafka/autoconfigure/KafkaProperties$Ssl buildProperties ()Ljava/util/Map; 70 <appendix> member <vmtarget> ; # org/springframework/boot/kafka/autoconfigure/KafkaProperties$Ssl$$Lambda+0x0000028b9b2e7a40
instanceKlass  @bci org/springframework/boot/kafka/autoconfigure/KafkaProperties$Ssl buildProperties ()Ljava/util/Map; 51 <appendix> member <vmtarget> ; # org/springframework/boot/kafka/autoconfigure/KafkaProperties$Ssl$$Lambda+0x0000028b9b2e7818
instanceKlass  @bci org/springframework/boot/kafka/autoconfigure/KafkaProperties$Properties in (Ljava/lang/String;)Ljava/util/function/Consumer; 2 <appendix> member <vmtarget> ; # org/springframework/boot/kafka/autoconfigure/KafkaProperties$Properties$$Lambda+0x0000028b9b2e75e0
instanceKlass  @bci org/springframework/boot/kafka/autoconfigure/KafkaProperties$Ssl buildProperties ()Ljava/util/Map; 32 <appendix> member <vmtarget> ; # org/springframework/boot/kafka/autoconfigure/KafkaProperties$Ssl$$Lambda+0x0000028b9b2e73b8
instanceKlass  @bci org/springframework/boot/kafka/autoconfigure/KafkaProperties$Ssl validate ()V 82 <appendix> member <vmtarget> ; # org/springframework/boot/kafka/autoconfigure/KafkaProperties$Ssl$$Lambda+0x0000028b9b2e6d60
instanceKlass  @bci org/springframework/boot/kafka/autoconfigure/KafkaProperties$Ssl validate ()V 76 <appendix> member <vmtarget> ; # org/springframework/boot/kafka/autoconfigure/KafkaProperties$Ssl$$Lambda+0x0000028b9b2e6b28
instanceKlass  @bci org/springframework/boot/kafka/autoconfigure/KafkaProperties$Ssl validate ()V 67 <appendix> member <vmtarget> ; # org/springframework/boot/kafka/autoconfigure/KafkaProperties$Ssl$$Lambda+0x0000028b9b2e68d0
instanceKlass  @bci org/springframework/boot/kafka/autoconfigure/KafkaProperties$Ssl validate ()V 61 <appendix> member <vmtarget> ; # org/springframework/boot/kafka/autoconfigure/KafkaProperties$Ssl$$Lambda+0x0000028b9b2e6698
instanceKlass  @bci org/springframework/boot/kafka/autoconfigure/KafkaProperties$Ssl validate ()V 52 <appendix> member <vmtarget> ; # org/springframework/boot/kafka/autoconfigure/KafkaProperties$Ssl$$Lambda+0x0000028b9b2e6440
instanceKlass  @bci org/springframework/boot/kafka/autoconfigure/KafkaProperties$Ssl validate ()V 46 <appendix> member <vmtarget> ; # org/springframework/boot/kafka/autoconfigure/KafkaProperties$Ssl$$Lambda+0x0000028b9b2e6208
instanceKlass  @bci org/springframework/boot/kafka/autoconfigure/KafkaProperties$Ssl validate ()V 37 <appendix> member <vmtarget> ; # org/springframework/boot/kafka/autoconfigure/KafkaProperties$Ssl$$Lambda+0x0000028b9b2e5fb0
instanceKlass  @bci org/springframework/boot/kafka/autoconfigure/KafkaProperties$Ssl validate ()V 31 <appendix> member <vmtarget> ; # org/springframework/boot/kafka/autoconfigure/KafkaProperties$Ssl$$Lambda+0x0000028b9b2e5d78
instanceKlass  @bci org/springframework/boot/kafka/autoconfigure/KafkaProperties$Ssl validate ()V 22 <appendix> member <vmtarget> ; # org/springframework/boot/kafka/autoconfigure/KafkaProperties$Ssl$$Lambda+0x0000028b9b2e5b20
instanceKlass  @bci org/springframework/boot/kafka/autoconfigure/KafkaProperties$Ssl validate ()V 16 <appendix> member <vmtarget> ; # org/springframework/boot/kafka/autoconfigure/KafkaProperties$Ssl$$Lambda+0x0000028b9b2e58e8
instanceKlass  @bci org/springframework/boot/context/properties/source/MutuallyExclusiveConfigurationPropertiesException throwIfMultipleMatchingValuesIn (Ljava/util/function/Consumer;Ljava/util/function/Predicate;)V 47 <appendix> argL0 ; # org/springframework/boot/context/properties/source/MutuallyExclusiveConfigurationPropertiesException$$Lambda+0x0000028b9b2e56c8
instanceKlass  @bci org/springframework/boot/context/properties/source/MutuallyExclusiveConfigurationPropertiesException throwIfMultipleMatchingValuesIn (Ljava/util/function/Consumer;Ljava/util/function/Predicate;)V 37 <appendix> argL0 ; # org/springframework/boot/context/properties/source/MutuallyExclusiveConfigurationPropertiesException$$Lambda+0x0000028b9b2e5488
instanceKlass  @bci org/springframework/boot/context/properties/source/MutuallyExclusiveConfigurationPropertiesException throwIfMultipleMatchingValuesIn (Ljava/util/function/Consumer;Ljava/util/function/Predicate;)V 27 <appendix> member <vmtarget> ; # org/springframework/boot/context/properties/source/MutuallyExclusiveConfigurationPropertiesException$$Lambda+0x0000028b9b2e5230
instanceKlass  @bci org/springframework/boot/kafka/autoconfigure/KafkaProperties$Ssl validate ()V 7 <appendix> member <vmtarget> ; # org/springframework/boot/kafka/autoconfigure/KafkaProperties$Ssl$$Lambda+0x0000028b9b2e4d68
instanceKlass  @bci org/springframework/boot/kafka/autoconfigure/KafkaProperties$Ssl validate ()V 1 <appendix> member <vmtarget> ; # org/springframework/boot/kafka/autoconfigure/KafkaProperties$Ssl$$Lambda+0x0000028b9b2e4b30
instanceKlass org/springframework/boot/kafka/autoconfigure/KafkaConnectionDetails$Configuration
instanceKlass org/springframework/core/ResolvableType$WildcardBounds
instanceKlass org/springframework/kafka/support/AbstractKafkaHeaderMapper$SimplePatternBasedHeaderMatcher
instanceKlass org/springframework/kafka/support/AbstractKafkaHeaderMapper$NeverMatchHeaderMatcher
instanceKlass org/springframework/kafka/support/AbstractKafkaHeaderMapper$HeaderMatcher
instanceKlass  @bci org/springframework/kafka/support/AbstractKafkaHeaderMapper <init> (Z[Ljava/lang/String;)V 73 <appendix> member <vmtarget> ; # org/springframework/kafka/support/AbstractKafkaHeaderMapper$$Lambda+0x0000028b9b2e3528
instanceKlass org/springframework/util/ConcurrentLruCache$WriteOperations
instanceKlass org/springframework/util/ConcurrentLruCache$ReadOperations
instanceKlass org/springframework/util/ConcurrentLruCache$EvictionQueue
instanceKlass  @bci org/springframework/kafka/support/AbstractKafkaHeaderMapper <init> (Z[Ljava/lang/String;)V 42 <appendix> member <vmtarget> ; # org/springframework/kafka/support/AbstractKafkaHeaderMapper$$Lambda+0x0000028b9b2e2178
instanceKlass org/springframework/util/ConcurrentLruCache
instanceKlass com/fasterxml/jackson/databind/util/ArrayBuilders
instanceKlass com/fasterxml/jackson/databind/ObjectMapper$1
instanceKlass com/fasterxml/jackson/databind/type/ClassKey
instanceKlass com/fasterxml/jackson/databind/ser/Serializers$Base
instanceKlass org/springframework/util/MimeType
instanceKlass com/fasterxml/jackson/databind/cfg/MapperBuilder
instanceKlass org/springframework/kafka/support/JacksonUtils
instanceKlass org/apache/kafka/common/header/Header
instanceKlass org/springframework/kafka/support/AbstractKafkaHeaderMapper
instanceKlass org/springframework/kafka/support/JacksonPresent
instanceKlass org/springframework/messaging/MessageHeaders
instanceKlass org/springframework/kafka/support/KafkaHeaderMapper
instanceKlass org/springframework/kafka/support/converter/BatchMessagingMessageConverter
instanceKlass  @bci org/springframework/boot/kafka/autoconfigure/KafkaAnnotationDrivenConfiguration <init> (Lorg/springframework/boot/kafka/autoconfigure/KafkaProperties;Lorg/springframework/beans/factory/ObjectProvider;Lorg/springframework/beans/factory/ObjectProvider;Lorg/springframework/beans/factory/ObjectProvider;Lorg/springframework/beans/factory/ObjectProvider;Lorg/springframework/beans/factory/ObjectProvider;Lorg/springframework/beans/factory/ObjectProvider;Lorg/springframework/beans/factory/ObjectProvider;Lorg/springframework/beans/factory/ObjectProvider;Lorg/springframework/beans/factory/ObjectProvider;Lorg/springframework/beans/factory/ObjectProvider;Lorg/springframework/beans/factory/ObjectProvider;)V 39 <appendix> member <vmtarget> ; # org/springframework/boot/kafka/autoconfigure/KafkaAnnotationDrivenConfiguration$$Lambda+0x0000028b9b2dde68
# instanceKlass java/lang/invoke/LambdaForm$MH+0x0000028b9b2da800
# instanceKlass java/lang/invoke/LambdaForm$MH+0x0000028b9b2da400
# instanceKlass java/lang/invoke/LambdaForm$MH+0x0000028b9b2da000
# instanceKlass java/lang/invoke/LambdaForm$BMH+0x0000028b9b2d9c00
# instanceKlass java/lang/invoke/LambdaForm$DMH+0x0000028b9b2d9800
# instanceKlass java/lang/invoke/LambdaForm$DMH+0x0000028b9b2d9400
instanceKlass org/springframework/boot/kafka/autoconfigure/KafkaProperties$Retry$Topic
instanceKlass org/springframework/boot/kafka/autoconfigure/KafkaProperties$Cleanup
instanceKlass org/apache/kafka/common/serialization/StringSerializer
instanceKlass org/apache/kafka/common/serialization/Serializer
instanceKlass org/apache/kafka/common/serialization/StringDeserializer
instanceKlass org/apache/kafka/common/serialization/Deserializer
instanceKlass org/springframework/kafka/listener/BatchInterceptor
instanceKlass org/springframework/kafka/listener/RecordInterceptor
instanceKlass org/springframework/kafka/listener/ThreadStateProcessor
instanceKlass org/springframework/kafka/listener/AfterRollbackProcessor
instanceKlass org/springframework/kafka/listener/CommonErrorHandler
instanceKlass org/springframework/kafka/listener/DeliveryAttemptAware
instanceKlass org/springframework/kafka/listener/ConsumerAwareRebalanceListener
instanceKlass org/apache/kafka/clients/consumer/ConsumerRebalanceListener
instanceKlass org/springframework/kafka/support/converter/RecordMessageConverter
instanceKlass org/springframework/boot/LazyInitializationExcludeFilter
instanceKlass  @bci org/springframework/boot/task/SimpleAsyncTaskSchedulerBuilder append (Ljava/util/Set;Ljava/lang/Iterable;)Ljava/util/Set; 26 <appendix> member <vmtarget> ; # org/springframework/boot/task/SimpleAsyncTaskSchedulerBuilder$$Lambda+0x0000028b9b2d6160
instanceKlass  @bci org/springframework/boot/autoconfigure/task/TaskSchedulingConfigurations$SimpleAsyncTaskSchedulerBuilderConfiguration builder ()Lorg/springframework/boot/task/SimpleAsyncTaskSchedulerBuilder; 47 <appendix> member <vmtarget> ; # org/springframework/boot/autoconfigure/task/TaskSchedulingConfigurations$SimpleAsyncTaskSchedulerBuilderConfiguration$$Lambda+0x0000028b9b2d5f18
instanceKlass org/springframework/boot/task/SimpleAsyncTaskSchedulerCustomizer
instanceKlass  @bci org/springframework/boot/task/ThreadPoolTaskSchedulerBuilder append (Ljava/util/Set;Ljava/lang/Iterable;)Ljava/util/Set; 26 <appendix> member <vmtarget> ; # org/springframework/boot/task/ThreadPoolTaskSchedulerBuilder$$Lambda+0x0000028b9b2d58e8
instanceKlass org/springframework/boot/autoconfigure/task/TaskSchedulingConfigurations
# instanceKlass java/lang/invoke/LambdaForm$MH+0x0000028b9b2d9000
# instanceKlass java/lang/invoke/LambdaForm$MH+0x0000028b9b2d8c00
# instanceKlass java/lang/invoke/LambdaForm$MH+0x0000028b9b2d8800
instanceKlass org/springframework/boot/task/ThreadPoolTaskSchedulerCustomizer
instanceKlass org/springframework/aop/interceptor/AsyncUncaughtExceptionHandler
instanceKlass  @bci org/springframework/boot/task/SimpleAsyncTaskExecutorBuilder append (Ljava/util/Set;Ljava/lang/Iterable;)Ljava/util/Set; 26 <appendix> member <vmtarget> ; # org/springframework/boot/task/SimpleAsyncTaskExecutorBuilder$$Lambda+0x0000028b9b2d4c50
instanceKlass  @bci org/springframework/boot/autoconfigure/task/TaskExecutorConfigurations$SimpleAsyncTaskExecutorBuilderConfiguration builder ()Lorg/springframework/boot/task/SimpleAsyncTaskExecutorBuilder; 35 <appendix> member <vmtarget> ; # org/springframework/boot/autoconfigure/task/TaskExecutorConfigurations$SimpleAsyncTaskExecutorBuilderConfiguration$$Lambda+0x0000028b9b2d4a08
# instanceKlass java/lang/invoke/LambdaForm$MH+0x0000028b9b2d8400
# instanceKlass java/lang/invoke/LambdaForm$MH+0x0000028b9b2d8000
instanceKlass org/springframework/boot/task/SimpleAsyncTaskExecutorCustomizer
instanceKlass org/springframework/boot/info/InfoProperties
instanceKlass org/springframework/context/support/DefaultLifecycleProcessor$LifecycleGroup
instanceKlass  @bci org/springframework/boot/validation/beanvalidation/MethodValidationExcludeFilter byAnnotation (Ljava/lang/Class;Lorg/springframework/core/annotation/MergedAnnotations$SearchStrategy;)Lorg/springframework/boot/validation/beanvalidation/MethodValidationExcludeFilter; 2 <appendix> member <vmtarget> ; # org/springframework/boot/validation/beanvalidation/MethodValidationExcludeFilter$$Lambda+0x0000028b9b2d39e0
instanceKlass java/lang/Class$EnclosingMethodInfo
instanceKlass  @bci org/springframework/core/convert/TypeDescriptor <init> (Lorg/springframework/core/MethodParameter;)V 29 <appendix> member <vmtarget> ; # org/springframework/core/convert/TypeDescriptor$$Lambda+0x0000028b9b2d29b8
instanceKlass  @bci org/springframework/kafka/annotation/KafkaListenerAnnotationBeanPostProcessor postProcessAfterInitialization (Ljava/lang/Object;Ljava/lang/String;)Ljava/lang/Object; 233 <appendix> member <vmtarget> ; # org/springframework/kafka/annotation/KafkaListenerAnnotationBeanPostProcessor$$Lambda+0x0000028b9b2d2790
instanceKlass org/springframework/kafka/config/ContainerPostProcessor
instanceKlass org/springframework/kafka/listener/adapter/RecordFilterStrategy
instanceKlass org/springframework/messaging/converter/SmartMessageConverter
instanceKlass org/springframework/kafka/listener/KafkaListenerErrorHandler
instanceKlass  @bci org/springframework/kafka/annotation/KafkaListenerAnnotationBeanPostProcessor processMainAndRetryListeners (Lorg/springframework/kafka/annotation/KafkaListener;Ljava/lang/Object;Ljava/lang/String;Lorg/springframework/kafka/config/MethodKafkaListenerEndpoint;[Ljava/lang/String;[Lorg/springframework/kafka/support/TopicPartitionOffset;Ljava/lang/reflect/Method;Ljava/lang/Class;)Z 52 <appendix> member <vmtarget> ; # org/springframework/kafka/annotation/KafkaListenerAnnotationBeanPostProcessor$$Lambda+0x0000028b9b2d1b58
instanceKlass  @bci org/springframework/kafka/annotation/RetryTopicConfigurationProvider maybeGetFromContext ([Ljava/lang/String;)Lorg/springframework/kafka/retrytopic/RetryTopicConfiguration; 61 <appendix> member <vmtarget> ; # org/springframework/kafka/annotation/RetryTopicConfigurationProvider$$Lambda+0x0000028b9b2d1900
instanceKlass  @bci org/springframework/kafka/annotation/RetryTopicConfigurationProvider getRetryableTopicAnnotationFromAnnotatedElement (Ljava/lang/reflect/AnnotatedElement;)Lorg/springframework/kafka/annotation/RetryableTopic; 17 <appendix> argL0 ; # org/springframework/kafka/annotation/RetryTopicConfigurationProvider$$Lambda+0x0000028b9b2d16b0
instanceKlass org/springframework/kafka/annotation/RetryableTopic
instanceKlass org/springframework/kafka/annotation/RetryTopicConfigurationProvider
instanceKlass org/springframework/kafka/listener/AcknowledgingConsumerAwareMessageListener
instanceKlass org/springframework/kafka/listener/MessageListener
instanceKlass org/springframework/kafka/listener/BatchAcknowledgingConsumerAwareMessageListener
instanceKlass org/springframework/kafka/listener/BatchMessageListener
instanceKlass org/springframework/kafka/listener/AcknowledgingShareConsumerAwareMessageListener
instanceKlass org/springframework/kafka/listener/GenericMessageListener
instanceKlass org/springframework/kafka/listener/adapter/MessagingMessageListenerAdapter
instanceKlass org/springframework/kafka/listener/adapter/AsyncRepliesAware
instanceKlass org/springframework/kafka/listener/ConsumerSeekAware
instanceKlass com/fasterxml/jackson/databind/jsonFormatVisitors/JsonFormatVisitorWrapper
instanceKlass com/fasterxml/jackson/databind/jsonFormatVisitors/JsonFormatVisitorWithSerializerProvider
instanceKlass com/fasterxml/jackson/databind/cfg/HandlerInstantiator
instanceKlass com/fasterxml/jackson/databind/EnumNamingStrategy
instanceKlass com/fasterxml/jackson/databind/cfg/ConstructorDetector
instanceKlass com/fasterxml/jackson/databind/PropertyNamingStrategy
instanceKlass com/fasterxml/jackson/annotation/JsonAutoDetect$Value
instanceKlass com/fasterxml/jackson/databind/jsonschema/JsonSchema
instanceKlass com/fasterxml/jackson/databind/Module
instanceKlass com/fasterxml/jackson/databind/jsontype/NamedType
instanceKlass com/fasterxml/jackson/databind/MappingIterator
instanceKlass com/fasterxml/jackson/databind/deser/DeserializationProblemHandler
instanceKlass com/fasterxml/jackson/core/io/CharacterEscapes
instanceKlass com/fasterxml/jackson/databind/ser/FilterProvider
instanceKlass com/fasterxml/jackson/databind/ObjectWriter
instanceKlass com/fasterxml/jackson/core/type/TypeReference
instanceKlass com/fasterxml/jackson/core/FormatSchema
instanceKlass com/fasterxml/jackson/databind/InjectableValues
instanceKlass com/fasterxml/jackson/core/Version
instanceKlass com/fasterxml/jackson/databind/ser/BeanSerializerModifier
instanceKlass com/fasterxml/jackson/databind/ser/Serializers
instanceKlass com/fasterxml/jackson/databind/cfg/SerializerFactoryConfig
instanceKlass com/fasterxml/jackson/databind/ser/std/StdJdkSerializers
instanceKlass com/fasterxml/jackson/databind/ser/std/NumberSerializers
instanceKlass com/fasterxml/jackson/databind/deser/DeserializerCache
instanceKlass com/fasterxml/jackson/databind/KeyDeserializer
instanceKlass com/fasterxml/jackson/databind/deser/std/StdKeyDeserializers
instanceKlass com/fasterxml/jackson/databind/deser/KeyDeserializers
instanceKlass com/fasterxml/jackson/databind/deser/ValueInstantiators
instanceKlass com/fasterxml/jackson/databind/AbstractTypeResolver
instanceKlass com/fasterxml/jackson/databind/deser/BeanDeserializerModifier
instanceKlass com/fasterxml/jackson/databind/cfg/DeserializerFactoryConfig
instanceKlass com/fasterxml/jackson/databind/deser/Deserializers
instanceKlass com/fasterxml/jackson/annotation/ObjectIdGenerator
instanceKlass com/fasterxml/jackson/databind/deser/ValueInstantiator$Gettable
instanceKlass com/fasterxml/jackson/databind/deser/ResolvableDeserializer
instanceKlass com/fasterxml/jackson/databind/deser/ContextualDeserializer
instanceKlass com/fasterxml/jackson/databind/JsonDeserializer
instanceKlass com/fasterxml/jackson/databind/deser/NullValueProvider
instanceKlass com/fasterxml/jackson/databind/ser/SerializerCache
instanceKlass com/fasterxml/jackson/databind/ser/ResolvableSerializer
instanceKlass com/fasterxml/jackson/databind/ser/ContextualSerializer
instanceKlass com/fasterxml/jackson/databind/jsonschema/SchemaAware
instanceKlass com/fasterxml/jackson/databind/JsonSerializer
instanceKlass com/fasterxml/jackson/databind/jsonFormatVisitors/JsonFormatVisitable
instanceKlass com/fasterxml/jackson/databind/node/JsonNodeFactory
instanceKlass com/fasterxml/jackson/databind/node/JsonNodeCreator
instanceKlass com/fasterxml/jackson/databind/cfg/ContextAttributes
instanceKlass com/fasterxml/jackson/databind/cfg/DatatypeFeature
instanceKlass com/fasterxml/jackson/databind/cfg/DatatypeFeatures$DefaultHolder
instanceKlass com/fasterxml/jackson/databind/cfg/DatatypeFeatures
instanceKlass com/fasterxml/jackson/core/util/DefaultPrettyPrinter$NopIndenter
instanceKlass com/fasterxml/jackson/core/util/Separators
instanceKlass com/fasterxml/jackson/core/util/DefaultPrettyPrinter$Indenter
instanceKlass com/fasterxml/jackson/core/util/DefaultPrettyPrinter
instanceKlass com/fasterxml/jackson/core/util/Instantiatable
instanceKlass com/fasterxml/jackson/databind/cfg/ConfigFeature
instanceKlass com/fasterxml/jackson/databind/cfg/ConfigOverride
instanceKlass com/fasterxml/jackson/annotation/JsonFormat$Features
instanceKlass com/fasterxml/jackson/annotation/JsonFormat$Value
instanceKlass com/fasterxml/jackson/core/PrettyPrinter
instanceKlass com/fasterxml/jackson/databind/cfg/CoercionConfig
instanceKlass com/fasterxml/jackson/databind/cfg/CoercionConfigs
instanceKlass com/fasterxml/jackson/databind/introspect/VisibilityChecker$Std
instanceKlass com/fasterxml/jackson/annotation/JsonSetter$Value
instanceKlass com/fasterxml/jackson/annotation/JsonInclude$Value
instanceKlass com/fasterxml/jackson/annotation/JacksonAnnotationValue
instanceKlass com/fasterxml/jackson/databind/cfg/ConfigOverrides
instanceKlass com/fasterxml/jackson/databind/introspect/AnnotatedClass$Creators
instanceKlass com/fasterxml/jackson/databind/introspect/AnnotationCollector$NoAnnotations
instanceKlass com/fasterxml/jackson/databind/util/Annotations
instanceKlass com/fasterxml/jackson/databind/introspect/AnnotationCollector
instanceKlass com/fasterxml/jackson/databind/introspect/AnnotatedClassResolver
instanceKlass com/fasterxml/jackson/databind/cfg/MapperConfig
instanceKlass com/fasterxml/jackson/databind/BeanDescription
instanceKlass com/fasterxml/jackson/databind/introspect/SimpleMixInResolver
instanceKlass com/fasterxml/jackson/databind/introspect/ClassIntrospector$MixInResolver
instanceKlass com/fasterxml/jackson/databind/util/RootNameLookup
instanceKlass com/fasterxml/jackson/core/sym/CharsToNameCanonicalizer$Bucket
instanceKlass com/fasterxml/jackson/core/sym/CharsToNameCanonicalizer$TableInfo
instanceKlass com/fasterxml/jackson/core/sym/CharsToNameCanonicalizer
instanceKlass com/fasterxml/jackson/core/ErrorReportConfiguration
instanceKlass com/fasterxml/jackson/core/StreamWriteConstraints
instanceKlass com/fasterxml/jackson/core/StreamReadConstraints
instanceKlass com/fasterxml/jackson/core/util/RecyclerPool$WithPool
instanceKlass com/fasterxml/jackson/core/util/RecyclerPool$ThreadLocalPoolBase
instanceKlass com/fasterxml/jackson/core/util/RecyclerPool
instanceKlass com/fasterxml/jackson/core/util/JsonRecyclerPools
instanceKlass com/fasterxml/jackson/core/sym/ByteQuadsCanonicalizer$TableInfo
instanceKlass com/fasterxml/jackson/core/sym/ByteQuadsCanonicalizer
instanceKlass com/fasterxml/jackson/core/io/CharTypes
instanceKlass com/fasterxml/jackson/core/io/JsonStringEncoder
instanceKlass com/fasterxml/jackson/core/io/SerializedString
instanceKlass com/fasterxml/jackson/core/util/JacksonFeature
instanceKlass com/fasterxml/jackson/core/async/ByteBufferFeeder
instanceKlass com/fasterxml/jackson/core/async/ByteArrayFeeder
instanceKlass com/fasterxml/jackson/core/async/NonBlockingInputFeeder
instanceKlass com/fasterxml/jackson/core/TSFBuilder
instanceKlass com/fasterxml/jackson/core/SerializableString
instanceKlass com/fasterxml/jackson/databind/cfg/DefaultCacheProvider
instanceKlass com/fasterxml/jackson/databind/cfg/CacheProvider
instanceKlass com/fasterxml/jackson/databind/introspect/AccessorNamingStrategy
instanceKlass com/fasterxml/jackson/core/Base64Variant
instanceKlass com/fasterxml/jackson/core/Base64Variants
instanceKlass java/text/DigitList
instanceKlass java/text/FieldPosition
instanceKlass  @bci sun/util/locale/provider/JRELocaleProviderAdapter getNumberFormatProvider ()Ljava/text/spi/NumberFormatProvider; 8 <appendix> member <vmtarget> ; # sun/util/locale/provider/JRELocaleProviderAdapter$$Lambda+0x80000006c
instanceKlass  @bci sun/util/locale/provider/JRELocaleProviderAdapter getDateFormatSymbolsProvider ()Ljava/text/spi/DateFormatSymbolsProvider; 8 <appendix> member <vmtarget> ; # sun/util/locale/provider/JRELocaleProviderAdapter$$Lambda+0x80000006a
instanceKlass java/text/DateFormatSymbols
instanceKlass sun/util/calendar/CalendarUtils
instanceKlass sun/util/calendar/CalendarDate
instanceKlass  @bci sun/util/locale/provider/LocaleProviderAdapter toLocaleArray (Ljava/util/Set;)[Ljava/util/Locale; 21 <appendix> argL0 ; # sun/util/locale/provider/LocaleProviderAdapter$$Lambda+0x80000006e
instanceKlass  @bci sun/util/locale/provider/LocaleProviderAdapter toLocaleArray (Ljava/util/Set;)[Ljava/util/Locale; 6 <appendix> argL0 ; # sun/util/locale/provider/LocaleProviderAdapter$$Lambda+0x80000006d
instanceKlass  @bci sun/util/cldr/CLDRLocaleProviderAdapter getCalendarDataProvider ()Ljava/util/spi/CalendarDataProvider; 8 <appendix> member <vmtarget> ; # sun/util/cldr/CLDRLocaleProviderAdapter$$Lambda+0x800000067
instanceKlass sun/util/locale/provider/CalendarDataUtility$CalendarWeekParameterGetter
instanceKlass sun/util/locale/provider/LocaleServiceProviderPool$LocalizedObjectGetter
instanceKlass sun/util/locale/provider/LocaleServiceProviderPool
instanceKlass java/util/Calendar$Builder
instanceKlass  @bci sun/util/locale/provider/JRELocaleProviderAdapter getCalendarProvider ()Lsun/util/spi/CalendarProvider; 8 <appendix> member <vmtarget> ; # sun/util/locale/provider/JRELocaleProviderAdapter$$Lambda+0x800000068
instanceKlass java/text/AttributedCharacterIterator$Attribute
instanceKlass com/fasterxml/jackson/databind/type/TypeBindings
instanceKlass com/fasterxml/jackson/databind/type/TypeParser
instanceKlass com/fasterxml/jackson/databind/type/TypeFactory
instanceKlass com/fasterxml/jackson/databind/cfg/BaseSettings
instanceKlass java/util/concurrent/atomic/AtomicReferenceArray
instanceKlass java/util/concurrent/atomic/AtomicLongArray
instanceKlass com/fasterxml/jackson/databind/util/internal/Linked
instanceKlass com/fasterxml/jackson/databind/util/internal/PrivateMaxEntriesMap$Builder
instanceKlass com/fasterxml/jackson/databind/util/LRUMap
instanceKlass com/fasterxml/jackson/databind/util/LookupCache
instanceKlass java/beans/ConstructorProperties
instanceKlass java/beans/Transient
instanceKlass java/lang/reflect/AnnotatedType
instanceKlass com/fasterxml/jackson/databind/util/ClassUtil$Ctor
instanceKlass com/fasterxml/jackson/databind/util/ClassUtil
instanceKlass com/fasterxml/jackson/databind/ext/Java7Support
instanceKlass com/fasterxml/jackson/annotation/JsonMerge
instanceKlass com/fasterxml/jackson/annotation/JsonDeserializeAs
instanceKlass com/fasterxml/jackson/databind/annotation/JsonDeserialize
instanceKlass com/fasterxml/jackson/annotation/JsonManagedReference
instanceKlass com/fasterxml/jackson/annotation/JsonBackReference
instanceKlass com/fasterxml/jackson/annotation/JsonUnwrapped
instanceKlass com/fasterxml/jackson/annotation/JsonRawValue
instanceKlass com/fasterxml/jackson/annotation/JsonTypeInfo
instanceKlass com/fasterxml/jackson/annotation/JsonFormat
instanceKlass com/fasterxml/jackson/annotation/JsonView
instanceKlass com/fasterxml/jackson/annotation/JsonSerializeAs
instanceKlass com/fasterxml/jackson/databind/annotation/JsonSerialize
instanceKlass com/fasterxml/jackson/databind/introspect/ConcreteBeanPropertyBase
instanceKlass com/fasterxml/jackson/databind/BeanProperty
instanceKlass com/fasterxml/jackson/databind/introspect/BeanPropertyDefinition
instanceKlass com/fasterxml/jackson/databind/util/Named
instanceKlass com/fasterxml/jackson/databind/introspect/TypeResolutionContext
instanceKlass com/fasterxml/jackson/databind/introspect/Annotated
instanceKlass com/fasterxml/jackson/databind/introspect/VisibilityChecker
instanceKlass com/fasterxml/jackson/core/type/ResolvedType
instanceKlass com/fasterxml/jackson/databind/jsontype/TypeResolverBuilder
instanceKlass com/fasterxml/jackson/databind/introspect/ClassIntrospector
instanceKlass com/fasterxml/jackson/databind/Module$SetupContext
instanceKlass com/fasterxml/jackson/core/util/BufferRecycler$Gettable
instanceKlass com/fasterxml/jackson/core/JsonParser
instanceKlass com/fasterxml/jackson/core/JsonGenerator
instanceKlass com/fasterxml/jackson/databind/JsonSerializable$Base
instanceKlass com/fasterxml/jackson/databind/JsonSerializable
instanceKlass com/fasterxml/jackson/core/TreeNode
instanceKlass com/fasterxml/jackson/databind/jsontype/PolymorphicTypeValidator
instanceKlass com/fasterxml/jackson/databind/introspect/AccessorNamingStrategy$Provider
instanceKlass com/fasterxml/jackson/databind/AnnotationIntrospector
instanceKlass com/fasterxml/jackson/databind/ser/SerializerFactory
instanceKlass com/fasterxml/jackson/databind/deser/DeserializerFactory
instanceKlass com/fasterxml/jackson/databind/DatabindContext
instanceKlass com/fasterxml/jackson/databind/jsontype/SubtypeResolver
instanceKlass com/fasterxml/jackson/core/TokenStreamFactory
instanceKlass org/springframework/mail/javamail/MimeMessagePreparator
instanceKlass jakarta/mail/Service
instanceKlass org/springframework/mail/SimpleMailMessage
instanceKlass org/springframework/boot/ssl/DefaultSslBundleRegistry$RegisteredSslBundle
instanceKlass  @bci org/springframework/boot/autoconfigure/ssl/SslPropertiesBundleRegistrar registerBundles (Lorg/springframework/boot/ssl/SslBundleRegistry;)V 38 <appendix> member <vmtarget> ; # org/springframework/boot/autoconfigure/ssl/SslPropertiesBundleRegistrar$$Lambda+0x0000028b9b271ed8
instanceKlass  @bci org/springframework/boot/autoconfigure/ssl/SslPropertiesBundleRegistrar registerBundles (Lorg/springframework/boot/ssl/SslBundleRegistry;)V 32 <appendix> argL0 ; # org/springframework/boot/autoconfigure/ssl/SslPropertiesBundleRegistrar$$Lambda+0x0000028b9b271ca8
instanceKlass  @bci org/springframework/boot/autoconfigure/ssl/SslPropertiesBundleRegistrar registerBundles (Lorg/springframework/boot/ssl/SslBundleRegistry;Ljava/util/Map;Ljava/util/function/BiFunction;Ljava/util/function/Function;)V 6 <appendix> member <vmtarget> ; # org/springframework/boot/autoconfigure/ssl/SslPropertiesBundleRegistrar$$Lambda+0x0000028b9b271a70
instanceKlass  @cpi org/springframework/boot/autoconfigure/ssl/SslPropertiesBundleRegistrar 330 form vmentry <vmtarget> ; # java/lang/invoke/LambdaForm$DMH+0x0000028b9b274000
instanceKlass  @bci org/springframework/boot/autoconfigure/ssl/SslPropertiesBundleRegistrar registerBundles (Lorg/springframework/boot/ssl/SslBundleRegistry;)V 15 <appendix> member <vmtarget> ; # org/springframework/boot/autoconfigure/ssl/SslPropertiesBundleRegistrar$$Lambda+0x0000028b9b271828
instanceKlass  @bci org/springframework/boot/autoconfigure/ssl/SslPropertiesBundleRegistrar registerBundles (Lorg/springframework/boot/ssl/SslBundleRegistry;)V 9 <appendix> argL0 ; # org/springframework/boot/autoconfigure/ssl/SslPropertiesBundleRegistrar$$Lambda+0x0000028b9b2715f8
instanceKlass org/springframework/boot/ssl/SslStoreBundle
instanceKlass org/springframework/boot/ssl/SslManagerBundle
instanceKlass org/springframework/boot/autoconfigure/ssl/PropertiesSslBundle
instanceKlass  @bci org/springframework/boot/autoconfigure/ssl/SslAutoConfiguration sslBundleRegistry (Lorg/springframework/beans/factory/ObjectProvider;)Lorg/springframework/boot/ssl/DefaultSslBundleRegistry; 15 <appendix> member <vmtarget> ; # org/springframework/boot/autoconfigure/ssl/SslAutoConfiguration$$Lambda+0x0000028b9b2708c8
instanceKlass org/springframework/boot/autoconfigure/ssl/SslBundleProperties
instanceKlass org/springframework/boot/io/ApplicationResourceLoader$ProtocolResolvingResourceLoader
instanceKlass org/springframework/boot/web/context/servlet/ServletContextResourceFilePathResolver
instanceKlass org/springframework/boot/web/context/reactive/FilteredReactiveWebContextResourceFilePathResolver
instanceKlass org/springframework/boot/io/ClassPathResourceFilePathResolver
instanceKlass org/springframework/boot/io/ApplicationResourceLoader$FilePathResolver
instanceKlass org/springframework/util/MethodInvoker
instanceKlass org/springframework/boot/autoconfigure/ssl/SslProperties$Bundles$Watch$File
instanceKlass org/springframework/boot/autoconfigure/ssl/SslProperties$Bundles$Watch
instanceKlass org/eclipse/angus/activation/LogSupport
instanceKlass jakarta/activation/MimeTypeEntry
instanceKlass jakarta/activation/SecuritySupport$2
instanceKlass jakarta/activation/SecuritySupport$3
instanceKlass jakarta/activation/SecuritySupport$1
instanceKlass jakarta/activation/SecuritySupport
instanceKlass org/eclipse/angus/activation/MimeTypeFile
instanceKlass jakarta/activation/MimeTypeRegistry
instanceKlass org/eclipse/angus/activation/MimeTypeRegistryProviderImpl
instanceKlass jakarta/activation/ServiceLoaderUtil
instanceKlass jakarta/activation/FactoryFinder$2
instanceKlass jakarta/activation/FactoryFinder$3
instanceKlass jakarta/activation/ServiceLoaderUtil$ExceptionHandler
instanceKlass jakarta/activation/FactoryFinder
instanceKlass jakarta/activation/spi/MimeTypeRegistryProvider
instanceKlass jakarta/activation/LogSupport
instanceKlass jakarta/activation/MimetypesFileTypeMap$1
instanceKlass org/springframework/mail/MailMessage
instanceKlass jakarta/activation/FileTypeMap
# instanceKlass java/lang/invoke/LambdaForm$MH+0x0000028b9b26c800
# instanceKlass java/lang/invoke/LambdaForm$MH+0x0000028b9b26c400
# instanceKlass java/lang/invoke/LambdaForm$DMH+0x0000028b9b26c000
instanceKlass  @bci org/springframework/boot/context/properties/bind/MapBinder$EntryBinder bindEntries (Lorg/springframework/boot/context/properties/source/ConfigurationPropertySource;Ljava/util/Map;)V 96 <appendix> member <vmtarget> ; # org/springframework/boot/context/properties/bind/MapBinder$EntryBinder$$Lambda+0x0000028b9b2688f0
instanceKlass org/xml/sax/InputSource
instanceKlass  @bci org/springframework/boot/context/properties/bind/PropertySourcesPlaceholdersResolver resolvePlaceholders (Ljava/lang/Object;)Ljava/lang/Object; 18 <appendix> member <vmtarget> ; # org/springframework/boot/context/properties/bind/PropertySourcesPlaceholdersResolver$$Lambda+0x0000028b9b2664a0
instanceKlass  @bci org/springframework/beans/factory/support/AutowireUtils <clinit> ()V 0 <appendix> argL0 ; # org/springframework/beans/factory/support/AutowireUtils$$Lambda+0x0000028b9b265f90
instanceKlass org/springframework/beans/factory/support/AutowireUtils
instanceKlass  @bci jdk/internal/reflect/MethodHandleObjectFieldAccessorImpl set (Ljava/lang/Object;Ljava/lang/Object;)V 41 <adapter> ; # java/lang/invoke/LambdaForm$MH+0x0000028b9b261000
# instanceKlass java/lang/invoke/LambdaForm$MH+0x0000028b9b260c00
# instanceKlass java/lang/invoke/LambdaForm$MH+0x0000028b9b260800
instanceKlass org/springframework/context/weaving/LoadTimeWeaverAware
instanceKlass org/springframework/beans/factory/BeanFactoryInitializer
instanceKlass  @bci org/springframework/core/BridgeMethodResolver resolveBridgeMethod (Ljava/lang/reflect/Method;Ljava/lang/Class;)Ljava/lang/reflect/Method; 97 <appendix> member <vmtarget> ; # org/springframework/core/BridgeMethodResolver$$Lambda+0x0000028b9b265460
instanceKlass  @bci org/springframework/core/BridgeMethodResolver resolveBridgeMethod (Ljava/lang/reflect/Method;Ljava/lang/Class;)Ljava/lang/reflect/Method; 91 <appendix> member <vmtarget> ; # org/springframework/core/BridgeMethodResolver$$Lambda+0x0000028b9b265238
instanceKlass org/springframework/scheduling/concurrent/ExecutorLifecycleDelegate
instanceKlass java/util/concurrent/CompletableFuture
instanceKlass java/util/concurrent/CompletionStage
instanceKlass  @bci org/springframework/boot/task/ThreadPoolTaskExecutorBuilder configure (Lorg/springframework/scheduling/concurrent/ThreadPoolTaskExecutor;)Lorg/springframework/scheduling/concurrent/ThreadPoolTaskExecutor; 235 <appendix> member <vmtarget> ; # org/springframework/boot/task/ThreadPoolTaskExecutorBuilder$$Lambda+0x0000028b9b264d50
instanceKlass  @bci org/springframework/boot/task/ThreadPoolTaskExecutorBuilder configure (Lorg/springframework/scheduling/concurrent/ThreadPoolTaskExecutor;)Lorg/springframework/scheduling/concurrent/ThreadPoolTaskExecutor; 213 <appendix> member <vmtarget> ; # org/springframework/boot/task/ThreadPoolTaskExecutorBuilder$$Lambda+0x0000028b9b264b18
instanceKlass  @bci org/springframework/boot/context/properties/PropertyMapper$Source whenHasText ()Lorg/springframework/boot/context/properties/PropertyMapper$Source; 1 <appendix> argL0 ; # org/springframework/boot/context/properties/PropertyMapper$Source$$Lambda+0x0000028b9b2648c8
instanceKlass  @bci org/springframework/boot/task/ThreadPoolTaskExecutorBuilder configure (Lorg/springframework/scheduling/concurrent/ThreadPoolTaskExecutor;)Lorg/springframework/scheduling/concurrent/ThreadPoolTaskExecutor; 188 <appendix> member <vmtarget> ; # org/springframework/boot/task/ThreadPoolTaskExecutorBuilder$$Lambda+0x0000028b9b264690
instanceKlass  @cpi org/springframework/kafka/config/AbstractKafkaListenerContainerFactory 541 form vmentry <vmtarget> ; # java/lang/invoke/LambdaForm$DMH+0x0000028b9b260400
instanceKlass  @bci org/springframework/boot/task/ThreadPoolTaskExecutorBuilder configure (Lorg/springframework/scheduling/concurrent/ThreadPoolTaskExecutor;)Lorg/springframework/scheduling/concurrent/ThreadPoolTaskExecutor; 174 <appendix> argL0 ; # org/springframework/boot/task/ThreadPoolTaskExecutorBuilder$$Lambda+0x0000028b9b264470
instanceKlass  @bci org/springframework/boot/task/ThreadPoolTaskExecutorBuilder configure (Lorg/springframework/scheduling/concurrent/ThreadPoolTaskExecutor;)Lorg/springframework/scheduling/concurrent/ThreadPoolTaskExecutor; 158 <appendix> member <vmtarget> ; # org/springframework/boot/task/ThreadPoolTaskExecutorBuilder$$Lambda+0x0000028b9b264238
instanceKlass  @bci org/springframework/boot/task/ThreadPoolTaskExecutorBuilder configure (Lorg/springframework/scheduling/concurrent/ThreadPoolTaskExecutor;)Lorg/springframework/scheduling/concurrent/ThreadPoolTaskExecutor; 136 <appendix> member <vmtarget> ; # org/springframework/boot/task/ThreadPoolTaskExecutorBuilder$$Lambda+0x0000028b9b264000
instanceKlass  @bci org/springframework/boot/task/ThreadPoolTaskExecutorBuilder configure (Lorg/springframework/scheduling/concurrent/ThreadPoolTaskExecutor;)Lorg/springframework/scheduling/concurrent/ThreadPoolTaskExecutor; 114 <appendix> member <vmtarget> ; # org/springframework/boot/task/ThreadPoolTaskExecutorBuilder$$Lambda+0x0000028b9b25dcf8
instanceKlass  @bci org/springframework/boot/task/ThreadPoolTaskExecutorBuilder configure (Lorg/springframework/scheduling/concurrent/ThreadPoolTaskExecutor;)Lorg/springframework/scheduling/concurrent/ThreadPoolTaskExecutor; 92 <appendix> member <vmtarget> ; # org/springframework/boot/task/ThreadPoolTaskExecutorBuilder$$Lambda+0x0000028b9b25dac0
instanceKlass  @bci org/springframework/boot/context/properties/PropertyMapper$Source asInt (Lorg/springframework/boot/context/properties/PropertyMapper$Source$Adapter;)Lorg/springframework/boot/context/properties/PropertyMapper$Source; 5 <appendix> argL0 ; # org/springframework/boot/context/properties/PropertyMapper$Source$$Lambda+0x0000028b9b25d8a0
instanceKlass  @bci org/springframework/boot/context/properties/PropertyMapper$Source as (Lorg/springframework/boot/context/properties/PropertyMapper$Source$Adapter;)Lorg/springframework/boot/context/properties/PropertyMapper$Source; 15 <appendix> member <vmtarget> ; # org/springframework/boot/context/properties/PropertyMapper$Source$$Lambda+0x0000028b9b25d648
instanceKlass  @bci org/springframework/boot/context/properties/PropertyMapper$Source as (Lorg/springframework/boot/context/properties/PropertyMapper$Source$Adapter;)Lorg/springframework/boot/context/properties/PropertyMapper$Source; 8 <appendix> member <vmtarget> ; # org/springframework/boot/context/properties/PropertyMapper$Source$$Lambda+0x0000028b9b25d420
instanceKlass  @bci org/springframework/boot/task/ThreadPoolTaskExecutorBuilder configure (Lorg/springframework/scheduling/concurrent/ThreadPoolTaskExecutor;)Lorg/springframework/scheduling/concurrent/ThreadPoolTaskExecutor; 78 <appendix> argL0 ; # org/springframework/boot/task/ThreadPoolTaskExecutorBuilder$$Lambda+0x0000028b9b25d200
instanceKlass  @cpi org/springframework/boot/kafka/autoconfigure/KafkaProperties$Producer 211 form vmentry <vmtarget> ; # java/lang/invoke/LambdaForm$DMH+0x0000028b9b260000
instanceKlass org/springframework/boot/context/properties/PropertyMapper$Source$Adapter
instanceKlass  @bci org/springframework/boot/task/ThreadPoolTaskExecutorBuilder configure (Lorg/springframework/scheduling/concurrent/ThreadPoolTaskExecutor;)Lorg/springframework/scheduling/concurrent/ThreadPoolTaskExecutor; 62 <appendix> member <vmtarget> ; # org/springframework/boot/task/ThreadPoolTaskExecutorBuilder$$Lambda+0x0000028b9b25fc40
instanceKlass  @bci org/springframework/boot/task/ThreadPoolTaskExecutorBuilder configure (Lorg/springframework/scheduling/concurrent/ThreadPoolTaskExecutor;)Lorg/springframework/scheduling/concurrent/ThreadPoolTaskExecutor; 40 <appendix> member <vmtarget> ; # org/springframework/boot/task/ThreadPoolTaskExecutorBuilder$$Lambda+0x0000028b9b25fa08
instanceKlass  @bci org/springframework/boot/task/ThreadPoolTaskExecutorBuilder configure (Lorg/springframework/scheduling/concurrent/ThreadPoolTaskExecutor;)Lorg/springframework/scheduling/concurrent/ThreadPoolTaskExecutor; 18 <appendix> member <vmtarget> ; # org/springframework/boot/task/ThreadPoolTaskExecutorBuilder$$Lambda+0x0000028b9b25f7d0
instanceKlass  @bci org/springframework/boot/context/properties/PropertyMapper getSource (Ljava/util/function/Supplier;)Lorg/springframework/boot/context/properties/PropertyMapper$Source; 24 <appendix> argL0 ; # org/springframework/boot/context/properties/PropertyMapper$$Lambda+0x0000028b9b25f580
instanceKlass org/springframework/util/function/SingletonSupplier
instanceKlass org/springframework/boot/context/properties/PropertyMapper$Source
instanceKlass  @bci org/springframework/boot/context/properties/PropertyMapper from (Ljava/lang/Object;)Lorg/springframework/boot/context/properties/PropertyMapper$Source; 2 <appendix> member <vmtarget> ; # org/springframework/boot/context/properties/PropertyMapper$$Lambda+0x0000028b9b25ef10
instanceKlass org/springframework/boot/context/properties/PropertyMapper
instanceKlass  @bci org/springframework/boot/task/ThreadPoolTaskExecutorBuilder append (Ljava/util/Set;Ljava/lang/Iterable;)Ljava/util/Set; 26 <appendix> member <vmtarget> ; # org/springframework/boot/task/ThreadPoolTaskExecutorBuilder$$Lambda+0x0000028b9b25e248
instanceKlass  @bci org/springframework/boot/autoconfigure/task/TaskExecutorConfigurations$ThreadPoolTaskExecutorBuilderConfiguration threadPoolTaskExecutorBuilder (Lorg/springframework/boot/autoconfigure/task/TaskExecutionProperties;Lorg/springframework/beans/factory/ObjectProvider;Lorg/springframework/beans/factory/ObjectProvider;)Lorg/springframework/boot/task/ThreadPoolTaskExecutorBuilder; 144 <appendix> member <vmtarget> ; # org/springframework/boot/autoconfigure/task/TaskExecutorConfigurations$ThreadPoolTaskExecutorBuilderConfiguration$$Lambda+0x0000028b9b25e000
instanceKlass  @bci org/springframework/core/OrderComparator withSourceProvider (Lorg/springframework/core/OrderComparator$OrderSourceProvider;)Ljava/util/Comparator; 2 <appendix> member <vmtarget> ; # org/springframework/core/OrderComparator$$Lambda+0x0000028b9b25bbd0
instanceKlass org/springframework/beans/factory/support/DefaultListableBeanFactory$FactoryAwareOrderSourceProvider
instanceKlass  @bci org/springframework/beans/factory/support/DefaultListableBeanFactory createFactoryAwareOrderSourceProvider (Ljava/util/Map;)Lorg/springframework/core/OrderComparator$OrderSourceProvider; 10 <appendix> member <vmtarget> ; # org/springframework/beans/factory/support/DefaultListableBeanFactory$$Lambda+0x0000028b9b25b768
instanceKlass  @bci org/springframework/beans/factory/support/DefaultListableBeanFactory resolveMultipleBeans (Lorg/springframework/beans/factory/config/DependencyDescriptor;Ljava/lang/String;Ljava/util/Set;Lorg/springframework/beans/TypeConverter;)Ljava/lang/Object; 73 <appendix> argL0 ; # org/springframework/beans/factory/support/DefaultListableBeanFactory$$Lambda+0x0000028b9b25b518
instanceKlass  @bci org/springframework/beans/factory/support/DefaultListableBeanFactory resolveMultipleBeans (Lorg/springframework/beans/factory/config/DependencyDescriptor;Ljava/lang/String;Ljava/util/Set;Lorg/springframework/beans/TypeConverter;)Ljava/lang/Object; 63 <appendix> member <vmtarget> ; # org/springframework/beans/factory/support/DefaultListableBeanFactory$$Lambda+0x0000028b9b25b2d0
# instanceKlass java/lang/invoke/LambdaForm$MH+0x0000028b9b25cc00
# instanceKlass java/lang/invoke/LambdaForm$MH+0x0000028b9b25c800
# instanceKlass java/lang/invoke/LambdaForm$MH+0x0000028b9b25c400
# instanceKlass java/lang/invoke/LambdaForm$DMH+0x0000028b9b25c000
instanceKlass org/springframework/beans/factory/support/DefaultListableBeanFactory$DependencyObjectProvider
instanceKlass  @bci org/springframework/boot/context/properties/ConfigurationPropertiesBinder getPropertyEditorInitializer ()Ljava/util/function/Consumer; 28 <appendix> member <vmtarget> ; # org/springframework/boot/context/properties/ConfigurationPropertiesBinder$$Lambda+0x0000028b9b25a4b0
instanceKlass  @bci org/springframework/boot/convert/ApplicationConversionService addBeans (Lorg/springframework/format/FormatterRegistry;Lorg/springframework/beans/factory/ListableBeanFactory;Ljava/lang/String;)Ljava/util/Map; 16 <appendix> member <vmtarget> ; # org/springframework/boot/convert/ApplicationConversionService$$Lambda+0x0000028b9b25a278
instanceKlass org/springframework/beans/factory/annotation/BeanFactoryAnnotationUtils
instanceKlass org/springframework/boot/context/properties/ConfigurationPropertiesCharSequenceToObjectConverter
instanceKlass org/springframework/boot/context/properties/ConversionServiceDeducer
instanceKlass  @bci org/springframework/beans/factory/ObjectProvider <clinit> ()V 0 <appendix> argL0 ; # org/springframework/beans/factory/ObjectProvider$$Lambda+0x0000028b9b2599b0
instanceKlass org/springframework/beans/factory/support/DefaultListableBeanFactory$1
instanceKlass org/springframework/beans/factory/support/DefaultListableBeanFactory$BeanObjectProvider
instanceKlass org/springframework/boot/context/properties/ConfigurationPropertiesBindHandlerAdvisor
instanceKlass  @bci org/springframework/core/annotation/SynthesizedMergedAnnotationInvocationHandler lambda$getAttributeValue$0 (Ljava/lang/reflect/Method;Ljava/lang/String;)Ljava/lang/Object; 21 <appendix> member <vmtarget> ; # org/springframework/core/annotation/SynthesizedMergedAnnotationInvocationHandler$$Lambda+0x0000028b9b259018
instanceKlass  @bci org/springframework/core/annotation/SynthesizedMergedAnnotationInvocationHandler getAttributeValue (Ljava/lang/reflect/Method;)Ljava/lang/Object; 10 <appendix> member <vmtarget> ; # org/springframework/core/annotation/SynthesizedMergedAnnotationInvocationHandler$$Lambda+0x0000028b9b258dd0
instanceKlass  @bci org/springframework/boot/context/properties/ConfigurationPropertiesBinder getHandler ()Lorg/springframework/boot/context/properties/bind/handler/IgnoreTopLevelConverterNotFoundBindHandler; 26 <appendix> member <vmtarget> ; # org/springframework/boot/context/properties/ConfigurationPropertiesBinder$$Lambda+0x0000028b9b258928
instanceKlass  @bci org/springframework/boot/context/properties/bind/Bindable withBindMethod (Lorg/springframework/boot/context/properties/bind/BindMethod;)Lorg/springframework/boot/context/properties/bind/Bindable; 19 <appendix> argL0 ; # org/springframework/boot/context/properties/bind/Bindable$$Lambda+0x0000028b9b258228
instanceKlass org/springframework/validation/annotation/Validated
instanceKlass org/springframework/core/annotation/SynthesizedMergedAnnotationInvocationHandler
instanceKlass org/springframework/boot/autoconfigure/task/TaskExecutionProperties$Pool$Shutdown
instanceKlass org/springframework/core/task/TaskDecorator
instanceKlass org/springframework/boot/task/ThreadPoolTaskExecutorCustomizer
instanceKlass org/springframework/aop/IntroductionAdvisor
instanceKlass org/springframework/aop/IntroductionInfo
instanceKlass  @bci org/springframework/kafka/annotation/KafkaListenerAnnotationBeanPostProcessor postProcessAfterInitialization (Ljava/lang/Object;Ljava/lang/String;)Ljava/lang/Object; 107 <appendix> member <vmtarget> ; # org/springframework/kafka/annotation/KafkaListenerAnnotationBeanPostProcessor$$Lambda+0x0000028b9b251000
instanceKlass  @bci org/springframework/core/MethodIntrospector selectMethods (Ljava/lang/Class;Lorg/springframework/core/MethodIntrospector$MetadataLookup;)Ljava/util/Map; 102 <appendix> member <vmtarget> ; # org/springframework/core/MethodIntrospector$$Lambda+0x0000028b9b253ce0
instanceKlass org/springframework/core/MethodIntrospector
instanceKlass  @bci org/springframework/kafka/annotation/KafkaListenerAnnotationBeanPostProcessor postProcessAfterInitialization (Ljava/lang/Object;Ljava/lang/String;)Ljava/lang/Object; 34 <appendix> member <vmtarget> ; # org/springframework/kafka/annotation/KafkaListenerAnnotationBeanPostProcessor$$Lambda+0x0000028b9b2538b0
instanceKlass org/springframework/core/MethodIntrospector$MetadataLookup
instanceKlass  @bci org/springframework/core/annotation/AnnotationUtils findAnnotation (Ljava/lang/reflect/AnnotatedElement;Ljava/lang/Class;)Ljava/lang/annotation/Annotation; 54 <appendix> argL0 ; # org/springframework/core/annotation/AnnotationUtils$$Lambda+0x0000028b9b253460
instanceKlass  @bci org/springframework/core/annotation/AnnotatedElementUtils findMergedAnnotation (Ljava/lang/reflect/AnnotatedElement;Ljava/lang/Class;)Ljava/lang/annotation/Annotation; 41 <appendix> argL0 ; # org/springframework/core/annotation/AnnotatedElementUtils$$Lambda+0x0000028b9b253210
instanceKlass org/springframework/aop/framework/autoproxy/ProxyCreationContext
instanceKlass java/text/Format
instanceKlass org/springframework/context/support/MessageSourceSupport
instanceKlass org/springframework/context/HierarchicalMessageSource
instanceKlass org/springframework/core/convert/support/NumberToNumberConverterFactory$NumberToNumber
instanceKlass org/springframework/aop/framework/adapter/ThrowsAdviceAdapter
instanceKlass org/springframework/aop/framework/adapter/AfterReturningAdviceAdapter
instanceKlass org/springframework/aop/framework/adapter/MethodBeforeAdviceAdapter
instanceKlass org/springframework/aop/framework/adapter/AdvisorAdapter
instanceKlass org/springframework/aop/framework/adapter/DefaultAdvisorAdapterRegistry
instanceKlass org/springframework/aop/framework/adapter/GlobalAdvisorAdapterRegistry
instanceKlass org/springframework/aop/framework/adapter/AdvisorAdapterRegistry
instanceKlass org/springframework/aop/framework/autoproxy/TargetSourceCreator
instanceKlass org/springframework/aop/framework/autoproxy/BeanFactoryAdvisorRetrievalHelper
instanceKlass org/springframework/aop/TrueMethodMatcher
instanceKlass org/springframework/aop/support/annotation/AnnotationClassFilter
instanceKlass org/springframework/aop/MethodMatcher
instanceKlass org/springframework/aop/ClassFilter
instanceKlass org/springframework/aop/support/annotation/AnnotationMatchingPointcut
instanceKlass org/springframework/dao/support/PersistenceExceptionTranslator
instanceKlass org/springframework/dao/support/PersistenceExceptionTranslationInterceptor
instanceKlass org/aopalliance/intercept/MethodInterceptor
instanceKlass org/aopalliance/intercept/Interceptor
instanceKlass org/springframework/aop/Advisor$1
instanceKlass org/springframework/aop/Pointcut
instanceKlass org/aopalliance/aop/Advice
instanceKlass org/springframework/aop/support/AbstractPointcutAdvisor
instanceKlass org/springframework/aop/PointcutAdvisor
# instanceKlass java/lang/invoke/LambdaForm$MH+0x0000028b9b250800
# instanceKlass java/lang/invoke/LambdaForm$MH+0x0000028b9b250400
# instanceKlass java/lang/invoke/LambdaForm$MH+0x0000028b9b250000
# instanceKlass java/lang/invoke/LambdaForm$BMH+0x0000028b9b24dc00
# instanceKlass java/lang/invoke/LambdaForm$DMH+0x0000028b9b24d800
# instanceKlass java/lang/invoke/LambdaForm$MH+0x0000028b9b24d400
# instanceKlass java/lang/invoke/LambdaForm$DMH+0x0000028b9b24d000
instanceKlass java/lang/invoke/ClassSpecializer$Factory$1Var
instanceKlass sun/invoke/util/ValueConversions$1
instanceKlass  @cpi org/springframework/boot/kafka/autoconfigure/KafkaAutoConfiguration 566 form vmentry <vmtarget> ; # java/lang/invoke/LambdaForm$DMH+0x0000028b9b24cc00
instanceKlass org/springframework/beans/Mergeable
instanceKlass org/springframework/stereotype/Repository
instanceKlass org/springframework/aop/Advisor
# instanceKlass java/lang/invoke/LambdaForm$MH+0x0000028b9b24c800
# instanceKlass java/lang/invoke/LambdaForm$MH+0x0000028b9b24c400
instanceKlass  @bci org/springframework/core/SimpleAliasRegistry retrieveAliases (Ljava/lang/String;Ljava/util/List;)V 7 <appendix> member <vmtarget> ; # org/springframework/core/SimpleAliasRegistry$$Lambda+0x0000028b9b24a748
instanceKlass  @bci org/springframework/beans/factory/support/DefaultListableBeanFactory isAutowireCandidate (Ljava/lang/String;Lorg/springframework/beans/factory/support/RootBeanDefinition;Lorg/springframework/beans/factory/config/DependencyDescriptor;Lorg/springframework/beans/factory/support/AutowireCandidateResolver;)Z 64 <appendix> member <vmtarget> ; # org/springframework/beans/factory/support/DefaultListableBeanFactory$$Lambda+0x0000028b9b24a500
instanceKlass org/springframework/beans/factory/support/ConstructorResolver$ArgumentsHolder
instanceKlass  @bci org/springframework/beans/factory/annotation/AutowiredAnnotationBeanPostProcessor buildAutowiringMetadata (Ljava/lang/Class;)Lorg/springframework/beans/factory/annotation/InjectionMetadata; 63 <appendix> member <vmtarget> ; # org/springframework/beans/factory/annotation/AutowiredAnnotationBeanPostProcessor$$Lambda+0x0000028b9b249de0
instanceKlass  @bci org/springframework/beans/factory/annotation/AutowiredAnnotationBeanPostProcessor buildAutowiringMetadata (Ljava/lang/Class;)Lorg/springframework/beans/factory/annotation/InjectionMetadata; 41 <appendix> member <vmtarget> ; # org/springframework/beans/factory/annotation/AutowiredAnnotationBeanPostProcessor$$Lambda+0x0000028b9b249bb8
instanceKlass  @bci org/springframework/context/annotation/CommonAnnotationBeanPostProcessor buildResourceMetadata (Ljava/lang/Class;)Lorg/springframework/beans/factory/annotation/InjectionMetadata; 53 <appendix> member <vmtarget> ; # org/springframework/context/annotation/CommonAnnotationBeanPostProcessor$$Lambda+0x0000028b9b249990
instanceKlass org/springframework/kafka/annotation/KafkaListenerAnnotationBeanPostProcessor$AnnotationEnhancer
instanceKlass  @bci org/springframework/context/annotation/CommonAnnotationBeanPostProcessor buildResourceMetadata (Ljava/lang/Class;)Lorg/springframework/beans/factory/annotation/InjectionMetadata; 40 <appendix> member <vmtarget> ; # org/springframework/context/annotation/CommonAnnotationBeanPostProcessor$$Lambda+0x0000028b9b249568
instanceKlass org/springframework/util/ReflectionUtils$FieldCallback
instanceKlass org/springframework/beans/factory/annotation/InjectionMetadata
instanceKlass  @bci org/springframework/beans/factory/annotation/InitDestroyAnnotationBeanPostProcessor buildLifecycleMetadata (Ljava/lang/Class;)Lorg/springframework/beans/factory/annotation/InitDestroyAnnotationBeanPostProcessor$LifecycleMetadata; 72 <appendix> member <vmtarget> ; # org/springframework/beans/factory/annotation/InitDestroyAnnotationBeanPostProcessor$$Lambda+0x0000028b9b248cc0
instanceKlass  @cpi org/apache/kafka/clients/consumer/internals/SubscriptionState 499 form vmentry <vmtarget> ; # java/lang/invoke/LambdaForm$DMH+0x0000028b9b24c000
instanceKlass org/springframework/messaging/converter/MessageConverter
instanceKlass org/springframework/messaging/handler/annotation/support/DefaultMessageHandlerMethodFactory
instanceKlass org/springframework/kafka/annotation/KafkaListenerAnnotationBeanPostProcessor$KafkaHandlerMethodFactoryAdapter
instanceKlass org/springframework/kafka/annotation/KafkaListenerAnnotationBeanPostProcessor$ListenerScope
instanceKlass org/springframework/core/log/LogAccessor
instanceKlass org/springframework/kafka/retrytopic/DestinationTopicResolver
instanceKlass org/springframework/kafka/retrytopic/DestinationTopicContainer
instanceKlass org/springframework/kafka/retrytopic/RetryTopicSchedulerWrapper
instanceKlass org/springframework/kafka/listener/KafkaConsumerBackoffManager
instanceKlass org/springframework/kafka/config/KafkaListenerEndpointRegistrar
instanceKlass org/springframework/kafka/retrytopic/RetryTopicConfigurer
instanceKlass org/springframework/kafka/support/TopicPartitionOffset
instanceKlass org/springframework/kafka/config/AbstractKafkaListenerEndpoint
instanceKlass org/springframework/messaging/handler/annotation/support/MessageHandlerMethodFactory
instanceKlass org/springframework/beans/factory/config/Scope
instanceKlass  @bci org/springframework/beans/factory/annotation/AutowiredAnnotationBeanPostProcessor checkLookupMethods (Ljava/lang/Class;Ljava/lang/String;)V 28 <appendix> member <vmtarget> ; # org/springframework/beans/factory/annotation/AutowiredAnnotationBeanPostProcessor$$Lambda+0x0000028b9b245588
instanceKlass org/springframework/beans/factory/annotation/Lookup
instanceKlass  @bci java/util/concurrent/CopyOnWriteArrayList removeAll (Ljava/util/Collection;)Z 7 <appendix> member <vmtarget> ; # java/util/concurrent/CopyOnWriteArrayList$$Lambda+0x0000028b9b0faca0
instanceKlass org/springframework/validation/Errors
instanceKlass org/springframework/boot/context/properties/ConfigurationPropertiesJsr303Validator
instanceKlass org/springframework/boot/context/properties/PropertySourcesDeducer
instanceKlass org/springframework/jndi/JndiTemplate
instanceKlass org/springframework/jndi/JndiAccessor
instanceKlass jakarta/annotation/PreDestroy
instanceKlass jakarta/annotation/Resource
instanceKlass javax/naming/InitialContext
instanceKlass javax/naming/Context
instanceKlass org/springframework/beans/factory/annotation/InitDestroyAnnotationBeanPostProcessor$LifecycleMetadata
instanceKlass org/springframework/beans/factory/support/MethodOverride
instanceKlass org/springframework/context/support/PostProcessorRegistrationDelegate$BeanPostProcessorChecker
instanceKlass  @bci org/springframework/beans/factory/support/AbstractBeanFactory clearMetadataCache ()V 5 <appendix> member <vmtarget> ; # org/springframework/beans/factory/support/AbstractBeanFactory$$Lambda+0x0000028b9b242e80
instanceKlass org/springframework/aop/config/AopConfigUtils
instanceKlass  @bci org/springframework/boot/autoconfigure/task/TaskExecutorConfigurations$BootstrapExecutorConfiguration bootstrapExecutorAliasPostProcessor ()Lorg/springframework/beans/factory/config/BeanFactoryPostProcessor; 0 <appendix> argL0 ; # org/springframework/boot/autoconfigure/task/TaskExecutorConfigurations$BootstrapExecutorConfiguration$$Lambda+0x0000028b9b241378
instanceKlass org/springframework/boot/autoconfigure/task/TaskExecutorConfigurations
instanceKlass  @bci org/springframework/boot/autoconfigure/aop/AopAutoConfiguration$ClassProxyingConfiguration forceAutoProxyCreatorToUseClassProxying ()Lorg/springframework/beans/factory/config/BeanFactoryPostProcessor; 0 <appendix> argL0 ; # org/springframework/boot/autoconfigure/aop/AopAutoConfiguration$ClassProxyingConfiguration$$Lambda+0x0000028b9b240f50
instanceKlass org/springframework/context/expression/CachedExpressionEvaluator
instanceKlass  @bci org/springframework/core/SimpleAliasRegistry resolveAliases (Lorg/springframework/util/StringValueResolver;)V 28 <appendix> member <vmtarget> ; # org/springframework/core/SimpleAliasRegistry$$Lambda+0x0000028b9b2404e0
instanceKlass org/springframework/beans/factory/config/RuntimeBeanNameReference
instanceKlass org/springframework/beans/factory/config/BeanDefinitionVisitor
instanceKlass  @bci org/springframework/context/support/PropertySourcesPlaceholderConfigurer processProperties (Lorg/springframework/beans/factory/config/ConfigurableListableBeanFactory;Lorg/springframework/core/env/ConfigurablePropertyResolver;)V 42 <appendix> member <vmtarget> ; # org/springframework/context/support/PropertySourcesPlaceholderConfigurer$$Lambda+0x0000028b9b23dcc0
instanceKlass org/springframework/util/DefaultPropertiesPersister
instanceKlass  @bci org/springframework/beans/factory/support/SimpleInstantiationStrategy instantiate (Lorg/springframework/beans/factory/support/RootBeanDefinition;Ljava/lang/String;Lorg/springframework/beans/factory/BeanFactory;Ljava/lang/Object;Ljava/lang/reflect/Method;[Ljava/lang/Object;)Ljava/lang/Object; 10 <appendix> form vmentry <vmtarget> ; # java/lang/invoke/LambdaForm$DMH+0x0000028b9b23d400
instanceKlass  @bci org/springframework/beans/factory/support/SimpleInstantiationStrategy instantiate (Lorg/springframework/beans/factory/support/RootBeanDefinition;Ljava/lang/String;Lorg/springframework/beans/factory/BeanFactory;Ljava/lang/Object;Ljava/lang/reflect/Method;[Ljava/lang/Object;)Ljava/lang/Object; 10 <appendix> member <vmtarget> ; # org/springframework/beans/factory/support/SimpleInstantiationStrategy$$Lambda+0x0000028b9b23f9c0
instanceKlass org/springframework/beans/factory/support/ConstructorResolver
instanceKlass org/springframework/context/annotation/ConfigurationClassPostProcessor$ImportAwareBeanPostProcessor
instanceKlass  @bci org/springframework/context/annotation/ConfigurationClassPostProcessor enhanceConfigurationClasses (Lorg/springframework/beans/factory/config/ConfigurableListableBeanFactory;)V 502 <appendix> member <vmtarget> ; # org/springframework/context/annotation/ConfigurationClassPostProcessor$$Lambda+0x0000028b9b23f000
# instanceKlass java/lang/invoke/LambdaForm$MH+0x0000028b9b23d000
# instanceKlass java/lang/invoke/LambdaForm$MH+0x0000028b9b23cc00
# instanceKlass java/lang/invoke/LambdaForm$MH+0x0000028b9b23c800
instanceKlass  @bci jdk/internal/reflect/MethodHandleObjectFieldAccessorImpl set (Ljava/lang/Object;Ljava/lang/Object;)V 29 <adapter> ; # java/lang/invoke/LambdaForm$MH+0x0000028b9b23c400
instanceKlass jdk/internal/reflect/FieldAccessor
instanceKlass org/springframework/cglib/proxy/Enhancer$EnhancerFactoryData
instanceKlass org/springframework/cglib/reflect/FastClassEmitter$2
instanceKlass org/springframework/cglib/core/Block
instanceKlass org/springframework/cglib/core/EmitUtils$7
instanceKlass  @bci org/springframework/cglib/core/EmitUtils member_helper_size (Lorg/springframework/cglib/core/CodeEmitter;Ljava/util/List;Lorg/springframework/cglib/core/ObjectSwitchCallback;Lorg/springframework/cglib/core/EmitUtils$ParameterTyper;Lorg/springframework/asm/Label;Lorg/springframework/asm/Label;)V 2 <appendix> member <vmtarget> ; # org/springframework/cglib/core/EmitUtils$$Lambda+0x0000028b9b23e000
instanceKlass org/springframework/cglib/core/EmitUtils$6
instanceKlass  @bci org/springframework/cglib/core/EmitUtils member_switch_helper (Lorg/springframework/cglib/core/CodeEmitter;Ljava/util/List;Lorg/springframework/cglib/core/ObjectSwitchCallback;Z)V 39 <appendix> argL0 ; # org/springframework/cglib/core/EmitUtils$$Lambda+0x0000028b9b23ba50
instanceKlass  @bci org/springframework/cglib/core/EmitUtils member_switch_helper (Lorg/springframework/cglib/core/CodeEmitter;Ljava/util/List;Lorg/springframework/cglib/core/ObjectSwitchCallback;Z)V 11 <appendix> member <vmtarget> ; # org/springframework/cglib/core/EmitUtils$$Lambda+0x0000028b9b23b828
instanceKlass org/springframework/cglib/core/EmitUtils$ParameterTyper
instanceKlass org/springframework/cglib/reflect/FastClassEmitter$GetIndexCallback
instanceKlass org/springframework/cglib/reflect/FastClassEmitter$1
instanceKlass  @bci org/springframework/cglib/reflect/FastClassEmitter emitIndexBySignature (Ljava/util/List;)V 11 <appendix> argL0 ; # org/springframework/cglib/reflect/FastClassEmitter$$Lambda+0x0000028b9b23af88
instanceKlass org/springframework/cglib/reflect/FastClass
instanceKlass org/springframework/cglib/proxy/MethodProxy$FastClassInfo
instanceKlass org/springframework/cglib/proxy/MethodProxy$CreateInfo
instanceKlass org/springframework/cglib/proxy/MethodProxy
instanceKlass org/springframework/cglib/core/ClassNameReader
instanceKlass org/springframework/asm/Handler
instanceKlass org/springframework/cglib/core/Local
instanceKlass java/util/LinkedList$ListItr
instanceKlass org/springframework/cglib/core/EmitUtils$3
instanceKlass  @bci java/util/DualPivotQuicksort sort (Ljava/util/DualPivotQuicksort$Sorter;[IIII)V 65 <appendix> argL0 ; # java/util/DualPivotQuicksort$$Lambda+0x0000028b9b0f9600
instanceKlass  @cpi java/util/DualPivotQuicksort 405 form vmentry <vmtarget> ; # java/lang/invoke/LambdaForm$DMH+0x0000028b9b23c000
instanceKlass java/util/DualPivotQuicksort$SortOperation
instanceKlass java/util/DualPivotQuicksort
instanceKlass java/util/LinkedList$Node
instanceKlass  @bci org/springframework/cglib/core/EmitUtils string_switch_hash (Lorg/springframework/cglib/core/CodeEmitter;[Ljava/lang/String;Lorg/springframework/cglib/core/ObjectSwitchCallback;Z)V 4 <appendix> argL0 ; # org/springframework/cglib/core/EmitUtils$$Lambda+0x0000028b9b238cf8
instanceKlass org/springframework/cglib/proxy/MethodInterceptorGenerator$1
instanceKlass org/springframework/asm/Edge
instanceKlass org/springframework/cglib/core/EmitUtils$ArrayDelimiters
instanceKlass org/springframework/cglib/core/ProcessArrayCallback
instanceKlass org/springframework/cglib/core/EmitUtils
instanceKlass org/springframework/cglib/proxy/Enhancer$4
instanceKlass org/springframework/cglib/core/LocalVariablesSorter$State
instanceKlass org/springframework/asm/Label
instanceKlass org/springframework/asm/Frame
instanceKlass org/springframework/cglib/proxy/BridgeMethodResolver
instanceKlass org/springframework/cglib/core/ClassEmitter$FieldInfo
instanceKlass org/springframework/cglib/core/MethodInfoTransformer
instanceKlass  @bci org/springframework/cglib/core/MethodWrapper$MethodWrapperKey equals (Ljava/lang/Object;)Z 2 <adapter> ; # java/lang/invoke/LambdaForm$MH+0x0000028b9b236c00
# instanceKlass java/lang/invoke/LambdaForm$MH+0x0000028b9b236800
instanceKlass  @bci org/springframework/cglib/core/MethodWrapper$MethodWrapperKey equals (Ljava/lang/Object;)Z 2 <appendix> form vmentry <vmtarget> ; # java/lang/invoke/LambdaForm$MH+0x0000028b9b236400
instanceKlass jdk/internal/org/objectweb/asm/Edge
instanceKlass  @bci org/springframework/cglib/core/MethodWrapper$MethodWrapperKey equals (Ljava/lang/Object;)Z 2 <appendix> argL1 form vmentry <vmtarget> ; # java/lang/invoke/LambdaForm$MH+0x0000028b9b236000
instanceKlass java/lang/invoke/MethodHandleImpl$Makers$2
instanceKlass java/lang/invoke/MethodHandleImpl$Makers$1
instanceKlass java/lang/invoke/MethodHandleImpl$Makers
instanceKlass  @bci org/springframework/cglib/core/MethodWrapper$MethodWrapperKey equals (Ljava/lang/Object;)Z 2 <appendix> form names 9 function resolvedHandle form vmentry <vmtarget> ; # java/lang/invoke/LambdaForm$MH+0x0000028b9b235c00
instanceKlass  @bci org/springframework/cglib/core/MethodWrapper$MethodWrapperKey equals (Ljava/lang/Object;)Z 2 <appendix> form names 9 function resolvedHandle form names 5 function resolvedHandle form vmentry <vmtarget> ; # java/lang/invoke/LambdaForm$DMH+0x0000028b9b235800
# instanceKlass java/lang/invoke/LambdaForm$DMH+0x0000028b9b235400
# instanceKlass java/lang/invoke/LambdaForm$MH+0x0000028b9b235000
# instanceKlass java/lang/invoke/LambdaForm$MH+0x0000028b9b234c00
# instanceKlass java/lang/invoke/LambdaForm$MH+0x0000028b9b234800
# instanceKlass java/lang/invoke/LambdaForm$MH+0x0000028b9b234400
# instanceKlass java/lang/invoke/LambdaForm$MH+0x0000028b9b234000
instanceKlass  @bci org/springframework/cglib/proxy/Enhancer generateClass (Lorg/springframework/asm/ClassVisitor;)V 110 <appendix> member <vmtarget> ; # org/springframework/cglib/proxy/Enhancer$$Lambda+0x0000028b9b233530
instanceKlass org/springframework/cglib/core/DuplicatesPredicate
instanceKlass org/springframework/cglib/core/RejectModifierPredicate
instanceKlass org/springframework/cglib/core/MethodWrapper
instanceKlass org/springframework/cglib/proxy/Factory
instanceKlass  @bci org/springframework/cglib/core/CollectionUtils filter (Ljava/util/Collection;Lorg/springframework/cglib/core/Predicate;)Ljava/util/Collection; 2 <appendix> member <vmtarget> ; # org/springframework/cglib/core/CollectionUtils$$Lambda+0x0000028b9b2325d0
instanceKlass org/springframework/cglib/core/VisibilityPredicate
instanceKlass org/springframework/cglib/transform/TransformingClassGenerator
instanceKlass org/springframework/asm/ByteVector
instanceKlass org/springframework/asm/Symbol
instanceKlass org/springframework/asm/SymbolTable
instanceKlass org/springframework/asm/RecordComponentVisitor
instanceKlass org/springframework/asm/ModuleVisitor
instanceKlass org/springframework/asm/FieldVisitor
instanceKlass  @bci org/springframework/kafka/listener/ConcurrentMessageListenerContainer configureChildContainer (ILorg/springframework/kafka/listener/KafkaMessageListenerContainer;)V 16 <appendix> form vmentry <vmtarget> ; # java/lang/invoke/LambdaForm$MH+0x0000028b9b22f000
# instanceKlass java/lang/invoke/LambdaForm$MH+0x0000028b9b22ec00
instanceKlass  @bci org/springframework/kafka/listener/ConcurrentMessageListenerContainer configureChildContainer (ILorg/springframework/kafka/listener/KafkaMessageListenerContainer;)V 16 <appendix> argL3 form vmentry <vmtarget> ; # java/lang/invoke/LambdaForm$MH+0x0000028b9b22e800
# instanceKlass java/lang/invoke/LambdaForm$MH+0x0000028b9b22e400
# instanceKlass java/lang/invoke/LambdaForm$MH+0x0000028b9b22e000
# instanceKlass java/lang/invoke/LambdaForm$MH+0x0000028b9b22dc00
# instanceKlass java/lang/invoke/LambdaForm$MH+0x0000028b9b22d800
instanceKlass  @bci org/apache/kafka/common/Node toString ()Ljava/lang/String; 20 <appendix> argL1 argL0 form vmentry <vmtarget> ; # java/lang/invoke/LambdaForm$MH+0x0000028b9b22d400
# instanceKlass java/lang/invoke/LambdaForm$MH+0x0000028b9b22d000
# instanceKlass java/lang/invoke/LambdaForm$MH+0x0000028b9b22cc00
# instanceKlass java/lang/invoke/LambdaForm$MH+0x0000028b9b22c800
instanceKlass  @bci org/springframework/cglib/core/internal/LoadingCache createEntry (Ljava/lang/Object;Ljava/lang/Object;Ljava/lang/Object;)Ljava/lang/Object; 22 <appendix> member <vmtarget> ; # org/springframework/cglib/core/internal/LoadingCache$$Lambda+0x0000028b9b22b158
instanceKlass java/util/concurrent/FutureTask$WaitNode
instanceKlass java/util/concurrent/FutureTask
instanceKlass java/util/concurrent/RunnableFuture
instanceKlass java/util/concurrent/Future
instanceKlass  @bci org/springframework/cglib/proxy/Enhancer$EnhancerKey hashCode ()I 1 <appendix> argL2 argL1 form vmentry <vmtarget> ; # java/lang/invoke/LambdaForm$MH+0x0000028b9b22c400
instanceKlass  @bci org/springframework/cglib/proxy/Enhancer$EnhancerKey hashCode ()I 1 <appendix> argL2 argL1 form names 5 function resolvedHandle form vmentry <vmtarget> ; # java/lang/invoke/LambdaForm$DMH+0x0000028b9b22c000
instanceKlass  @bci org/springframework/cglib/core/internal/LoadingCache <clinit> ()V 0 <appendix> argL0 ; # org/springframework/cglib/core/internal/LoadingCache$$Lambda+0x0000028b9b22af38
instanceKlass org/springframework/cglib/core/internal/LoadingCache
instanceKlass  @bci org/springframework/cglib/core/AbstractClassGenerator$ClassLoaderData <init> (Ljava/lang/ClassLoader;)V 60 <appendix> member <vmtarget> ; # org/springframework/cglib/core/AbstractClassGenerator$ClassLoaderData$$Lambda+0x0000028b9b22aaf0
instanceKlass  @bci org/springframework/cglib/core/AbstractClassGenerator$ClassLoaderData <init> (Ljava/lang/ClassLoader;)V 25 <appendix> member <vmtarget> ; # org/springframework/cglib/core/AbstractClassGenerator$ClassLoaderData$$Lambda+0x0000028b9b22a8c8
instanceKlass  @bci org/springframework/cglib/core/AbstractClassGenerator$ClassLoaderData <clinit> ()V 0 <appendix> argL0 ; # org/springframework/cglib/core/AbstractClassGenerator$ClassLoaderData$$Lambda+0x0000028b9b22a6a8
instanceKlass org/springframework/cglib/core/internal/Function
instanceKlass org/springframework/cglib/core/AbstractClassGenerator$ClassLoaderData
instanceKlass org/springframework/cglib/core/MethodInfo
instanceKlass org/springframework/cglib/core/ClassInfo
instanceKlass org/springframework/cglib/core/ReflectUtils
instanceKlass org/springframework/cglib/proxy/ProxyRefDispatcher
instanceKlass org/springframework/cglib/proxy/FixedValueGenerator
instanceKlass org/springframework/cglib/proxy/FixedValue
instanceKlass org/springframework/cglib/proxy/DispatcherGenerator
instanceKlass org/springframework/cglib/proxy/Dispatcher
instanceKlass org/springframework/cglib/proxy/LazyLoaderGenerator
instanceKlass org/springframework/cglib/proxy/LazyLoader
instanceKlass org/springframework/cglib/proxy/InvocationHandlerGenerator
instanceKlass org/springframework/cglib/proxy/InvocationHandler
instanceKlass  @bci org/springframework/cglib/proxy/MethodInterceptorGenerator <clinit> ()V 214 <appendix> argL0 ; # org/springframework/cglib/proxy/MethodInterceptorGenerator$$Lambda+0x0000028b9b227958
instanceKlass org/springframework/cglib/proxy/MethodInterceptorGenerator
instanceKlass org/springframework/cglib/proxy/NoOpGenerator
instanceKlass org/springframework/cglib/proxy/CallbackGenerator
instanceKlass org/springframework/cglib/proxy/CallbackInfo
instanceKlass  @bci org/springframework/cglib/core/ClassLoaderAwareGeneratorStrategy <init> (Ljava/lang/ClassLoader;)V 11 <appendix> member <vmtarget> ; # org/springframework/cglib/core/ClassLoaderAwareGeneratorStrategy$$Lambda+0x0000028b9b226ca8
instanceKlass org/springframework/cglib/core/SpringNamingPolicy
instanceKlass org/springframework/cglib/core/DefaultNamingPolicy
instanceKlass org/springframework/cglib/core/DefaultGeneratorStrategy
instanceKlass org/springframework/cglib/core/AsmApi
instanceKlass org/springframework/cglib/core/Constants
instanceKlass org/springframework/cglib/core/Signature
instanceKlass org/springframework/cglib/core/CollectionUtils
instanceKlass org/springframework/cglib/core/TypeUtils
instanceKlass org/springframework/cglib/core/AbstractClassGenerator$Source
instanceKlass  @bci org/springframework/cglib/proxy/Enhancer <clinit> ()V 0 <appendix> argL0 ; # org/springframework/cglib/proxy/Enhancer$$Lambda+0x0000028b9b2244a0
instanceKlass org/springframework/cglib/core/Transformer
instanceKlass org/springframework/cglib/proxy/CallbackGenerator$Context
instanceKlass org/springframework/cglib/core/ProcessSwitchCallback
instanceKlass org/springframework/cglib/core/ObjectSwitchCallback
instanceKlass org/springframework/cglib/core/Predicate
instanceKlass org/springframework/cglib/core/AbstractClassGenerator
instanceKlass org/springframework/cglib/core/ClassGenerator
instanceKlass org/springframework/context/annotation/ConfigurationClassEnhancer$EnhancedConfiguration
instanceKlass org/springframework/aop/framework/autoproxy/AutoProxyUtils
instanceKlass org/springframework/objenesis/instantiator/ObjectInstantiator
instanceKlass org/springframework/objenesis/strategy/BaseInstantiatorStrategy
instanceKlass org/springframework/objenesis/strategy/InstantiatorStrategy
instanceKlass org/springframework/objenesis/SpringObjenesis
instanceKlass org/springframework/objenesis/Objenesis
instanceKlass org/springframework/context/annotation/ConfigurationClassEnhancer$ConditionalCallbackFilter
instanceKlass org/springframework/cglib/proxy/NoOp$1
instanceKlass org/springframework/cglib/proxy/NoOp
instanceKlass org/springframework/context/annotation/ConfigurationClassEnhancer$BeanFactoryAwareMethodInterceptor
instanceKlass org/springframework/context/annotation/ConfigurationClassEnhancer$BeanMethodInterceptor
instanceKlass org/springframework/context/annotation/ConfigurationClassEnhancer$ConditionalCallback
instanceKlass org/springframework/cglib/proxy/MethodInterceptor
instanceKlass org/springframework/cglib/proxy/Callback
instanceKlass org/springframework/cglib/proxy/CallbackFilter
instanceKlass org/springframework/cglib/core/GeneratorStrategy
instanceKlass org/springframework/cglib/core/NamingPolicy
instanceKlass org/springframework/context/annotation/ConfigurationClassEnhancer
instanceKlass  @bci org/springframework/context/support/PostProcessorRegistrationDelegate invokeBeanFactoryPostProcessors (Ljava/util/Collection;Lorg/springframework/beans/factory/config/ConfigurableListableBeanFactory;)V 47 <appendix> member <vmtarget> ; # org/springframework/context/support/PostProcessorRegistrationDelegate$$Lambda+0x0000028b9b220000
instanceKlass org/springframework/kafka/config/KafkaListenerEndpoint
instanceKlass org/springframework/kafka/listener/MessageListenerContainer
instanceKlass  @bci org/springframework/context/annotation/ConfigurationClassPostProcessor processConfigBeanDefinitions (Lorg/springframework/beans/factory/support/BeanDefinitionRegistry;)V 494 <appendix> member <vmtarget> ; # org/springframework/context/annotation/ConfigurationClassPostProcessor$$Lambda+0x0000028b9b21f168
instanceKlass  @bci org/springframework/util/MultiValueMapAdapter addAll (Lorg/springframework/util/MultiValueMap;)V 2 <appendix> member <vmtarget> ; # org/springframework/util/MultiValueMapAdapter$$Lambda+0x0000028b9b21ef30
instanceKlass org/springframework/transaction/ReactiveTransactionManager
instanceKlass  @bci org/springframework/boot/autoconfigure/condition/OnBeanCondition$SingleCandidateSpec validate (Lorg/springframework/boot/autoconfigure/condition/OnBeanCondition$BeanTypeDeductionException;)V 19 <appendix> member <vmtarget> ; # org/springframework/boot/autoconfigure/condition/OnBeanCondition$SingleCandidateSpec$$Lambda+0x0000028b9b21eb08
instanceKlass org/springframework/boot/transaction/autoconfigure/ExecutionListenersTransactionManagerCustomizer
instanceKlass org/springframework/boot/transaction/autoconfigure/TransactionManagerCustomizers
instanceKlass org/springframework/boot/transaction/autoconfigure/TransactionManagerCustomizationAutoConfiguration
instanceKlass org/springframework/boot/transaction/autoconfigure/TransactionProperties
instanceKlass org/springframework/boot/transaction/autoconfigure/TransactionManagerCustomizer
instanceKlass org/springframework/boot/transaction/autoconfigure/TransactionAutoConfiguration
instanceKlass org/springframework/boot/mail/autoconfigure/MailSenderAutoConfiguration
instanceKlass org/springframework/boot/persistence/autoconfigure/PersistenceExceptionTranslationAutoConfiguration
instanceKlass org/springframework/boot/mail/autoconfigure/MailProperties$Ssl
instanceKlass org/springframework/boot/mail/autoconfigure/MailSenderJndiConfiguration
instanceKlass org/springframework/boot/mail/autoconfigure/MailProperties
instanceKlass org/springframework/boot/mail/autoconfigure/MailSenderPropertiesConfiguration
instanceKlass org/springframework/boot/kafka/autoconfigure/KafkaProperties$Retry
instanceKlass org/springframework/boot/kafka/autoconfigure/KafkaProperties$Security
instanceKlass org/springframework/boot/kafka/autoconfigure/KafkaProperties$Template
instanceKlass org/springframework/boot/kafka/autoconfigure/KafkaProperties$Jaas
instanceKlass org/springframework/boot/kafka/autoconfigure/KafkaProperties$Ssl
instanceKlass org/springframework/boot/kafka/autoconfigure/KafkaProperties$Listener
instanceKlass org/springframework/boot/kafka/autoconfigure/KafkaProperties$Streams
instanceKlass org/springframework/boot/kafka/autoconfigure/KafkaProperties$Admin
instanceKlass org/springframework/boot/kafka/autoconfigure/KafkaProperties$Producer
instanceKlass org/springframework/boot/kafka/autoconfigure/KafkaProperties$Consumer
instanceKlass org/springframework/boot/ssl/SslBundle
instanceKlass org/springframework/boot/kafka/autoconfigure/PropertiesKafkaConnectionDetails
instanceKlass org/springframework/kafka/security/jaas/KafkaJaasLoginModuleInitializer
instanceKlass org/springframework/kafka/support/LoggingProducerListener
instanceKlass org/springframework/transaction/support/AbstractPlatformTransactionManager
instanceKlass org/springframework/transaction/ConfigurableTransactionManager
instanceKlass org/springframework/kafka/transaction/KafkaAwareTransactionManager
instanceKlass org/springframework/boot/kafka/autoconfigure/DefaultKafkaConsumerFactoryCustomizer
instanceKlass org/springframework/kafka/retrytopic/RetryTopicConfiguration
instanceKlass org/springframework/boot/kafka/autoconfigure/DefaultKafkaProducerFactoryCustomizer
instanceKlass org/springframework/kafka/support/ProducerListener
instanceKlass org/springframework/kafka/core/ProducerFactory
instanceKlass org/springframework/util/backoff/BackOff
instanceKlass org/springframework/boot/kafka/autoconfigure/KafkaProperties$Retry$Topic$Backoff
instanceKlass org/springframework/kafka/core/KafkaResourceFactory
instanceKlass org/springframework/kafka/core/KafkaAdminOperations
instanceKlass org/springframework/boot/kafka/autoconfigure/KafkaAutoConfiguration
instanceKlass org/springframework/boot/kafka/autoconfigure/KafkaConnectionDetails
instanceKlass org/springframework/boot/autoconfigure/service/connection/ConnectionDetails
instanceKlass org/springframework/boot/kafka/autoconfigure/KafkaAutoConfiguration$KafkaRuntimeHints
instanceKlass org/springframework/aot/hint/RuntimeHintsRegistrar
instanceKlass org/springframework/boot/kafka/autoconfigure/KafkaStreamsAnnotationDrivenConfiguration
instanceKlass org/springframework/boot/kafka/autoconfigure/KafkaProperties
instanceKlass org/springframework/boot/kafka/autoconfigure/KafkaAnnotationDrivenConfiguration$EnableKafkaConfiguration
instanceKlass org/springframework/boot/autoconfigure/task/TaskSchedulingAutoConfiguration
instanceKlass org/springframework/kafka/config/AbstractKafkaListenerContainerFactory
instanceKlass org/springframework/kafka/config/KafkaListenerContainerFactory
instanceKlass org/springframework/boot/kafka/autoconfigure/ConcurrentKafkaListenerContainerFactoryConfigurer
instanceKlass org/springframework/kafka/core/ConsumerFactory
instanceKlass org/springframework/kafka/support/converter/BatchMessageConverter
instanceKlass org/springframework/kafka/support/converter/MessageConverter
instanceKlass org/springframework/boot/kafka/autoconfigure/KafkaAnnotationDrivenConfiguration
instanceKlass org/springframework/kafka/config/KafkaListenerEndpointRegistry
instanceKlass org/springframework/kafka/listener/ListenerContainerRegistry
instanceKlass org/springframework/kafka/annotation/KafkaListenerAnnotationBeanPostProcessor
instanceKlass org/springframework/boot/autoconfigure/task/TaskSchedulingProperties$Shutdown
instanceKlass org/springframework/boot/autoconfigure/task/TaskSchedulingProperties$Simple
instanceKlass org/springframework/boot/autoconfigure/task/TaskSchedulingProperties$Pool
instanceKlass org/springframework/boot/autoconfigure/task/TaskSchedulingConfigurations$TaskSchedulerConfiguration
instanceKlass org/springframework/boot/task/SimpleAsyncTaskSchedulerBuilder
instanceKlass org/springframework/boot/autoconfigure/task/TaskSchedulingConfigurations$SimpleAsyncTaskSchedulerBuilderConfiguration
instanceKlass org/springframework/boot/autoconfigure/task/TaskExecutionAutoConfiguration
instanceKlass org/springframework/boot/autoconfigure/task/TaskExecutorConfigurations$ApplicationTaskExecutorAsyncConfigurer
instanceKlass org/springframework/boot/task/ThreadPoolTaskSchedulerBuilder
instanceKlass org/springframework/boot/autoconfigure/task/TaskSchedulingProperties
instanceKlass org/springframework/boot/autoconfigure/task/TaskSchedulingConfigurations$ThreadPoolTaskSchedulerBuilderConfiguration
instanceKlass org/springframework/boot/autoconfigure/task/TaskExecutionProperties$Shutdown
instanceKlass org/springframework/boot/autoconfigure/task/TaskExecutionProperties$Simple
instanceKlass org/springframework/boot/autoconfigure/task/TaskExecutionProperties$Pool
instanceKlass org/springframework/boot/autoconfigure/task/TaskExecutorConfigurations$BootstrapExecutorConfiguration
instanceKlass org/springframework/boot/autoconfigure/task/TaskExecutorConfigurations$TaskExecutorConfiguration
instanceKlass org/springframework/boot/autoconfigure/task/TaskExecutorConfigurations$AsyncConfigurerConfiguration
instanceKlass org/springframework/boot/autoconfigure/task/TaskExecutorConfigurations$AsyncConfigurerWrapperConfiguration
instanceKlass  @bci org/springframework/context/annotation/ConfigurationClassParser removeKnownSuperclass (Ljava/lang/String;Z)V 54 <appendix> member <vmtarget> ; # org/springframework/context/annotation/ConfigurationClassParser$$Lambda+0x0000028b9b211f88
instanceKlass  @bci org/springframework/boot/autoconfigure/condition/OnBeanCondition appendMessageForMatches (Ljava/lang/StringBuilder;Ljava/util/Map;Ljava/lang/String;)V 12 <appendix> member <vmtarget> ; # org/springframework/boot/autoconfigure/condition/OnBeanCondition$$Lambda+0x0000028b9b211d50
instanceKlass org/springframework/aop/scope/ScopedProxyUtils
instanceKlass org/springframework/boot/task/SimpleAsyncTaskExecutorBuilder
instanceKlass org/springframework/boot/autoconfigure/task/TaskExecutorConfigurations$SimpleAsyncTaskExecutorBuilderConfiguration
instanceKlass  @bci org/springframework/util/ReflectionUtils getAllDeclaredMethods (Ljava/lang/Class;)[Ljava/lang/reflect/Method; 17 <appendix> member <vmtarget> ; # org/springframework/util/ReflectionUtils$$Lambda+0x0000028b9b211228
instanceKlass org/springframework/boot/task/ThreadPoolTaskExecutorBuilder
instanceKlass org/springframework/boot/autoconfigure/task/TaskExecutionProperties
instanceKlass org/springframework/boot/autoconfigure/task/TaskExecutorConfigurations$ThreadPoolTaskExecutorBuilderConfiguration
instanceKlass org/springframework/boot/autoconfigure/ssl/SslProperties$Bundles
instanceKlass org/springframework/boot/autoconfigure/ssl/SslPropertiesBundleRegistrar
instanceKlass org/springframework/boot/autoconfigure/ssl/SslBundleRegistrar
instanceKlass org/springframework/boot/ssl/DefaultSslBundleRegistry
instanceKlass org/springframework/boot/autoconfigure/ssl/FileWatcher
instanceKlass org/springframework/boot/autoconfigure/ssl/SslAutoConfiguration
instanceKlass org/springframework/boot/autoconfigure/info/ProjectInfoAutoConfiguration
instanceKlass org/springframework/context/support/DefaultLifecycleProcessor
instanceKlass org/springframework/boot/autoconfigure/context/LifecycleAutoConfiguration
instanceKlass org/springframework/boot/autoconfigure/context/ConfigurationPropertiesAutoConfiguration
instanceKlass org/springframework/boot/availability/ApplicationAvailabilityBean
instanceKlass org/springframework/boot/ssl/SslBundles
instanceKlass org/springframework/boot/ssl/SslBundleRegistry
instanceKlass org/springframework/boot/autoconfigure/ssl/SslProperties
instanceKlass org/springframework/boot/autoconfigure/info/ProjectInfoProperties$Git
instanceKlass org/springframework/boot/autoconfigure/info/ProjectInfoProperties$Build
instanceKlass  @bci org/springframework/util/PlaceholderParser replacePlaceholders (Ljava/lang/String;Lorg/springframework/util/PropertyPlaceholderHelper$PlaceholderResolver;)Ljava/lang/String; 42 <appendix> member <vmtarget> ; # org/springframework/util/PlaceholderParser$$Lambda+0x0000028b9b20fc78
instanceKlass org/springframework/util/PlaceholderParser$PartResolutionContext
instanceKlass org/springframework/util/PlaceholderParser$AbstractPart
instanceKlass org/springframework/util/PlaceholderParser$Part
instanceKlass org/springframework/boot/autoconfigure/info/ProjectInfoProperties
instanceKlass org/springframework/boot/context/properties/BindMethodAttribute
instanceKlass org/springframework/boot/context/properties/ConfigurationPropertiesBean
instanceKlass  @bci org/springframework/boot/context/properties/ConfigurationPropertiesBeanRegistrar registerBeanDefinition (Ljava/lang/String;Ljava/lang/Class;Lorg/springframework/core/annotation/MergedAnnotation;)V 7 <appendix> member <vmtarget> ; # org/springframework/boot/context/properties/ConfigurationPropertiesBeanRegistrar$$Lambda+0x0000028b9b20e270
instanceKlass org/springframework/boot/autoconfigure/context/LifecycleProperties
instanceKlass  @bci org/springframework/boot/context/properties/EnableConfigurationPropertiesRegistrar registerBeanDefinitions (Lorg/springframework/core/type/AnnotationMetadata;Lorg/springframework/beans/factory/support/BeanDefinitionRegistry;)V 28 <appendix> member <vmtarget> ; # org/springframework/boot/context/properties/EnableConfigurationPropertiesRegistrar$$Lambda+0x0000028b9b20bb38
instanceKlass  @bci org/springframework/boot/context/properties/EnableConfigurationPropertiesRegistrar getTypes (Lorg/springframework/core/type/AnnotationMetadata;)Ljava/util/Set; 23 <appendix> argL0 ; # org/springframework/boot/context/properties/EnableConfigurationPropertiesRegistrar$$Lambda+0x0000028b9b20b8e8
instanceKlass  @bci org/springframework/boot/context/properties/EnableConfigurationPropertiesRegistrar getTypes (Lorg/springframework/core/type/AnnotationMetadata;)Ljava/util/Set; 13 <appendix> argL0 ; # org/springframework/boot/context/properties/EnableConfigurationPropertiesRegistrar$$Lambda+0x0000028b9b20b6a8
instanceKlass org/springframework/boot/context/properties/ConfigurationPropertiesBeanRegistrar
instanceKlass org/springframework/boot/context/properties/ConfigurationProperties
instanceKlass org/springframework/boot/validation/beanvalidation/MethodValidationExcludeFilter
instanceKlass org/springframework/boot/context/properties/BoundConfigurationProperties
instanceKlass org/springframework/boot/context/properties/ConfigurationPropertiesBinder$ConfigurationPropertiesBinderFactory
instanceKlass org/springframework/validation/Validator
instanceKlass org/springframework/boot/context/properties/ConfigurationPropertiesBinder
instanceKlass org/springframework/boot/context/properties/ConfigurationPropertiesBindingPostProcessor
instanceKlass org/springframework/boot/autoconfigure/availability/ApplicationAvailabilityAutoConfiguration
instanceKlass org/springframework/boot/autoconfigure/aop/AopAutoConfiguration
instanceKlass org/springframework/boot/autoconfigure/aop/AopAutoConfiguration$ClassProxyingConfiguration
instanceKlass org/springframework/context/annotation/BeanAnnotationHelper
instanceKlass  @bci org/springframework/util/ReflectionUtils getUniqueDeclaredMethods (Ljava/lang/Class;Lorg/springframework/util/ReflectionUtils$MethodFilter;)[Ljava/lang/reflect/Method; 12 <appendix> member <vmtarget> ; # org/springframework/util/ReflectionUtils$$Lambda+0x0000028b9b209838
instanceKlass  @bci org/springframework/beans/factory/support/AbstractAutowireCapableBeanFactory getTypeForFactoryMethod (Ljava/lang/String;Lorg/springframework/beans/factory/support/RootBeanDefinition;[Ljava/lang/Class;)Ljava/lang/Class; 133 <appendix> argL0 ; # org/springframework/beans/factory/support/AbstractAutowireCapableBeanFactory$$Lambda+0x0000028b9b2095f8
instanceKlass org/springframework/boot/availability/ApplicationAvailability
instanceKlass  @bci org/springframework/boot/autoconfigure/condition/OnBeanCondition getMatchingBeans (Lorg/springframework/boot/autoconfigure/condition/OnBeanCondition$Spec;)Lorg/springframework/boot/autoconfigure/condition/OnBeanCondition$MatchResult; 116 <appendix> member <vmtarget> ; # org/springframework/boot/autoconfigure/condition/OnBeanCondition$$Lambda+0x0000028b9b2091a0
instanceKlass  @cpi org/springframework/boot/autoconfigure/condition/OnBeanCondition 855 form vmentry <vmtarget> ; # java/lang/invoke/LambdaForm$DMH+0x0000028b9b20c000
instanceKlass  @bci org/springframework/beans/factory/config/ConstructorArgumentValues addArgumentValues (Lorg/springframework/beans/factory/config/ConstructorArgumentValues;)V 40 <appendix> member <vmtarget> ; # org/springframework/beans/factory/config/ConstructorArgumentValues$$Lambda+0x0000028b9b208f68
instanceKlass  @bci org/springframework/beans/factory/config/ConstructorArgumentValues addArgumentValues (Lorg/springframework/beans/factory/config/ConstructorArgumentValues;)V 29 <appendix> member <vmtarget> ; # org/springframework/beans/factory/config/ConstructorArgumentValues$$Lambda+0x0000028b9b208d10
instanceKlass  @bci org/springframework/beans/factory/config/ConstructorArgumentValues addArgumentValues (Lorg/springframework/beans/factory/config/ConstructorArgumentValues;)V 9 <appendix> member <vmtarget> ; # org/springframework/beans/factory/config/ConstructorArgumentValues$$Lambda+0x0000028b9b208ad8
instanceKlass notification_service/service/NotificationWorker
instanceKlass org/springframework/boot/autoconfigure/condition/OnBeanCondition$MatchResult
instanceKlass  @bci org/springframework/boot/autoconfigure/condition/OnBeanCondition$Spec isParameterizedContainer (Ljava/lang/Class;)Z 25 <appendix> member <vmtarget> ; # org/springframework/boot/autoconfigure/condition/OnBeanCondition$Spec$$Lambda+0x0000028b9b208458
instanceKlass  @bci org/springframework/boot/autoconfigure/condition/OnBeanCondition$Spec isParameterizedContainer (Ljava/lang/Class;)Z 14 <appendix> member <vmtarget> ; # org/springframework/boot/autoconfigure/condition/OnBeanCondition$Spec$$Lambda+0x0000028b9b208210
instanceKlass org/springframework/core/io/support/PropertiesLoaderSupport
instanceKlass org/springframework/boot/autoconfigure/context/PropertyPlaceholderAutoConfiguration
instanceKlass  @bci org/springframework/core/annotation/MergedAnnotationCollectors toMultiValueMap ([Lorg/springframework/core/annotation/MergedAnnotation$Adapt;)Ljava/util/stream/Collector; 0 <appendix> argL0 ; # org/springframework/core/annotation/MergedAnnotationCollectors$$Lambda+0x0000028b9b203240
instanceKlass  @bci org/springframework/boot/autoconfigure/condition/OnBeanCondition$Spec <init> (Lorg/springframework/context/annotation/ConditionContext;Lorg/springframework/core/type/AnnotatedTypeMetadata;Lorg/springframework/core/annotation/MergedAnnotations;Ljava/lang/Class;)V 12 <appendix> argL0 ; # org/springframework/boot/autoconfigure/condition/OnBeanCondition$Spec$$Lambda+0x0000028b9b203000
instanceKlass org/springframework/beans/factory/config/ConstructorArgumentValues$ValueHolder
instanceKlass org/springframework/beans/factory/config/ConstructorArgumentValues
instanceKlass org/springframework/boot/autoconfigure/AutoConfigurationPackages$BasePackages
instanceKlass org/springframework/boot/autoconfigure/AutoConfigurationPackages
instanceKlass org/springframework/boot/autoconfigure/AutoConfigurationPackages$PackageImports
instanceKlass org/springframework/context/annotation/ConfigurationBeanNameGenerator
instanceKlass  @bci org/springframework/context/annotation/ConfigurationClassBeanDefinitionReader loadBeanDefinitionsFromBeanRegistrars (Lorg/springframework/util/MultiValueMap;)V 53 <appendix> member <vmtarget> ; # org/springframework/context/annotation/ConfigurationClassBeanDefinitionReader$$Lambda+0x0000028b9b206488
instanceKlass  @bci org/springframework/context/annotation/ConfigurationClassBeanDefinitionReader loadBeanDefinitionsFromImportBeanDefinitionRegistrars (Ljava/util/Map;)V 2 <appendix> member <vmtarget> ; # org/springframework/context/annotation/ConfigurationClassBeanDefinitionReader$$Lambda+0x0000028b9b206250
instanceKlass  @bci org/springframework/context/annotation/ConfigurationClassBeanDefinitionReader loadBeanDefinitionsFromImportedResources (Ljava/util/Map;)V 11 <appendix> member <vmtarget> ; # org/springframework/context/annotation/ConfigurationClassBeanDefinitionReader$$Lambda+0x0000028b9b206018
instanceKlass org/springframework/context/annotation/ConfigurationClassBeanDefinitionReader$TrackedConditionEvaluator
instanceKlass org/springframework/beans/factory/BeanRegistry
instanceKlass org/springframework/context/annotation/ConfigurationClassBeanDefinitionReader
instanceKlass org/springframework/transaction/annotation/AbstractTransactionManagementConfiguration
instanceKlass org/springframework/context/annotation/ImportAware
instanceKlass org/springframework/context/annotation/AutoProxyRegistrar
instanceKlass org/springframework/transaction/annotation/TransactionManagementConfigurationSelector$1
instanceKlass org/springframework/context/annotation/AdviceModeImportSelector
instanceKlass org/springframework/transaction/annotation/EnableTransactionManagement
instanceKlass jakarta/mail/Session
instanceKlass org/springframework/boot/autoconfigure/condition/ConditionalOnJndi
instanceKlass  @bci org/springframework/boot/autoconfigure/condition/AnyNestedCondition getFinalMatchOutcome (Lorg/springframework/boot/autoconfigure/condition/AbstractNestedCondition$MemberMatchOutcomes;)Lorg/springframework/boot/autoconfigure/condition/ConditionOutcome; 54 <appendix> form vmentry <vmtarget> ; # java/lang/invoke/LambdaForm$MH+0x0000028b9b202400
instanceKlass  @bci org/springframework/boot/autoconfigure/condition/AnyNestedCondition getFinalMatchOutcome (Lorg/springframework/boot/autoconfigure/condition/AbstractNestedCondition$MemberMatchOutcomes;)Lorg/springframework/boot/autoconfigure/condition/ConditionOutcome; 54 <appendix> argL3 form vmentry <vmtarget> ; # java/lang/invoke/LambdaForm$MH+0x0000028b9b202000
# instanceKlass java/lang/invoke/LambdaForm$MH+0x0000028b9b201c00
# instanceKlass java/lang/invoke/LambdaForm$MH+0x0000028b9b201800
# instanceKlass java/lang/invoke/LambdaForm$MH+0x0000028b9b201400
# instanceKlass java/lang/invoke/LambdaForm$MH+0x0000028b9b201000
instanceKlass  @bci org/springframework/boot/autoconfigure/condition/AnyNestedCondition getFinalMatchOutcome (Lorg/springframework/boot/autoconfigure/condition/AbstractNestedCondition$MemberMatchOutcomes;)Lorg/springframework/boot/autoconfigure/condition/ConditionOutcome; 54 <appendix> argL1 form vmentry <vmtarget> ; # java/lang/invoke/LambdaForm$MH+0x0000028b9b200c00
# instanceKlass java/lang/invoke/LambdaForm$MH+0x0000028b9b200800
# instanceKlass java/lang/invoke/LambdaForm$MH+0x0000028b9b200400
# instanceKlass java/lang/invoke/LambdaForm$MH+0x0000028b9b200000
instanceKlass java/lang/foreign/MemorySegment
instanceKlass org/springframework/boot/autoconfigure/condition/AbstractNestedCondition$MemberOutcomes
instanceKlass  @bci org/springframework/boot/autoconfigure/condition/AbstractNestedCondition$MemberConditions getMatchOutcomes ()Ljava/util/List; 14 <appendix> member <vmtarget> ; # org/springframework/boot/autoconfigure/condition/AbstractNestedCondition$MemberConditions$$Lambda+0x0000028b9b1ff568
instanceKlass org/springframework/boot/autoconfigure/condition/AbstractNestedCondition$MemberMatchOutcomes
instanceKlass org/springframework/boot/autoconfigure/condition/AbstractNestedCondition$MemberConditions
instanceKlass org/springframework/kafka/annotation/KafkaBootstrapConfiguration
instanceKlass org/springframework/context/annotation/ConfigurationClassParser$DefaultDeferredImportSelectorGroup
instanceKlass org/springframework/kafka/annotation/KafkaListenerConfigurationSelector
instanceKlass org/springframework/kafka/annotation/EnableKafka
instanceKlass org/springframework/scheduling/annotation/AsyncConfigurer
instanceKlass org/springframework/boot/autoconfigure/condition/ConditionalOnThreading
instanceKlass org/springframework/boot/autoconfigure/condition/ConditionalOnResource
instanceKlass  @bci org/springframework/boot/autoconfigure/condition/OnPropertyCondition$Spec getNames (Lorg/springframework/core/annotation/AnnotationAttributes;)[Ljava/lang/String; 88 <appendix> member <vmtarget> ; # org/springframework/boot/autoconfigure/condition/OnPropertyCondition$Spec$$Lambda+0x0000028b9b1fc980
instanceKlass  @bci org/springframework/boot/autoconfigure/condition/OnPropertyCondition$Spec getNames (Lorg/springframework/core/annotation/AnnotationAttributes;)[Ljava/lang/String; 64 <appendix> member <vmtarget> ; # org/springframework/boot/autoconfigure/condition/OnPropertyCondition$Spec$$Lambda+0x0000028b9b1fc758
instanceKlass org/springframework/boot/autoconfigure/condition/OnPropertyCondition$Spec
instanceKlass  @bci java/util/stream/StreamSpliterators$WrappingSpliterator forEachRemaining (Ljava/util/function/Consumer;)V 33 <appendix> member <vmtarget> ; # java/util/stream/StreamSpliterators$WrappingSpliterator$$Lambda+0x0000028b9b0f6b00
instanceKlass java/util/stream/Streams$2
instanceKlass java/util/stream/Streams$ConcatSpliterator
instanceKlass  @bci org/springframework/boot/autoconfigure/condition/OnPropertyCondition streamRepeated (Lorg/springframework/core/annotation/MergedAnnotations;Ljava/lang/Class;Ljava/lang/Class;)Ljava/util/stream/Stream; 8 <appendix> member <vmtarget> ; # org/springframework/boot/autoconfigure/condition/OnPropertyCondition$$Lambda+0x0000028b9b1fc300
instanceKlass  @bci org/springframework/boot/autoconfigure/condition/OnPropertyCondition stream (Lorg/springframework/core/annotation/MergedAnnotations;Ljava/lang/Class;)Ljava/util/stream/Stream; 10 <appendix> argL0 ; # org/springframework/boot/autoconfigure/condition/OnPropertyCondition$$Lambda+0x0000028b9b1fc0c0
instanceKlass org/springframework/boot/autoconfigure/condition/ConditionalOnProperties
instanceKlass org/springframework/boot/autoconfigure/condition/ConditionalOnProperty
instanceKlass org/springframework/boot/autoconfigure/condition/ConditionalOnMissingClass
instanceKlass org/springframework/boot/autoconfigure/condition/ConditionalOnBooleanProperties
instanceKlass org/springframework/boot/autoconfigure/condition/ConditionalOnBooleanProperty
instanceKlass  @bci org/springframework/core/annotation/MergedAnnotationCollectors lambda$toMultiValueMap$1 ([Lorg/springframework/core/annotation/MergedAnnotation$Adapt;Lorg/springframework/util/MultiValueMap;Lorg/springframework/core/annotation/MergedAnnotation;)V 13 <appendix> member <vmtarget> ; # org/springframework/core/annotation/MergedAnnotationCollectors$$Lambda+0x0000028b9b1fae30
instanceKlass  @bci org/springframework/core/annotation/TypeMappedAnnotation asMap ([Lorg/springframework/core/annotation/MergedAnnotation$Adapt;)Ljava/util/Map; 1 <appendix> argL0 ; # org/springframework/core/annotation/TypeMappedAnnotation$$Lambda+0x0000028b9b1fabf0
instanceKlass  @bci org/springframework/core/annotation/MergedAnnotationCollectors toMultiValueMap (Ljava/util/function/Function;[Lorg/springframework/core/annotation/MergedAnnotation$Adapt;)Ljava/util/stream/Collector; 31 <appendix> argL0 ; # org/springframework/core/annotation/MergedAnnotationCollectors$$Lambda+0x0000028b9b1fa9a8
instanceKlass  @bci org/springframework/core/annotation/MergedAnnotationCollectors toMultiValueMap (Ljava/util/function/Function;[Lorg/springframework/core/annotation/MergedAnnotation$Adapt;)Ljava/util/stream/Collector; 26 <appendix> member <vmtarget> ; # org/springframework/core/annotation/MergedAnnotationCollectors$$Lambda+0x0000028b9b1fa770
instanceKlass  @bci org/springframework/core/annotation/MergedAnnotationCollectors toMultiValueMap (Ljava/util/function/Function;[Lorg/springframework/core/annotation/MergedAnnotation$Adapt;)Ljava/util/stream/Collector; 20 <appendix> argL0 ; # org/springframework/core/annotation/MergedAnnotationCollectors$$Lambda+0x0000028b9b1fa550
instanceKlass  @bci java/util/function/Function identity ()Ljava/util/function/Function; 0 <appendix> argL0 ; # java/util/function/Function$$Lambda+0x0000028b9b0f6150
instanceKlass org/springframework/core/annotation/MergedAnnotationCollectors
instanceKlass  @bci org/springframework/core/type/AnnotatedTypeMetadata getAllAnnotationAttributes (Ljava/lang/String;Z)Lorg/springframework/util/MultiValueMap; 41 <appendix> argL0 ; # org/springframework/core/type/AnnotatedTypeMetadata$$Lambda+0x0000028b9b1fa108
instanceKlass  @bci org/springframework/core/type/AnnotatedTypeMetadata getAllAnnotationAttributes (Ljava/lang/String;Z)Lorg/springframework/util/MultiValueMap; 31 <appendix> argL0 ; # org/springframework/core/type/AnnotatedTypeMetadata$$Lambda+0x0000028b9b1f9ec8
instanceKlass org/springframework/core/annotation/MergedAnnotationPredicates$UniquePredicate
instanceKlass  @bci org/springframework/core/type/AnnotatedTypeMetadata getAllAnnotationAttributes (Ljava/lang/String;Z)Lorg/springframework/util/MultiValueMap; 18 <appendix> argL0 ; # org/springframework/core/type/AnnotatedTypeMetadata$$Lambda+0x0000028b9b1f9a20
instanceKlass org/springframework/context/annotation/ImportRuntimeHints
instanceKlass org/springframework/boot/context/properties/EnableConfigurationPropertiesRegistrar
instanceKlass org/springframework/boot/context/properties/EnableConfigurationProperties
instanceKlass org/springframework/boot/autoconfigure/AutoConfigureOrder
instanceKlass  @bci org/springframework/core/type/classreading/MergedAnnotationReadingVisitor visitEnum (Ljava/lang/String;Ljava/lang/String;Ljava/lang/String;)V 5 <appendix> member <vmtarget> ; # org/springframework/core/type/classreading/MergedAnnotationReadingVisitor$$Lambda+0x0000028b9b1f86c0
instanceKlass org/springframework/boot/autoconfigure/condition/ConditionalOnMissingBean
instanceKlass  @bci org/springframework/context/annotation/ConfigurationClassParser$DeferredImportSelectorGroupingHandler processGroupImports ()V 45 <appendix> member <vmtarget> ; # org/springframework/context/annotation/ConfigurationClassParser$DeferredImportSelectorGroupingHandler$$Lambda+0x0000028b9b1f7d18
instanceKlass  @bci org/springframework/boot/autoconfigure/AutoConfigurationImportSelector$AutoConfigurationGroup selectImports ()Ljava/lang/Iterable; 126 <appendix> member <vmtarget> ; # org/springframework/boot/autoconfigure/AutoConfigurationImportSelector$AutoConfigurationGroup$$Lambda+0x0000028b9b1f7ad0
instanceKlass org/springframework/context/annotation/DeferredImportSelector$Group$Entry
instanceKlass  @bci org/springframework/boot/autoconfigure/AutoConfigurationSorter checkForCycles (Ljava/util/Set;Ljava/lang/String;Ljava/lang/String;)V 17 <appendix> member <vmtarget> ; # org/springframework/boot/autoconfigure/AutoConfigurationSorter$$Lambda+0x0000028b9b1f7688
instanceKlass  @bci org/springframework/boot/autoconfigure/AutoConfigurationSorter$AutoConfigurationClasses getClassesRequestedAfter (Ljava/lang/String;)Ljava/util/Set; 22 <appendix> member <vmtarget> ; # org/springframework/boot/autoconfigure/AutoConfigurationSorter$AutoConfigurationClasses$$Lambda+0x0000028b9b1f7450
instanceKlass  @bci org/springframework/boot/autoconfigure/AutoConfigurationSorter doSortByAfterAnnotation (Lorg/springframework/boot/autoconfigure/AutoConfigurationSorter$AutoConfigurationClasses;Ljava/util/List;Ljava/util/Set;Ljava/util/Set;Ljava/lang/String;)V 37 <appendix> member <vmtarget> ; # org/springframework/boot/autoconfigure/AutoConfigurationSorter$$Lambda+0x0000028b9b1f7208
instanceKlass  @bci org/springframework/boot/autoconfigure/AutoConfigurationSorter getInPriorityOrder (Ljava/util/Collection;)Ljava/util/List; 49 <appendix> member <vmtarget> ; # org/springframework/boot/autoconfigure/AutoConfigurationSorter$$Lambda+0x0000028b9b1f6f68
instanceKlass org/springframework/boot/autoconfigure/AutoConfigureAfter
instanceKlass org/springframework/boot/autoconfigure/AutoConfigureBefore
instanceKlass org/springframework/boot/autoconfigure/AutoConfigurationSorter$AutoConfigurationClass
instanceKlass org/springframework/boot/autoconfigure/AutoConfigurationSorter$AutoConfigurationClasses
instanceKlass  @bci org/springframework/boot/autoconfigure/AutoConfigurationImportSelector$AutoConfigurationGroup sortAutoConfigurations (Ljava/util/Set;Lorg/springframework/boot/autoconfigure/AutoConfigurationMetadata;)Ljava/util/List; 35 <appendix> member <vmtarget> ; # org/springframework/boot/autoconfigure/AutoConfigurationImportSelector$AutoConfigurationGroup$$Lambda+0x0000028b9b1f64b8
instanceKlass org/springframework/boot/autoconfigure/AutoConfigurationSorter
instanceKlass  @bci org/springframework/boot/autoconfigure/AutoConfigurationImportSelector$AutoConfigurationGroup selectImports ()Ljava/lang/Iterable; 86 <appendix> argL0 ; # org/springframework/boot/autoconfigure/AutoConfigurationImportSelector$AutoConfigurationGroup$$Lambda+0x0000028b9b1f6080
instanceKlass  @bci org/springframework/boot/autoconfigure/AutoConfigurationImportSelector$AutoConfigurationGroup selectImports ()Ljava/lang/Iterable; 76 <appendix> argL0 ; # org/springframework/boot/autoconfigure/AutoConfigurationImportSelector$AutoConfigurationGroup$$Lambda+0x0000028b9b1f5e40
instanceKlass  @bci org/springframework/boot/autoconfigure/AutoConfigurationImportSelector$AutoConfigurationGroup selectImports ()Ljava/lang/Iterable; 66 <appendix> argL0 ; # org/springframework/boot/autoconfigure/AutoConfigurationImportSelector$AutoConfigurationGroup$$Lambda+0x0000028b9b1f5c00
instanceKlass  @bci org/springframework/boot/autoconfigure/AutoConfigurationImportSelector$AutoConfigurationGroup selectImports ()Ljava/lang/Iterable; 35 <appendix> argL0 ; # org/springframework/boot/autoconfigure/AutoConfigurationImportSelector$AutoConfigurationGroup$$Lambda+0x0000028b9b1f59c0
instanceKlass  @bci org/springframework/boot/autoconfigure/AutoConfigurationImportSelector$AutoConfigurationGroup selectImports ()Ljava/lang/Iterable; 25 <appendix> argL0 ; # org/springframework/boot/autoconfigure/AutoConfigurationImportSelector$AutoConfigurationGroup$$Lambda+0x0000028b9b1f5780
instanceKlass org/springframework/boot/autoconfigure/condition/ConditionEvaluationReportAutoConfigurationImportListener
instanceKlass org/springframework/boot/autoconfigure/AutoConfigurationImportListener
instanceKlass org/springframework/mail/javamail/JavaMailSenderImpl
instanceKlass org/springframework/mail/javamail/JavaMailSender
instanceKlass org/springframework/boot/autoconfigure/condition/ConditionalOnSingleCandidate
instanceKlass org/springframework/boot/autoconfigure/condition/ConditionalOnBean
instanceKlass org/springframework/boot/autoconfigure/condition/ConditionEvaluationReport$ConditionAndOutcome
instanceKlass  @bci org/springframework/boot/autoconfigure/condition/ConditionEvaluationReport recordConditionEvaluation (Ljava/lang/String;Lorg/springframework/context/annotation/Condition;Lorg/springframework/boot/autoconfigure/condition/ConditionOutcome;)V 34 <appendix> argL0 ; # org/springframework/boot/autoconfigure/condition/ConditionEvaluationReport$$Lambda+0x0000028b9b1f4340
instanceKlass org/springframework/boot/autoconfigure/condition/ConditionEvaluationReport$ConditionAndOutcomes
instanceKlass org/springframework/mail/MailSender
instanceKlass jakarta/mail/Message
instanceKlass jakarta/mail/internet/MimePart
instanceKlass jakarta/mail/Part
instanceKlass jakarta/activation/MimeType
instanceKlass org/springframework/aop/framework/ProxyConfig
instanceKlass org/springframework/transaction/PlatformTransactionManager
instanceKlass org/springframework/transaction/TransactionManager
instanceKlass org/springframework/boot/autoconfigure/condition/ConditionMessage$ItemsBuilder
instanceKlass org/springframework/boot/autoconfigure/condition/ConditionMessage$Builder
instanceKlass org/springframework/boot/autoconfigure/condition/ConditionMessage
instanceKlass org/springframework/boot/autoconfigure/condition/ConditionalOnClass
instanceKlass org/springframework/kafka/core/KafkaTemplate
instanceKlass org/springframework/kafka/core/KafkaOperations
instanceKlass org/springframework/scheduling/TaskScheduler
instanceKlass org/springframework/util/CustomizableThreadCreator
instanceKlass org/springframework/jmx/support/MBeanRegistrationSupport
instanceKlass org/springframework/scheduling/SchedulingTaskExecutor
instanceKlass org/springframework/jmx/export/MBeanExportOperations
instanceKlass org/springframework/core/task/AsyncTaskExecutor
instanceKlass org/springframework/core/task/TaskExecutor
instanceKlass org/springframework/boot/autoconfigure/condition/ConditionOutcome
instanceKlass java/lang/Thread$ThreadNumbering
instanceKlass  @bci org/springframework/boot/autoconfigure/condition/OnClassCondition$ThreadedOutcomesResolver <init> (Lorg/springframework/boot/autoconfigure/condition/OnClassCondition$OutcomesResolver;)V 11 <appendix> member <vmtarget> ; # org/springframework/boot/autoconfigure/condition/OnClassCondition$ThreadedOutcomesResolver$$Lambda+0x0000028b9b1eca68
instanceKlass org/springframework/boot/autoconfigure/condition/OnClassCondition$ThreadedOutcomesResolver
instanceKlass org/springframework/boot/autoconfigure/condition/OnClassCondition$StandardOutcomesResolver
instanceKlass org/springframework/boot/autoconfigure/AutoConfigurationMetadataLoader$PropertiesAutoConfigurationMetadata
instanceKlass org/springframework/boot/autoconfigure/AutoConfigurationMetadata
instanceKlass org/springframework/boot/autoconfigure/AutoConfigurationMetadataLoader
instanceKlass org/springframework/boot/autoconfigure/AutoConfigurationImportSelector$ConfigurationClassFilter
instanceKlass org/springframework/boot/autoconfigure/condition/OnClassCondition$OutcomesResolver
instanceKlass org/springframework/boot/autoconfigure/condition/OnBeanCondition$Spec
instanceKlass org/springframework/boot/autoconfigure/condition/SpringBootCondition
instanceKlass org/springframework/context/annotation/ConfigurationCondition
instanceKlass org/springframework/boot/autoconfigure/AutoConfigurationImportFilter
instanceKlass  @bci org/springframework/boot/autoconfigure/AutoConfigurationImportSelector getExcludeAutoConfigurationsProperty ()Ljava/util/List; 35 <appendix> argL0 ; # org/springframework/boot/autoconfigure/AutoConfigurationImportSelector$$Lambda+0x0000028b9b1ea428
instanceKlass org/springframework/boot/context/annotation/ImportCandidates
instanceKlass  @bci org/springframework/boot/autoconfigure/AutoConfigurationImportSelector getAttributes (Lorg/springframework/core/type/AnnotationMetadata;)Lorg/springframework/core/annotation/AnnotationAttributes; 31 <appendix> member <vmtarget> ; # org/springframework/boot/autoconfigure/AutoConfigurationImportSelector$$Lambda+0x0000028b9b1e9fb8
instanceKlass org/springframework/boot/autoconfigure/AutoConfigurationReplacements
instanceKlass  @bci org/springframework/boot/autoconfigure/AutoConfigurationImportSelector$AutoConfigurationGroup process (Lorg/springframework/core/type/AnnotationMetadata;Lorg/springframework/context/annotation/DeferredImportSelector;)V 5 <appendix> member <vmtarget> ; # org/springframework/boot/autoconfigure/AutoConfigurationImportSelector$AutoConfigurationGroup$$Lambda+0x0000028b9b1e9b80
instanceKlass  @bci org/springframework/context/annotation/ConfigurationClassParser$DeferredImportSelectorGroupingHandler register (Lorg/springframework/context/annotation/ConfigurationClassParser$DeferredImportSelectorHolder;)V 25 <appendix> member <vmtarget> ; # org/springframework/context/annotation/ConfigurationClassParser$DeferredImportSelectorGroupingHandler$$Lambda+0x0000028b9b1e9938
instanceKlass org/springframework/context/annotation/ConfigurationClassParser$DeferredImportSelectorGrouping
instanceKlass org/springframework/boot/autoconfigure/AutoConfigurationImportSelector$AutoConfigurationGroup
instanceKlass org/springframework/context/annotation/DeferredImportSelector$Group
instanceKlass  @bci org/springframework/context/annotation/ConfigurationClassParser$DeferredImportSelectorHandler process ()V 42 <appendix> member <vmtarget> ; # org/springframework/context/annotation/ConfigurationClassParser$DeferredImportSelectorHandler$$Lambda+0x0000028b9b1e9060
instanceKlass org/springframework/context/annotation/ConfigurationClassParser$DeferredImportSelectorGroupingHandler
instanceKlass  @bci java/lang/reflect/Executable sharedToString (IZ[Ljava/lang/Class;[Ljava/lang/Class;)Ljava/lang/String; 29 <appendix> argL0 ; # java/lang/reflect/Executable$$Lambda+0x0000028b9b0f5d08
instanceKlass org/springframework/context/annotation/ConfigurationMethod
instanceKlass org/springframework/core/type/StandardMethodMetadata
instanceKlass org/springframework/core/annotation/AnnotatedElementUtils
instanceKlass  @bci org/springframework/core/type/StandardAnnotationMetadata getAnnotatedMethods (Ljava/lang/String;)Ljava/util/Set; 27 <appendix> member <vmtarget> ; # org/springframework/core/type/StandardAnnotationMetadata$$Lambda+0x0000028b9b1e7668
instanceKlass  @bci java/util/function/Predicate or (Ljava/util/function/Predicate;)Ljava/util/function/Predicate; 7 <appendix> member <vmtarget> ; # java/util/function/Predicate$$Lambda+0x0000028b9b0f5ab0
instanceKlass  @bci org/springframework/boot/autoconfigure/AutoConfigurationImportSelector getExclusionFilter ()Ljava/util/function/Predicate; 1 <appendix> member <vmtarget> ; # org/springframework/boot/autoconfigure/AutoConfigurationImportSelector$$Lambda+0x0000028b9b1e7410
instanceKlass org/springframework/boot/autoconfigure/AutoConfiguration
instanceKlass org/springframework/boot/autoconfigure/AutoConfigurationImportSelector$AutoConfigurationEntry
instanceKlass org/springframework/beans/factory/BeanRegistrar
instanceKlass  @bci org/springframework/core/type/AnnotationMetadata getAnnotationTypes ()Ljava/util/Set; 31 <appendix> argL0 ; # org/springframework/core/type/AnnotationMetadata$$Lambda+0x0000028b9b1e6bd0
instanceKlass  @bci org/springframework/core/type/AnnotationMetadata getAnnotationTypes ()Ljava/util/Set; 21 <appendix> argL0 ; # org/springframework/core/type/AnnotationMetadata$$Lambda+0x0000028b9b1e6990
instanceKlass  @bci org/springframework/core/type/AnnotationMetadata getAnnotationTypes ()Ljava/util/Set; 11 <appendix> argL0 ; # org/springframework/core/type/AnnotationMetadata$$Lambda+0x0000028b9b1e6740
instanceKlass org/springframework/core/annotation/MergedAnnotationsCollection$AnnotationsSpliterator
instanceKlass  @bci org/springframework/core/type/AnnotationMetadata hasMetaAnnotation (Ljava/lang/String;)Z 7 <appendix> argL0 ; # org/springframework/core/type/AnnotationMetadata$$Lambda+0x0000028b9b1e5f00
instanceKlass org/springframework/messaging/handler/annotation/MessageMappingReflectiveProcessor
instanceKlass org/springframework/aot/hint/annotation/SimpleReflectiveProcessor
instanceKlass org/springframework/aot/hint/annotation/ReflectiveProcessor
instanceKlass org/springframework/kafka/annotation/KafkaListeners
instanceKlass org/springframework/aot/hint/annotation/Reflective
instanceKlass org/springframework/messaging/handler/annotation/MessageMapping
instanceKlass org/springframework/kafka/annotation/PartitionOffset
instanceKlass org/springframework/kafka/annotation/TopicPartition
instanceKlass  @bci org/springframework/core/type/classreading/MergedAnnotationReadingVisitor visitArray (Ljava/lang/String;)Lorg/springframework/asm/AnnotationVisitor; 7 <appendix> member <vmtarget> ; # org/springframework/core/type/classreading/MergedAnnotationReadingVisitor$$Lambda+0x0000028b9b1e4370
instanceKlass org/springframework/kafka/annotation/KafkaListener
instanceKlass org/springframework/stereotype/Service
instanceKlass org/springframework/core/type/classreading/SimpleAnnotationMetadata
instanceKlass org/springframework/context/annotation/Bean
instanceKlass  @bci org/springframework/core/type/classreading/SimpleMethodMetadataReadingVisitor visitAnnotation (Ljava/lang/String;Z)Lorg/springframework/asm/AnnotationVisitor; 19 <appendix> member <vmtarget> ; # org/springframework/core/type/classreading/SimpleMethodMetadataReadingVisitor$$Lambda+0x0000028b9b1e34f8
instanceKlass org/springframework/core/type/classreading/SimpleMethodMetadataReadingVisitor$Source
instanceKlass org/springframework/core/annotation/MergedAnnotationsCollection
instanceKlass  @bci org/springframework/core/type/classreading/SimpleAnnotationMetadataReadingVisitor visitMethod (ILjava/lang/String;Ljava/lang/String;Ljava/lang/String;[Ljava/lang/String;)Lorg/springframework/asm/MethodVisitor; 43 <appendix> member <vmtarget> ; # org/springframework/core/type/classreading/SimpleAnnotationMetadataReadingVisitor$$Lambda+0x0000028b9b1e2ad0
instanceKlass org/springframework/core/type/classreading/SimpleMethodMetadata
instanceKlass org/springframework/core/type/MethodMetadata
instanceKlass  @bci org/springframework/core/annotation/TypeMappedAnnotation of (Ljava/lang/ClassLoader;Ljava/lang/Object;Ljava/lang/Class;Ljava/util/Map;)Lorg/springframework/core/annotation/MergedAnnotation; 26 <appendix> argL0 ; # org/springframework/core/annotation/TypeMappedAnnotation$$Lambda+0x0000028b9b1e23b8
instanceKlass org/springframework/asm/Type
instanceKlass org/springframework/asm/AnnotationVisitor
instanceKlass  @bci org/springframework/core/type/classreading/SimpleAnnotationMetadataReadingVisitor visitAnnotation (Ljava/lang/String;Z)Lorg/springframework/asm/AnnotationVisitor; 19 <appendix> member <vmtarget> ; # org/springframework/core/type/classreading/SimpleAnnotationMetadataReadingVisitor$$Lambda+0x0000028b9b1e18a8
instanceKlass org/springframework/core/type/classreading/SimpleAnnotationMetadataReadingVisitor$Source
instanceKlass org/springframework/asm/Context
instanceKlass org/springframework/asm/Attribute
instanceKlass sun/nio/ch/IOStatus
instanceKlass org/springframework/asm/ClassReader
instanceKlass java/nio/channels/NetworkChannel
instanceKlass sun/nio/ch/SelChImpl
instanceKlass sun/nio/ch/Streams
instanceKlass java/nio/channels/Channels
instanceKlass sun/nio/ch/FileChannelImpl$Closer
instanceKlass sun/nio/ch/NativeThreadSet
instanceKlass java/nio/channels/spi/AbstractInterruptibleChannel$1
instanceKlass sun/nio/ch/Interruptible
instanceKlass java/nio/channels/spi/AbstractInterruptibleChannel
instanceKlass java/nio/channels/InterruptibleChannel
instanceKlass java/nio/channels/ScatteringByteChannel
instanceKlass java/nio/channels/GatheringByteChannel
instanceKlass java/nio/channels/SeekableByteChannel
instanceKlass java/nio/channels/ByteChannel
instanceKlass sun/nio/fs/WindowsChannelFactory$Flags
instanceKlass sun/nio/fs/WindowsChannelFactory$1
instanceKlass sun/nio/fs/WindowsChannelFactory
instanceKlass sun/nio/fs/WindowsSecurityDescriptor
instanceKlass java/nio/file/attribute/FileAttribute
instanceKlass org/springframework/asm/MethodVisitor
instanceKlass org/springframework/asm/ClassVisitor
instanceKlass org/springframework/core/type/classreading/SimpleMetadataReader
instanceKlass  @bci java/util/regex/Pattern ALL ()Ljava/util/regex/Pattern$CharPredicate; 0 <appendix> argL0 ; # java/util/regex/Pattern$$Lambda+0x0000028b9b0f0cd8
instanceKlass org/springframework/util/AntPathMatcher$AntPathStringMatcher
instanceKlass java/util/StringTokenizer
instanceKlass sun/nio/fs/BasicFileAttributesHolder
instanceKlass  @bci org/springframework/core/io/support/PathMatchingResourcePatternResolver doFindPathMatchingFileResources (Lorg/springframework/core/io/Resource;Ljava/lang/String;)Ljava/util/Set; 465 <appendix> member <vmtarget> ; # org/springframework/core/io/support/PathMatchingResourcePatternResolver$$Lambda+0x0000028b9b1d9a40
instanceKlass  @bci org/springframework/core/io/support/PathMatchingResourcePatternResolver doFindPathMatchingFileResources (Lorg/springframework/core/io/Resource;Ljava/lang/String;)Ljava/util/Set; 449 <appendix> argL0 ; # org/springframework/core/io/support/PathMatchingResourcePatternResolver$$Lambda+0x0000028b9b1d9800
instanceKlass  @bci java/nio/file/Files walk (Ljava/nio/file/Path;I[Ljava/nio/file/FileVisitOption;)Ljava/util/stream/Stream; 43 <appendix> argL0 ; # java/nio/file/Files$$Lambda+0x0000028b9b0efe98
instanceKlass  @bci java/nio/file/Files walk (Ljava/nio/file/Path;I[Ljava/nio/file/FileVisitOption;)Ljava/util/stream/Stream; 30 <appendix> member <vmtarget> ; # java/nio/file/Files$$Lambda+0x0000028b9b0efc70
instanceKlass  @cpi javax/crypto/spec/SecretKeySpec 165 form vmentry <vmtarget> ; # java/lang/invoke/LambdaForm$DMH+0x0000028b9b1d9400
instanceKlass java/nio/file/FileTreeWalker$Event
instanceKlass sun/nio/fs/WindowsDirectoryStream$WindowsDirectoryIterator
instanceKlass java/nio/file/FileTreeWalker$DirectoryNode
instanceKlass sun/nio/fs/WindowsDirectoryStream
instanceKlass java/nio/file/DirectoryStream
instanceKlass java/nio/file/Files$AcceptAllFilter
instanceKlass java/nio/file/DirectoryStream$Filter
instanceKlass java/nio/file/FileTreeWalker$1
instanceKlass java/nio/file/FileTreeWalker
instanceKlass java/nio/file/FileTreeIterator
instanceKlass  @bci org/springframework/core/io/support/PathMatchingResourcePatternResolver doFindPathMatchingFileResources (Lorg/springframework/core/io/Resource;Ljava/lang/String;)Ljava/util/Set; 368 <appendix> member <vmtarget> ; # org/springframework/core/io/support/PathMatchingResourcePatternResolver$$Lambda+0x0000028b9b1dbcc8
instanceKlass  @cpi org/springframework/core/io/support/PathMatchingResourcePatternResolver 1119 form vmentry <vmtarget> ; # java/lang/invoke/LambdaForm$DMH+0x0000028b9b1d9000
instanceKlass sun/nio/fs/WindowsUriSupport
instanceKlass  @bci org/springframework/core/io/support/PathMatchingResourcePatternResolver findAllModulePathResources (Ljava/lang/String;)Ljava/util/Set; 52 <appendix> member <vmtarget> ; # org/springframework/core/io/support/PathMatchingResourcePatternResolver$$Lambda+0x0000028b9b1dba70
instanceKlass  @bci org/springframework/core/io/support/PathMatchingResourcePatternResolver findAllModulePathResources (Ljava/lang/String;)Ljava/util/Set; 85 <appendix> member <vmtarget> ; # org/springframework/core/io/support/PathMatchingResourcePatternResolver$$Lambda+0x0000028b9b1db838
instanceKlass  @bci org/springframework/core/io/support/PathMatchingResourcePatternResolver findAllModulePathResources (Ljava/lang/String;)Ljava/util/Set; 38 <appendix> member <vmtarget> ; # org/springframework/core/io/support/PathMatchingResourcePatternResolver$$Lambda+0x0000028b9b1db5e0
instanceKlass  @bci org/springframework/core/env/AbstractPropertyResolver doResolvePlaceholders (Ljava/lang/String;Lorg/springframework/util/PropertyPlaceholderHelper;)Ljava/lang/String; 3 <appendix> member <vmtarget> ; # org/springframework/core/env/AbstractPropertyResolver$$Lambda+0x0000028b9b1db3b8
instanceKlass  @cpi org/apache/kafka/clients/consumer/internals/ConsumerProtocol 217 form vmentry <vmtarget> ; # java/lang/invoke/LambdaForm$DMH+0x0000028b9b1d8c00
instanceKlass org/springframework/context/annotation/ParserStrategyUtils
instanceKlass org/springframework/context/annotation/TypeFilterUtils$1
instanceKlass org/springframework/context/annotation/TypeFilterUtils
instanceKlass  @bci org/springframework/context/annotation/ConfigurationClassParser doProcessConfigurationClass (Lorg/springframework/context/annotation/ConfigurationClass;Lorg/springframework/context/annotation/ConfigurationClassParser$SourceClass;Ljava/util/function/Predicate;)Lorg/springframework/context/annotation/ConfigurationClassParser$SourceClass; 153 <appendix> argL0 ; # org/springframework/context/annotation/ConfigurationClassParser$$Lambda+0x0000028b9b1da900
instanceKlass  @bci org/springframework/context/annotation/ConfigurationClassParser doProcessConfigurationClass (Lorg/springframework/context/annotation/ConfigurationClass;Lorg/springframework/context/annotation/ConfigurationClassParser$SourceClass;Ljava/util/function/Predicate;)Lorg/springframework/context/annotation/ConfigurationClassParser$SourceClass; 123 <appendix> argL0 ; # org/springframework/context/annotation/ConfigurationClassParser$$Lambda+0x0000028b9b1da6b0
instanceKlass  @bci java/util/stream/SortedOps$RefSortingSink end ()V 48 <appendix> member <vmtarget> ; # java/util/stream/SortedOps$RefSortingSink$$Lambda+0x0000028b9b0ed6b0
instanceKlass  @bci org/springframework/core/type/AnnotatedTypeMetadata getMergedRepeatableAnnotationAttributes (Ljava/lang/Class;Ljava/lang/Class;Ljava/util/function/Predicate;ZZ)Ljava/util/Set; 89 <appendix> argL0 ; # org/springframework/core/type/AnnotatedTypeMetadata$$Lambda+0x0000028b9b1da490
instanceKlass  @bci org/springframework/core/type/AnnotatedTypeMetadata getMergedRepeatableAnnotationAttributes (Ljava/lang/Class;Ljava/lang/Class;Ljava/util/function/Predicate;ZZ)Ljava/util/Set; 79 <appendix> member <vmtarget> ; # org/springframework/core/type/AnnotatedTypeMetadata$$Lambda+0x0000028b9b1da248
instanceKlass  @bci org/springframework/core/type/AnnotatedTypeMetadata getMergedRepeatableAnnotationAttributes (Ljava/lang/Class;Ljava/lang/Class;Ljava/util/function/Predicate;ZZ)Ljava/util/Set; 68 <appendix> member <vmtarget> ; # org/springframework/core/type/AnnotatedTypeMetadata$$Lambda+0x0000028b9b1da000
instanceKlass java/util/Collections$ReverseComparator2
instanceKlass  @bci java/util/Comparator comparingInt (Ljava/util/function/ToIntFunction;)Ljava/util/Comparator; 6 <appendix> member <vmtarget> ; # java/util/Comparator$$Lambda+0x0000028b9b0ecaa8
instanceKlass  @bci org/springframework/core/type/AnnotatedTypeMetadata reversedMetaDistance ()Ljava/util/Comparator; 0 <appendix> argL0 ; # org/springframework/core/type/AnnotatedTypeMetadata$$Lambda+0x0000028b9b1dfc28
instanceKlass java/util/function/ToIntFunction
instanceKlass  @bci org/springframework/core/annotation/MergedAnnotationPredicates typeIn ([Ljava/lang/Class;)Ljava/util/function/Predicate; 1 <appendix> member <vmtarget> ; # org/springframework/core/annotation/MergedAnnotationPredicates$$Lambda+0x0000028b9b1df9d0
instanceKlass org/springframework/core/annotation/MergedAnnotationPredicates
instanceKlass  @bci org/springframework/core/type/AnnotatedTypeMetadata getMergedRepeatableAnnotationAttributes (Ljava/lang/Class;Ljava/lang/Class;ZZ)Ljava/util/Set; 3 <appendix> argL0 ; # org/springframework/core/type/AnnotatedTypeMetadata$$Lambda+0x0000028b9b1df578
instanceKlass org/springframework/context/annotation/PropertySources
instanceKlass org/springframework/context/annotation/PropertySource
instanceKlass org/springframework/context/annotation/ConfigurationClass
instanceKlass org/springframework/context/annotation/ComponentScanAnnotationParser
instanceKlass org/springframework/core/io/support/DefaultPropertySourceFactory
instanceKlass org/springframework/core/io/support/PropertySourceFactory
instanceKlass org/springframework/core/io/support/PropertySourceProcessor
instanceKlass org/springframework/context/annotation/PropertySourceRegistry
instanceKlass org/springframework/context/annotation/ConfigurationClassParser$SourceClass
instanceKlass org/springframework/context/annotation/ConfigurationClassParser$DeferredImportSelectorHandler
instanceKlass  @bci org/springframework/context/annotation/ConfigurationClassParser <clinit> ()V 16 <appendix> argL0 ; # org/springframework/context/annotation/ConfigurationClassParser$$Lambda+0x0000028b9b1dc000
instanceKlass org/springframework/context/annotation/ConfigurationClassParser$DeferredImportSelectorHolder
instanceKlass  @bci org/springframework/context/annotation/ConfigurationClassParser <clinit> ()V 8 <appendix> argL0 ; # org/springframework/context/annotation/ConfigurationClassParser$$Lambda+0x0000028b9b1d79f8
instanceKlass  @bci org/springframework/context/annotation/ConfigurationClassParser <clinit> ()V 0 <appendix> argL0 ; # org/springframework/context/annotation/ConfigurationClassParser$$Lambda+0x0000028b9b1d77a8
instanceKlass org/springframework/context/annotation/ImportRegistry
instanceKlass org/springframework/beans/factory/parsing/Problem
instanceKlass org/springframework/context/annotation/ConfigurationClassParser
instanceKlass  @bci org/springframework/context/annotation/ConfigurationClassPostProcessor processConfigBeanDefinitions (Lorg/springframework/beans/factory/support/BeanDefinitionRegistry;)V 144 <appendix> argL0 ; # org/springframework/context/annotation/ConfigurationClassPostProcessor$$Lambda+0x0000028b9b1d69d8
instanceKlass org/springframework/aop/framework/AopInfrastructureBean
instanceKlass  @bci org/springframework/context/support/PostProcessorRegistrationDelegate invokeBeanDefinitionRegistryPostProcessors (Ljava/util/Collection;Lorg/springframework/beans/factory/support/BeanDefinitionRegistry;Lorg/springframework/core/metrics/ApplicationStartup;)V 44 <appendix> member <vmtarget> ; # org/springframework/context/support/PostProcessorRegistrationDelegate$$Lambda+0x0000028b9b1d65b0
# instanceKlass java/lang/invoke/LambdaForm$MH+0x0000028b9b1d8800
# instanceKlass java/lang/invoke/LambdaForm$MH+0x0000028b9b1d8400
# instanceKlass java/lang/invoke/LambdaForm$MH+0x0000028b9b1d8000
instanceKlass org/springframework/beans/AbstractNestablePropertyAccessor$PropertyTokenHolder
instanceKlass org/springframework/beans/factory/config/TypedStringValue
instanceKlass  @bci java/util/stream/Collectors joining (Ljava/lang/CharSequence;Ljava/lang/CharSequence;Ljava/lang/CharSequence;)Ljava/util/stream/Collector; 22 <appendix> argL0 ; # java/util/stream/Collectors$$Lambda+0x800000047
instanceKlass  @bci java/util/stream/Collectors joining (Ljava/lang/CharSequence;Ljava/lang/CharSequence;Ljava/lang/CharSequence;)Ljava/util/stream/Collector; 17 <appendix> argL0 ; # java/util/stream/Collectors$$Lambda+0x800000045
instanceKlass  @bci java/util/stream/Collectors joining (Ljava/lang/CharSequence;Ljava/lang/CharSequence;Ljava/lang/CharSequence;)Ljava/util/stream/Collector; 12 <appendix> argL0 ; # java/util/stream/Collectors$$Lambda+0x800000042
instanceKlass  @bci java/util/stream/Collectors joining (Ljava/lang/CharSequence;Ljava/lang/CharSequence;Ljava/lang/CharSequence;)Ljava/util/stream/Collector; 7 <appendix> member <vmtarget> ; # java/util/stream/Collectors$$Lambda+0x80000004a
instanceKlass  @bci java/lang/Class methodToString (Ljava/lang/String;[Ljava/lang/Class;)Ljava/lang/String; 42 <appendix> argL0 ; # java/lang/Class$$Lambda+0x0000028b9b0ec868
instanceKlass  @bci org/springframework/core/convert/TypeDescriptor <init> (Lorg/springframework/core/convert/Property;)V 38 <appendix> member <vmtarget> ; # org/springframework/core/convert/TypeDescriptor$$Lambda+0x0000028b9b1d5ea8
instanceKlass org/springframework/core/convert/Property
instanceKlass com/sun/beans/WildcardTypeImpl
instanceKlass com/sun/beans/WeakCache
instanceKlass com/sun/beans/TypeResolver
instanceKlass java/beans/SimpleBeanInfo
instanceKlass java/beans/MethodRef
instanceKlass org/springframework/beans/factory/aot/BeanFactoryInitializationAotContribution
instanceKlass org/springframework/beans/factory/aot/BeanRegistrationAotContribution
instanceKlass org/springframework/beans/factory/support/RegisteredBean
instanceKlass org/springframework/beans/PropertyDescriptorUtils
instanceKlass java/beans/BeanInfo
instanceKlass org/springframework/beans/SimpleBeanInfoFactory
instanceKlass org/springframework/beans/BeanInfoFactory
instanceKlass org/springframework/beans/CachedIntrospectionResults
instanceKlass org/springframework/beans/PropertyAccessorUtils
instanceKlass  @bci org/springframework/beans/factory/support/DefaultSingletonBeanRegistry registerDependentBean (Ljava/lang/String;Ljava/lang/String;)V 76 <appendix> argL0 ; # org/springframework/beans/factory/support/DefaultSingletonBeanRegistry$$Lambda+0x0000028b9b1d40a0
instanceKlass  @bci org/springframework/beans/factory/support/DefaultSingletonBeanRegistry registerDependentBean (Ljava/lang/String;Ljava/lang/String;)V 19 <appendix> argL0 ; # org/springframework/beans/factory/support/DefaultSingletonBeanRegistry$$Lambda+0x0000028b9b1d3e60
instanceKlass org/springframework/beans/factory/SmartFactoryBean
instanceKlass  @bci org/springframework/beans/factory/support/DefaultSingletonBeanRegistry getSingleton (Ljava/lang/String;Lorg/springframework/beans/factory/ObjectFactory;)Ljava/lang/Object; 1155 <appendix> member <vmtarget> ; # org/springframework/beans/factory/support/DefaultSingletonBeanRegistry$$Lambda+0x0000028b9b1d3a08
instanceKlass org/springframework/beans/factory/support/DisposableBeanAdapter
instanceKlass org/springframework/beans/factory/InitializingBean
instanceKlass org/springframework/beans/factory/support/InstanceSupplier
instanceKlass org/springframework/util/function/ThrowingSupplier
instanceKlass  @bci org/springframework/context/expression/StandardBeanExpressionResolver lambda$evaluate$1 (Lorg/springframework/beans/factory/config/BeanExpressionContext;)Lorg/springframework/expression/spel/support/StandardEvaluationContext; 93 <appendix> member <vmtarget> ; # org/springframework/context/expression/StandardBeanExpressionResolver$$Lambda+0x0000028b9b1d2f78
instanceKlass org/springframework/expression/spel/support/StandardTypeConverter
instanceKlass org/springframework/expression/spel/support/StandardTypeLocator
instanceKlass org/springframework/context/expression/BeanFactoryResolver
instanceKlass org/springframework/context/expression/EnvironmentAccessor
instanceKlass org/springframework/expression/spel/support/MapAccessor
instanceKlass org/springframework/expression/spel/CompilablePropertyAccessor
instanceKlass org/springframework/asm/Opcodes
instanceKlass org/springframework/context/expression/BeanFactoryAccessor
instanceKlass org/springframework/expression/spel/support/ReflectivePropertyAccessor
instanceKlass org/springframework/context/expression/BeanExpressionContextAccessor
instanceKlass org/springframework/expression/TypedValue
instanceKlass org/springframework/expression/spel/support/StandardOperatorOverloader
instanceKlass org/springframework/expression/spel/support/StandardTypeComparator
instanceKlass org/springframework/expression/OperatorOverloader
instanceKlass org/springframework/expression/TypeComparator
instanceKlass  @bci org/springframework/context/expression/StandardBeanExpressionResolver evaluate (Ljava/lang/String;Lorg/springframework/beans/factory/config/BeanExpressionContext;)Ljava/lang/Object; 35 <appendix> member <vmtarget> ; # org/springframework/context/expression/StandardBeanExpressionResolver$$Lambda+0x0000028b9b1d03c0
instanceKlass org/springframework/expression/spel/support/StandardEvaluationContext
instanceKlass org/springframework/expression/EvaluationContext
instanceKlass org/springframework/expression/common/LiteralExpression
instanceKlass  @bci org/springframework/context/expression/StandardBeanExpressionResolver evaluate (Ljava/lang/String;Lorg/springframework/beans/factory/config/BeanExpressionContext;)Ljava/lang/Object; 15 <appendix> member <vmtarget> ; # org/springframework/context/expression/StandardBeanExpressionResolver$$Lambda+0x0000028b9b1cf4a0
instanceKlass org/springframework/beans/factory/config/AutowiredPropertyMarker
instanceKlass org/springframework/beans/factory/support/BeanDefinitionValueResolver
instanceKlass org/springframework/beans/factory/support/AbstractBeanFactory$BeanFactoryDefaultEditorRegistrar
instanceKlass org/springframework/beans/AbstractNestablePropertyAccessor$PropertyHandler
instanceKlass org/springframework/beans/factory/parsing/PassThroughSourceExtractor
instanceKlass java/lang/Short$ShortCache
instanceKlass java/lang/Byte$ByteCache
instanceKlass org/springframework/beans/BeanUtils
instanceKlass org/springframework/beans/factory/aot/BeanRegistrationCodeFragments
instanceKlass  @bci org/springframework/beans/factory/support/AbstractBeanFactory doGetBean (Ljava/lang/String;Ljava/lang/Class;[Ljava/lang/Object;Z)Ljava/lang/Object; 472 <appendix> member <vmtarget> ; # org/springframework/beans/factory/support/AbstractBeanFactory$$Lambda+0x0000028b9b1cbde8
instanceKlass  @bci org/springframework/beans/factory/support/AbstractBeanFactory doGetBean (Ljava/lang/String;Ljava/lang/Class;[Ljava/lang/Object;Z)Ljava/lang/Object; 255 <appendix> member <vmtarget> ; # org/springframework/beans/factory/support/AbstractBeanFactory$$Lambda+0x0000028b9b1cb780
instanceKlass org/springframework/beans/factory/support/NullBean
instanceKlass  @bci org/springframework/beans/factory/BeanFactoryUtils transformedBeanName (Ljava/lang/String;)Ljava/lang/String; 29 <appendix> argL0 ; # org/springframework/beans/factory/BeanFactoryUtils$$Lambda+0x0000028b9b1cb338
instanceKlass org/springframework/beans/factory/support/AbstractBeanFactory$BeanPostProcessorCache
instanceKlass  @bci org/springframework/core/annotation/TypeMappedAnnotation getValueExtractor (Ljava/lang/Object;)Lorg/springframework/core/annotation/ValueExtractor; 7 <appendix> argL0 ; # org/springframework/core/annotation/TypeMappedAnnotation$$Lambda+0x0000028b9b1cad10
instanceKlass org/springframework/beans/factory/config/RuntimeBeanReference
instanceKlass org/springframework/beans/factory/config/BeanReference
instanceKlass org/springframework/beans/MutablePropertyValues
instanceKlass org/springframework/beans/factory/support/BeanDefinitionBuilder
instanceKlass  @bci org/springframework/boot/autoconfigure/SharedMetadataReaderFactoryContextInitializer$CachingMetadataReaderFactoryPostProcessor register (Lorg/springframework/beans/factory/support/BeanDefinitionRegistry;)V 13 <appendix> argL0 ; # org/springframework/boot/autoconfigure/SharedMetadataReaderFactoryContextInitializer$CachingMetadataReaderFactoryPostProcessor$$Lambda+0x0000028b9b1c8d58
instanceKlass org/springframework/boot/autoconfigure/SharedMetadataReaderFactoryContextInitializer$SharedMetadataReaderFactoryBean
instanceKlass org/springframework/beans/factory/FactoryBean
instanceKlass org/springframework/context/support/PostProcessorRegistrationDelegate
instanceKlass org/springframework/context/support/ApplicationListenerDetector
instanceKlass org/springframework/context/MessageSourceAware
instanceKlass org/springframework/context/ApplicationEventPublisherAware
instanceKlass org/springframework/beans/factory/config/BeanExpressionContext
instanceKlass org/springframework/beans/factory/config/EmbeddedValueResolver
instanceKlass org/springframework/util/StringValueResolver
instanceKlass org/springframework/context/support/ApplicationContextAwareProcessor
instanceKlass org/springframework/beans/support/ResourceEditorRegistrar
instanceKlass org/springframework/expression/Expression
instanceKlass org/springframework/expression/common/TemplateAwareExpressionParser
instanceKlass org/springframework/expression/spel/SpelParserConfiguration
instanceKlass org/springframework/context/expression/StandardBeanExpressionResolver$1
instanceKlass org/springframework/expression/TypeConverter
instanceKlass org/springframework/expression/TypeLocator
instanceKlass org/springframework/expression/BeanResolver
instanceKlass org/springframework/expression/PropertyAccessor
instanceKlass org/springframework/expression/TargetedAccessor
instanceKlass org/springframework/expression/ExpressionParser
instanceKlass org/springframework/expression/ParserContext
instanceKlass org/springframework/context/expression/StandardBeanExpressionResolver
instanceKlass org/springframework/boot/context/logging/LoggingApplicationListener$Lifecycle
instanceKlass org/springframework/context/SmartLifecycle
instanceKlass org/springframework/context/Phased
instanceKlass org/springframework/beans/factory/BeanFactoryUtils
instanceKlass org/springframework/core/style/DefaultValueStyler
instanceKlass org/springframework/core/style/ValueStyler
instanceKlass org/springframework/core/style/StylerUtils
instanceKlass org/springframework/core/style/DefaultToStringStyler
instanceKlass org/springframework/core/style/ToStringStyler
instanceKlass org/springframework/core/style/ToStringCreator
instanceKlass sun/util/resources/Bundles$2
instanceKlass sun/util/resources/Bundles$CacheKeyReference
instanceKlass  @bci java/util/ResourceBundle$ResourceBundleProviderHelper newResourceBundle (Ljava/lang/Class;)Ljava/util/ResourceBundle; 22 <appendix> member <vmtarget> ; # java/util/ResourceBundle$ResourceBundleProviderHelper$$Lambda+0x800000019
instanceKlass java/util/ResourceBundle$ResourceBundleProviderHelper
instanceKlass java/util/ArrayList$SubList$1
instanceKlass  @bci java/util/ResourceBundle$Control getCandidateLocales (Ljava/lang/String;Ljava/util/Locale;)Ljava/util/List; 23 <appendix> argL0 ; # java/util/ResourceBundle$Control$$Lambda+0x800000017
instanceKlass  @bci sun/util/cldr/CLDRLocaleProviderAdapter applyAliases (Ljava/util/Locale;)Ljava/util/Locale; 4 <appendix> argL0 ; # sun/util/cldr/CLDRLocaleProviderAdapter$$Lambda+0x800000064
instanceKlass sun/util/resources/LocaleData$LocaleDataResourceBundleProvider
instanceKlass java/util/spi/ResourceBundleProvider
instanceKlass sun/util/resources/Bundles$CacheKey
instanceKlass java/util/ResourceBundle$1
instanceKlass jdk/internal/access/JavaUtilResourceBundleAccess
instanceKlass sun/util/resources/Bundles
instanceKlass sun/util/resources/LocaleData$LocaleDataStrategy
instanceKlass sun/util/resources/Bundles$Strategy
instanceKlass sun/util/resources/LocaleData$1
instanceKlass  @bci java/util/ResourceBundle$Control <clinit> ()V 55 <appendix> argL0 ; # java/util/ResourceBundle$Control$$Lambda+0x800000018
instanceKlass java/util/ResourceBundle
instanceKlass java/util/ResourceBundle$Control
instanceKlass sun/util/resources/LocaleData
instanceKlass sun/util/locale/provider/LocaleResources
instanceKlass java/util/Locale$Builder
instanceKlass sun/util/locale/provider/CalendarDataUtility
instanceKlass sun/util/locale/provider/AvailableLanguageTags
instanceKlass  @bci sun/util/locale/provider/JRELocaleProviderAdapter getDecimalFormatSymbolsProvider ()Ljava/text/spi/DecimalFormatSymbolsProvider; 8 <appendix> member <vmtarget> ; # sun/util/locale/provider/JRELocaleProviderAdapter$$Lambda+0x80000006b
instanceKlass sun/util/resources/cldr/provider/CLDRLocaleDataMetaInfo
instanceKlass  @bci sun/util/cldr/CLDRLocaleProviderAdapter <init> ()V 4 <appendix> argL0 ; # sun/util/cldr/CLDRLocaleProviderAdapter$$Lambda+0x800000066
instanceKlass sun/util/locale/InternalLocaleBuilder$CaseInsensitiveChar
instanceKlass sun/util/locale/InternalLocaleBuilder
instanceKlass sun/util/locale/StringTokenIterator
instanceKlass sun/util/locale/ParseStatus
instanceKlass sun/util/locale/LanguageTag
instanceKlass sun/util/cldr/CLDRBaseLocaleDataMetaInfo
instanceKlass sun/util/locale/provider/LocaleDataMetaInfo
instanceKlass sun/util/locale/provider/ResourceBundleBasedAdapter
instanceKlass sun/util/locale/provider/LocaleProviderAdapter
instanceKlass java/util/spi/LocaleServiceProvider
instanceKlass java/text/DecimalFormatSymbols
instanceKlass  @bci org/springframework/boot/context/config/ConfigDataEnvironmentContributors getImportedMessage (Ljava/util/Set;)Ljava/lang/CharSequence; 60 <appendix> argL0 ; # org/springframework/boot/context/config/ConfigDataEnvironmentContributors$$Lambda+0x0000028b9b1bf238
instanceKlass  @bci org/springframework/boot/context/config/ConfigDataEnvironmentContributors getImportedMessage (Ljava/util/Set;)Ljava/lang/CharSequence; 44 <appendix> form vmentry <vmtarget> ; # java/lang/invoke/LambdaForm$MH+0x0000028b9b1c2800
# instanceKlass java/lang/invoke/LambdaForm$MH+0x0000028b9b1c2400
instanceKlass  @bci org/springframework/boot/context/config/ConfigDataEnvironmentContributors getImportedMessage (Ljava/util/Set;)Ljava/lang/CharSequence; 44 <appendix> argL3 form vmentry <vmtarget> ; # java/lang/invoke/LambdaForm$MH+0x0000028b9b1c2000
# instanceKlass java/lang/invoke/LambdaForm$MH+0x0000028b9b1c1c00
# instanceKlass java/lang/invoke/LambdaForm$MH+0x0000028b9b1c1800
# instanceKlass java/lang/invoke/LambdaForm$MH+0x0000028b9b1c1400
# instanceKlass java/lang/invoke/LambdaForm$MH+0x0000028b9b1c1000
instanceKlass  @bci org/apache/kafka/clients/consumer/internals/AbstractCoordinator$Generation toString ()Ljava/lang/String; 12 <appendix> argL1 argL0 form vmentry <vmtarget> ; # java/lang/invoke/LambdaForm$MH+0x0000028b9b1c0c00
# instanceKlass java/lang/invoke/LambdaForm$MH+0x0000028b9b1c0800
# instanceKlass java/lang/invoke/LambdaForm$MH+0x0000028b9b1c0400
# instanceKlass java/lang/invoke/LambdaForm$MH+0x0000028b9b1c0000
instanceKlass  @bci org/springframework/boot/SpringApplicationRunListeners contextLoaded (Lorg/springframework/context/ConfigurableApplicationContext;)V 4 <appendix> member <vmtarget> ; # org/springframework/boot/SpringApplicationRunListeners$$Lambda+0x0000028b9b1bf000
instanceKlass org/springframework/beans/factory/support/BeanDefinitionReaderUtils
instanceKlass org/springframework/context/annotation/Proxyable
instanceKlass org/springframework/context/annotation/Description
instanceKlass org/springframework/context/annotation/Role
instanceKlass org/springframework/context/annotation/DependsOn
instanceKlass org/springframework/context/annotation/Fallback
instanceKlass org/springframework/context/annotation/Primary
instanceKlass org/springframework/context/annotation/Lazy
instanceKlass  @bci org/springframework/context/annotation/AnnotationBeanNameGenerator getMetaAnnotationTypes (Lorg/springframework/core/annotation/MergedAnnotation;)Ljava/util/Set; 24 <appendix> argL0 ; # org/springframework/context/annotation/AnnotationBeanNameGenerator$$Lambda+0x0000028b9b1bddd8
instanceKlass  @bci org/springframework/context/annotation/AnnotationBeanNameGenerator getMetaAnnotationTypes (Lorg/springframework/core/annotation/MergedAnnotation;)Ljava/util/Set; 14 <appendix> argL0 ; # org/springframework/context/annotation/AnnotationBeanNameGenerator$$Lambda+0x0000028b9b1bdb98
instanceKlass  @bci org/springframework/context/annotation/AnnotationBeanNameGenerator determineBeanNameFromAnnotation (Lorg/springframework/beans/factory/annotation/AnnotatedBeanDefinition;)Ljava/lang/String; 132 <appendix> member <vmtarget> ; # org/springframework/context/annotation/AnnotationBeanNameGenerator$$Lambda+0x0000028b9b1bd950
instanceKlass  @bci org/springframework/core/annotation/AbstractMergedAnnotation asAnnotationAttributes ([Lorg/springframework/core/annotation/MergedAnnotation$Adapt;)Lorg/springframework/core/annotation/AnnotationAttributes; 1 <appendix> argL0 ; # org/springframework/core/annotation/AbstractMergedAnnotation$$Lambda+0x0000028b9b1bd710
instanceKlass  @bci org/springframework/context/annotation/AnnotationBeanNameGenerator determineBeanNameFromAnnotation (Lorg/springframework/beans/factory/annotation/AnnotatedBeanDefinition;)Ljava/lang/String; 30 <appendix> argL0 ; # org/springframework/context/annotation/AnnotationBeanNameGenerator$$Lambda+0x0000028b9b1bd4c0
instanceKlass  @bci org/springframework/core/annotation/TypeMappedAnnotation <init> (Lorg/springframework/core/annotation/AnnotationTypeMapping;Ljava/lang/ClassLoader;Ljava/lang/Object;Ljava/lang/Object;Lorg/springframework/core/annotation/ValueExtractor;I[I)V 100 <appendix> member <vmtarget> ; # org/springframework/core/annotation/TypeMappedAnnotation$$Lambda+0x0000028b9b1bd298
instanceKlass  @bci org/springframework/context/annotation/AnnotationBeanNameGenerator getExplicitBeanName (Lorg/springframework/core/type/AnnotationMetadata;)Ljava/lang/String; 33 <appendix> argL0 ; # org/springframework/context/annotation/AnnotationBeanNameGenerator$$Lambda+0x0000028b9b1bd058
instanceKlass  @bci org/springframework/context/annotation/AnnotationBeanNameGenerator getExplicitBeanName (Lorg/springframework/core/type/AnnotationMetadata;)Ljava/lang/String; 23 <appendix> argL0 ; # org/springframework/context/annotation/AnnotationBeanNameGenerator$$Lambda+0x0000028b9b1bce08
instanceKlass  @bci org/springframework/context/annotation/AnnotationBeanNameGenerator getExplicitBeanName (Lorg/springframework/core/type/AnnotationMetadata;)Ljava/lang/String; 13 <appendix> argL0 ; # org/springframework/context/annotation/AnnotationBeanNameGenerator$$Lambda+0x0000028b9b1bcbc8
instanceKlass org/springframework/core/annotation/TypeMappedAnnotations$Aggregate
instanceKlass org/springframework/core/annotation/TypeMappedAnnotations$AggregatesCollector
instanceKlass org/springframework/core/annotation/TypeMappedAnnotations$AggregatesSpliterator
instanceKlass  @bci org/springframework/core/annotation/AnnotationTypeMappings forAnnotationType (Ljava/lang/Class;Lorg/springframework/core/annotation/RepeatableContainers;Lorg/springframework/core/annotation/AnnotationFilter;Ljava/util/Set;)Lorg/springframework/core/annotation/AnnotationTypeMappings; 43 <appendix> member <vmtarget> ; # org/springframework/core/annotation/AnnotationTypeMappings$$Lambda+0x0000028b9b1bba90
instanceKlass org/springframework/context/annotation/ScopeMetadata
instanceKlass org/springframework/beans/BeanMetadataAttribute
instanceKlass org/springframework/context/annotation/ImportResource
instanceKlass org/springframework/core/Conventions
instanceKlass org/springframework/context/annotation/ConfigurationClassUtils
instanceKlass org/springframework/boot/autoconfigure/AutoConfigurationPackages$Registrar
instanceKlass org/springframework/boot/context/annotation/DeterminableImports
instanceKlass org/springframework/context/annotation/ImportBeanDefinitionRegistrar
instanceKlass org/springframework/context/annotation/ComponentScans
instanceKlass org/springframework/boot/autoconfigure/AutoConfigurationImportSelector
instanceKlass org/springframework/context/annotation/DeferredImportSelector
instanceKlass org/springframework/context/annotation/ImportSelector
instanceKlass java/lang/Deprecated
instanceKlass  @bci org/springframework/core/annotation/AnnotationTypeMapping processAliases (ILjava/util/List;)V 118 <appendix> argL0 ; # org/springframework/core/annotation/AnnotationTypeMapping$$Lambda+0x0000028b9b1b94b8
instanceKlass org/springframework/boot/autoconfigure/AutoConfigurationExcludeFilter
instanceKlass org/springframework/boot/context/TypeExcludeFilter
instanceKlass java/lang/annotation/Repeatable
instanceKlass  @bci sun/reflect/annotation/AnnotationParser parseAnnotationArray (ILjava/lang/Class;Ljava/nio/ByteBuffer;Ljdk/internal/reflect/ConstantPool;Ljava/lang/Class;)Ljava/lang/Object; 15 <appendix> member <vmtarget> ; # sun/reflect/annotation/AnnotationParser$$Lambda+0x0000028b9b0e84b8
instanceKlass org/springframework/context/annotation/Import
instanceKlass org/springframework/boot/autoconfigure/AutoConfigurationPackage
instanceKlass org/springframework/context/annotation/Configuration
instanceKlass org/springframework/context/annotation/ComponentScan$Filter
instanceKlass  @bci org/springframework/core/annotation/AnnotationTypeMapping resolveAliasedForTargets ()Ljava/util/Map; 58 <appendix> argL0 ; # org/springframework/core/annotation/AnnotationTypeMapping$$Lambda+0x0000028b9b1b7588
instanceKlass org/springframework/core/annotation/TypeMappedAnnotations$IsPresent
instanceKlass org/springframework/context/annotation/Conditional
instanceKlass org/springframework/context/annotation/ComponentScan
instanceKlass org/springframework/boot/autoconfigure/EnableAutoConfiguration
instanceKlass org/springframework/boot/SpringBootConfiguration
instanceKlass  @bci sun/reflect/annotation/AnnotationParser parseClassArray (ILjava/nio/ByteBuffer;Ljdk/internal/reflect/ConstantPool;Ljava/lang/Class;)Ljava/lang/Object; 10 <appendix> member <vmtarget> ; # sun/reflect/annotation/AnnotationParser$$Lambda+0x0000028b9b0e8040
instanceKlass org/springframework/boot/autoconfigure/SpringBootApplication
instanceKlass org/springframework/core/type/StandardClassMetadata
instanceKlass org/springframework/core/type/AnnotationMetadata
instanceKlass org/springframework/core/type/ClassMetadata
instanceKlass  @bci org/springframework/beans/factory/xml/XmlBeanDefinitionReader <init> (Lorg/springframework/beans/factory/support/BeanDefinitionRegistry;)V 94 <appendix> argL0 ; # org/springframework/beans/factory/xml/XmlBeanDefinitionReader$$Lambda+0x0000028b9b1b4140
instanceKlass org/springframework/util/xml/XmlValidationModeDetector
instanceKlass org/springframework/util/xml/SimpleSaxErrorHandler
instanceKlass org/springframework/beans/factory/xml/DefaultDocumentLoader
instanceKlass org/springframework/beans/factory/parsing/NullSourceExtractor
instanceKlass org/springframework/beans/factory/parsing/EmptyReaderEventListener
instanceKlass org/springframework/beans/factory/parsing/FailFastProblemReporter
instanceKlass org/springframework/beans/factory/xml/DefaultBeanDefinitionDocumentReader
instanceKlass org/springframework/beans/factory/xml/BeanDefinitionDocumentReader
instanceKlass org/springframework/beans/factory/support/DefaultBeanNameGenerator
instanceKlass org/springframework/beans/factory/xml/NamespaceHandlerResolver
instanceKlass org/xml/sax/EntityResolver
instanceKlass org/xml/sax/ErrorHandler
instanceKlass org/springframework/beans/factory/xml/DocumentLoader
instanceKlass org/springframework/beans/factory/parsing/SourceExtractor
instanceKlass org/springframework/beans/factory/parsing/ReaderEventListener
instanceKlass org/springframework/beans/factory/parsing/ProblemReporter
instanceKlass org/springframework/beans/factory/support/AbstractBeanDefinitionReader
instanceKlass org/springframework/beans/factory/support/BeanDefinitionReader
instanceKlass org/springframework/boot/BeanDefinitionLoader
instanceKlass org/springframework/boot/SpringApplication$PropertySourceOrderingBeanFactoryPostProcessor
instanceKlass  @bci org/springframework/boot/SpringApplication quoteProfiles ([Ljava/lang/String;)Ljava/util/List; 4 <appendix> argL0 ; # org/springframework/boot/SpringApplication$$Lambda+0x0000028b9b1b0eb8
instanceKlass  @bci org/springframework/boot/StartupInfoLogger appendVersion (Ljava/lang/StringBuilder;Ljava/lang/Class;)V 5 <appendix> member <vmtarget> ; # org/springframework/boot/StartupInfoLogger$$Lambda+0x0000028b9b1b0c90
instanceKlass  @bci org/springframework/boot/StartupInfoLogger logStarting (Lorg/apache/commons/logging/Log;)V 23 <appendix> member <vmtarget> ; # org/springframework/boot/StartupInfoLogger$$Lambda+0x0000028b9b1b0a68
instanceKlass ch/qos/logback/core/pattern/SpacePadder
instanceKlass java/time/LocalTime$1
instanceKlass java/time/format/DateTimeFormatterBuilder$2
instanceKlass java/time/LocalDate$1
instanceKlass java/time/ZonedDateTime$1
instanceKlass java/time/temporal/TemporalQueries$7
instanceKlass java/time/temporal/TemporalQueries$6
instanceKlass java/time/temporal/TemporalQueries$5
instanceKlass java/time/temporal/TemporalQueries$4
instanceKlass java/time/temporal/TemporalQueries$3
instanceKlass java/time/temporal/TemporalQueries$2
instanceKlass java/time/temporal/TemporalQueries$1
instanceKlass java/time/temporal/TemporalQueries
instanceKlass java/time/format/DateTimePrintContext
instanceKlass ch/qos/logback/core/util/StringUtil
instanceKlass org/slf4j/helpers/FormattingTuple
instanceKlass org/slf4j/helpers/NormalizedParameters
instanceKlass org/slf4j/helpers/MessageFormatter
instanceKlass ch/qos/logback/classic/spi/EventArgUtil
instanceKlass ch/qos/logback/classic/spi/IThrowableProxy
instanceKlass ch/qos/logback/classic/spi/LoggingEvent
instanceKlass  @bci org/springframework/boot/StartupInfoLogger appendContext (Ljava/lang/StringBuilder;)V 55 <appendix> argL0 ; # org/springframework/boot/StartupInfoLogger$$Lambda+0x0000028b9b1af548
instanceKlass  @bci org/springframework/boot/StartupInfoLogger appendContext (Ljava/lang/StringBuilder;)V 43 <appendix> argL0 ; # org/springframework/boot/StartupInfoLogger$$Lambda+0x0000028b9b1af328
instanceKlass java/lang/StackTraceElement$HashedModules
instanceKlass org/springframework/boot/system/ApplicationHome
instanceKlass org/springframework/core/convert/support/ConversionUtils
instanceKlass java/util/concurrent/ConcurrentLinkedDeque$AbstractItr
instanceKlass org/springframework/core/convert/support/GenericConversionService$ConverterCacheKey
instanceKlass org/springframework/boot/context/properties/source/ConfigurationProperty
instanceKlass org/springframework/boot/origin/PropertySourceOrigin
instanceKlass  @bci org/springframework/boot/StartupInfoLogger appendPid (Ljava/lang/StringBuilder;)V 5 <appendix> member <vmtarget> ; # org/springframework/boot/StartupInfoLogger$$Lambda+0x0000028b9b1ae610
instanceKlass  @bci org/springframework/boot/StartupInfoLogger appendJavaVersion (Ljava/lang/StringBuilder;)V 4 <appendix> argL0 ; # org/springframework/boot/StartupInfoLogger$$Lambda+0x0000028b9b1ae3f0
instanceKlass  @bci org/springframework/boot/StartupInfoLogger appendApplicationVersion (Ljava/lang/StringBuilder;)V 5 <appendix> member <vmtarget> ; # org/springframework/boot/StartupInfoLogger$$Lambda+0x0000028b9b1ae1c8
instanceKlass  @bci org/springframework/boot/StartupInfoLogger appendApplicationName (Ljava/lang/StringBuilder;)V 5 <appendix> member <vmtarget> ; # org/springframework/boot/StartupInfoLogger$$Lambda+0x0000028b9b1adfa0
instanceKlass  @bci org/springframework/boot/StartupInfoLogger appendAotMode (Ljava/lang/StringBuilder;)V 4 <appendix> argL0 ; # org/springframework/boot/StartupInfoLogger$$Lambda+0x0000028b9b1add80
instanceKlass java/util/concurrent/Callable
instanceKlass  @bci org/springframework/boot/StartupInfoLogger logStarting (Lorg/apache/commons/logging/Log;)V 8 <appendix> member <vmtarget> ; # org/springframework/boot/StartupInfoLogger$$Lambda+0x0000028b9b1adb58
instanceKlass org/springframework/boot/StartupInfoLogger
instanceKlass  @bci org/springframework/boot/SpringApplicationRunListeners contextPrepared (Lorg/springframework/context/ConfigurableApplicationContext;)V 4 <appendix> member <vmtarget> ; # org/springframework/boot/SpringApplicationRunListeners$$Lambda+0x0000028b9b1ad700
instanceKlass  @bci org/springframework/boot/io/ProtocolResolverApplicationContextInitializer initialize (Lorg/springframework/context/ConfigurableApplicationContext;)V 24 <appendix> member <vmtarget> ; # org/springframework/boot/io/ProtocolResolverApplicationContextInitializer$$Lambda+0x0000028b9b1ad4c8
instanceKlass org/springframework/boot/io/Base64ProtocolResolver
instanceKlass org/springframework/core/io/ProtocolResolver
instanceKlass org/springframework/boot/context/ConfigurationWarningsApplicationContextInitializer$ComponentScanPackageCheck
instanceKlass org/springframework/boot/context/ConfigurationWarningsApplicationContextInitializer$Check
instanceKlass org/springframework/boot/context/ConfigurationWarningsApplicationContextInitializer$ConfigurationWarningsPostProcessor
instanceKlass org/springframework/boot/autoconfigure/logging/ConditionEvaluationReportLogger
instanceKlass  @bci org/springframework/boot/autoconfigure/logging/ConditionEvaluationReportLoggingListener$ConditionEvaluationReportListener <init> (Lorg/springframework/boot/autoconfigure/logging/ConditionEvaluationReportLoggingListener;Lorg/springframework/context/ConfigurableApplicationContext;)V 29 <appendix> member <vmtarget> ; # org/springframework/boot/autoconfigure/logging/ConditionEvaluationReportLoggingListener$ConditionEvaluationReportListener$$Lambda+0x0000028b9b1ac3c8
instanceKlass org/springframework/boot/autoconfigure/condition/ConditionEvaluationReport$AncestorsMatchedCondition
instanceKlass org/springframework/context/annotation/Condition
instanceKlass org/springframework/boot/autoconfigure/condition/ConditionEvaluationReport
instanceKlass org/springframework/boot/autoconfigure/logging/ConditionEvaluationReportLoggingListener$ConditionEvaluationReportListener
instanceKlass  @bci org/springframework/beans/factory/support/DefaultListableBeanFactory registerSingleton (Ljava/lang/String;Ljava/lang/Object;)V 15 <appendix> member <vmtarget> ; # org/springframework/beans/factory/support/DefaultListableBeanFactory$$Lambda+0x0000028b9b1ab880
instanceKlass  @bci org/springframework/beans/factory/support/DefaultListableBeanFactory registerSingleton (Ljava/lang/String;Ljava/lang/Object;)V 8 <appendix> member <vmtarget> ; # org/springframework/beans/factory/support/DefaultListableBeanFactory$$Lambda+0x0000028b9b1ab648
instanceKlass  @bci org/springframework/beans/factory/support/DefaultListableBeanFactory addSingleton (Ljava/lang/String;Ljava/lang/Object;)V 7 <appendix> member <vmtarget> ; # org/springframework/beans/factory/support/DefaultListableBeanFactory$$Lambda+0x0000028b9b1ab3f0
instanceKlass org/springframework/boot/context/ContextIdApplicationContextInitializer$ContextId
instanceKlass org/springframework/boot/autoconfigure/SharedMetadataReaderFactoryContextInitializer$CachingMetadataReaderFactoryPostProcessor
instanceKlass  @bci org/springframework/boot/SpringApplication applyInitializers (Lorg/springframework/context/ConfigurableApplicationContext;)V 53 <appendix> member <vmtarget> ; # org/springframework/boot/SpringApplication$$Lambda+0x0000028b9b1aad20
instanceKlass  @bci org/springframework/context/index/CandidateComponentsIndexLoader loadIndex (Ljava/lang/ClassLoader;)Lorg/springframework/context/index/CandidateComponentsIndex; 16 <appendix> argL0 ; # org/springframework/context/index/CandidateComponentsIndexLoader$$Lambda+0x0000028b9b1aaae0
instanceKlass org/springframework/context/index/CandidateComponentsIndex
instanceKlass org/springframework/context/index/CandidateComponentsIndexLoader
instanceKlass  @bci org/springframework/core/io/DefaultResourceLoader getResourceCache (Ljava/lang/Class;)Ljava/util/Map; 5 <appendix> argL0 ; # org/springframework/core/io/DefaultResourceLoader$$Lambda+0x0000028b9b1aa458
instanceKlass org/springframework/core/type/classreading/MetadataReader
instanceKlass org/springframework/core/type/classreading/MetadataReaderFactoryDelegate
instanceKlass org/springframework/core/type/classreading/AbstractMetadataReaderFactory
instanceKlass org/springframework/core/io/support/ResourcePatternUtils
instanceKlass org/springframework/stereotype/Indexed
instanceKlass org/springframework/stereotype/Component
instanceKlass org/springframework/core/type/filter/AbstractTypeHierarchyTraversingFilter
instanceKlass org/springframework/core/type/filter/TypeFilter
instanceKlass org/springframework/beans/factory/support/BeanDefinitionDefaults
instanceKlass org/springframework/core/type/classreading/MetadataReaderFactory
instanceKlass org/springframework/context/annotation/ClassPathScanningCandidateComponentProvider
instanceKlass org/springframework/context/event/DefaultEventListenerFactory
instanceKlass org/springframework/context/event/EventListenerFactory
instanceKlass org/springframework/context/event/EventListenerMethodProcessor
instanceKlass org/springframework/beans/factory/SmartInitializingSingleton
instanceKlass org/springframework/beans/factory/annotation/InitDestroyAnnotationBeanPostProcessor
instanceKlass org/springframework/beans/factory/config/DestructionAwareBeanPostProcessor
instanceKlass org/springframework/beans/factory/annotation/AutowiredAnnotationBeanPostProcessor
instanceKlass org/springframework/beans/factory/support/MergedBeanDefinitionPostProcessor
instanceKlass org/springframework/beans/factory/config/SmartInstantiationAwareBeanPostProcessor
instanceKlass org/springframework/beans/factory/config/InstantiationAwareBeanPostProcessor
instanceKlass org/springframework/beans/factory/config/BeanDefinitionHolder
instanceKlass  @bci org/springframework/beans/factory/support/DefaultListableBeanFactory removeManualSingletonName (Ljava/lang/String;)V 8 <appendix> member <vmtarget> ; # org/springframework/beans/factory/support/DefaultListableBeanFactory$$Lambda+0x0000028b9b1a5a98
instanceKlass  @bci org/springframework/beans/factory/support/DefaultListableBeanFactory removeManualSingletonName (Ljava/lang/String;)V 2 <appendix> member <vmtarget> ; # org/springframework/beans/factory/support/DefaultListableBeanFactory$$Lambda+0x0000028b9b1a5860
instanceKlass org/springframework/beans/factory/support/MethodOverrides
instanceKlass org/springframework/context/annotation/ConfigurationClassPostProcessor
instanceKlass org/springframework/context/EnvironmentAware
instanceKlass org/springframework/context/ApplicationStartupAware
instanceKlass org/springframework/context/ResourceLoaderAware
instanceKlass org/springframework/beans/factory/aot/BeanRegistrationAotProcessor
instanceKlass org/springframework/beans/factory/support/BeanDefinitionRegistryPostProcessor
instanceKlass org/springframework/beans/factory/annotation/Qualifier
instanceKlass org/springframework/beans/factory/annotation/Value
instanceKlass org/springframework/aop/TargetSource
instanceKlass jakarta/annotation/PostConstruct
instanceKlass org/springframework/context/annotation/AnnotationConfigUtils
instanceKlass org/springframework/context/annotation/ConditionEvaluator$ConditionContextImpl
instanceKlass org/springframework/context/annotation/ConditionContext
instanceKlass org/springframework/context/annotation/ConditionEvaluator
instanceKlass org/springframework/context/annotation/Scope
instanceKlass org/springframework/context/annotation/AnnotationScopeMetadataResolver
instanceKlass org/springframework/context/annotation/AnnotationBeanNameGenerator
instanceKlass org/springframework/beans/factory/annotation/AnnotatedBeanDefinition
instanceKlass org/springframework/core/type/AnnotatedTypeMetadata
instanceKlass org/springframework/context/annotation/ScopeMetadataResolver
instanceKlass org/springframework/beans/factory/support/BeanNameGenerator
instanceKlass org/springframework/context/annotation/AnnotatedBeanDefinitionReader
instanceKlass org/springframework/beans/factory/support/SimpleAutowireCandidateResolver
instanceKlass org/springframework/beans/factory/support/SimpleInstantiationStrategy
instanceKlass org/springframework/beans/factory/BeanNameAware
instanceKlass org/springframework/beans/factory/ObjectProvider
instanceKlass org/springframework/beans/factory/ObjectFactory
instanceKlass org/springframework/beans/factory/support/AutowireCandidateResolver
instanceKlass org/springframework/util/ReflectionUtils$MethodCallback
instanceKlass org/springframework/beans/factory/InjectionPoint
instanceKlass org/springframework/beans/PropertyValues
instanceKlass org/springframework/core/AttributeAccessorSupport
instanceKlass org/springframework/beans/BeanWrapper
instanceKlass org/springframework/beans/ConfigurablePropertyAccessor
instanceKlass org/springframework/beans/PropertyAccessor
instanceKlass org/springframework/beans/factory/support/InstantiationStrategy
instanceKlass org/springframework/beans/factory/DisposableBean
instanceKlass org/springframework/core/SimpleAliasRegistry
instanceKlass org/springframework/util/AntPathMatcher$PathSeparatorPatternCache
instanceKlass org/springframework/util/AntPathMatcher
instanceKlass  @bci org/springframework/core/io/support/PathMatchingResourcePatternResolver <clinit> ()V 64 <appendix> argL0 ; # org/springframework/core/io/support/PathMatchingResourcePatternResolver$$Lambda+0x0000028b9b196378
instanceKlass  @bci org/springframework/core/io/support/PathMatchingResourcePatternResolver <clinit> ()V 40 <appendix> argL0 ; # org/springframework/core/io/support/PathMatchingResourcePatternResolver$$Lambda+0x0000028b9b196138
instanceKlass org/springframework/util/PathMatcher
instanceKlass org/springframework/core/io/support/PathMatchingResourcePatternResolver
instanceKlass org/springframework/beans/factory/config/BeanDefinition
instanceKlass org/springframework/beans/BeanMetadataElement
instanceKlass org/springframework/core/AttributeAccessor
instanceKlass org/springframework/beans/factory/config/ConfigurableListableBeanFactory
instanceKlass org/springframework/beans/PropertyEditorRegistrar
instanceKlass org/springframework/beans/factory/config/BeanExpressionResolver
instanceKlass org/springframework/core/SmartClassLoader
instanceKlass org/springframework/beans/factory/config/BeanPostProcessor
instanceKlass org/springframework/context/LifecycleProcessor
instanceKlass org/springframework/beans/factory/config/AutowireCapableBeanFactory
instanceKlass org/springframework/beans/factory/support/BeanDefinitionRegistry
instanceKlass org/springframework/core/AliasRegistry
instanceKlass org/springframework/context/annotation/AnnotationConfigRegistry
instanceKlass  @bci org/springframework/boot/DefaultApplicationContextFactory create (Lorg/springframework/boot/WebApplicationType;)Lorg/springframework/context/ConfigurableApplicationContext; 8 <appendix> member <vmtarget> ; # org/springframework/boot/DefaultApplicationContextFactory$$Lambda+0x0000028b9b190460
instanceKlass  @bci org/springframework/boot/DefaultApplicationContextFactory create (Lorg/springframework/boot/WebApplicationType;)Lorg/springframework/context/ConfigurableApplicationContext; 2 <appendix> argL0 ; # org/springframework/boot/DefaultApplicationContextFactory$$Lambda+0x0000028b9b190230
instanceKlass org/springframework/boot/SpringApplicationBannerPrinter$PrintedBanner
# instanceKlass java/lang/invoke/LambdaForm$MH+0x0000028b9b18ec00
instanceKlass org/springframework/boot/SpringBootVersion
instanceKlass jdk/internal/misc/Blocker
instanceKlass org/springframework/core/io/ContextResource
instanceKlass org/springframework/boot/SpringBootBanner
instanceKlass org/springframework/boot/Banner
instanceKlass org/springframework/boot/SpringApplicationBannerPrinter
instanceKlass  @bci org/springframework/boot/DefaultApplicationContextFactory getEnvironmentType (Lorg/springframework/boot/WebApplicationType;)Ljava/lang/Class; 2 <appendix> argL0 ; # org/springframework/boot/DefaultApplicationContextFactory$$Lambda+0x0000028b9b18bb00
instanceKlass org/springframework/boot/EnvironmentConverter
instanceKlass  @bci org/springframework/boot/context/properties/bind/JavaBeanBinder$BeanProperty getValue (Ljava/util/function/Supplier;)Ljava/util/function/Supplier; 11 <appendix> member <vmtarget> ; # org/springframework/boot/context/properties/bind/JavaBeanBinder$BeanProperty$$Lambda+0x0000028b9b18b6c8
instanceKlass  @bci org/springframework/boot/context/properties/bind/JavaBeanBinder determinePropertyName (Lorg/springframework/boot/context/properties/bind/JavaBeanBinder$BeanProperty;)Ljava/lang/String; 51 <appendix> argL0 ; # org/springframework/boot/context/properties/bind/JavaBeanBinder$$Lambda+0x0000028b9b18b488
instanceKlass  @bci org/springframework/boot/context/properties/bind/JavaBeanBinder determinePropertyName (Lorg/springframework/boot/context/properties/bind/JavaBeanBinder$BeanProperty;)Ljava/lang/String; 43 <appendix> member <vmtarget> ; # org/springframework/boot/context/properties/bind/JavaBeanBinder$$Lambda+0x0000028b9b18b240
instanceKlass  @bci org/springframework/boot/context/properties/bind/JavaBeanBinder determinePropertyName (Lorg/springframework/boot/context/properties/bind/JavaBeanBinder$BeanProperty;)Ljava/lang/String; 21 <appendix> argL0 ; # org/springframework/boot/context/properties/bind/JavaBeanBinder$$Lambda+0x0000028b9b18aff0
instanceKlass  @bci org/springframework/boot/context/properties/bind/JavaBeanBinder$Bean getSupplier (Lorg/springframework/boot/context/properties/bind/Bindable;)Lorg/springframework/boot/context/properties/bind/JavaBeanBinder$BeanSupplier; 6 <appendix> member <vmtarget> ; # org/springframework/boot/context/properties/bind/JavaBeanBinder$Bean$$Lambda+0x0000028b9b18adc8
instanceKlass org/springframework/boot/context/properties/bind/JavaBeanBinder$BeanSupplier
instanceKlass  @bci org/springframework/boot/context/properties/bind/JavaBeanBinder$BeanProperties addProperties ([Ljava/lang/reflect/Method;[Ljava/lang/reflect/Field;)V 166 <appendix> argL0 ; # org/springframework/boot/context/properties/bind/JavaBeanBinder$BeanProperties$$Lambda+0x0000028b9b18a968
instanceKlass  @bci org/springframework/boot/context/properties/bind/JavaBeanBinder$BeanProperties addProperties ([Ljava/lang/reflect/Method;[Ljava/lang/reflect/Field;)V 121 <appendix> argL0 ; # org/springframework/boot/context/properties/bind/JavaBeanBinder$BeanProperties$$Lambda+0x0000028b9b18a738
instanceKlass  @bci org/springframework/boot/context/properties/bind/JavaBeanBinder$BeanProperties addMethodIfPossible (Ljava/lang/reflect/Method;Ljava/lang/String;ILjava/util/function/BiConsumer;)V 62 <appendix> member <vmtarget> ; # org/springframework/boot/context/properties/bind/JavaBeanBinder$BeanProperties$$Lambda+0x0000028b9b18a4f0
instanceKlass  @bci org/springframework/boot/context/properties/bind/JavaBeanBinder$BeanProperties addProperties ([Ljava/lang/reflect/Method;[Ljava/lang/reflect/Field;)V 76 <appendix> argL0 ; # org/springframework/boot/context/properties/bind/JavaBeanBinder$BeanProperties$$Lambda+0x0000028b9b18a2c0
instanceKlass org/springframework/boot/context/properties/bind/JavaBeanBinder$BeanProperty
instanceKlass  @bci org/springframework/boot/context/properties/bind/JavaBeanBinder$BeanProperties addProperties (Ljava/lang/Class;)V 40 <appendix> argL0 ; # org/springframework/boot/context/properties/bind/JavaBeanBinder$BeanProperties$$Lambda+0x0000028b9b189e10
instanceKlass  @bci org/springframework/boot/context/properties/bind/JavaBeanBinder$BeanProperties addProperties (Ljava/lang/Class;)V 35 <appendix> argL0 ; # org/springframework/boot/context/properties/bind/JavaBeanBinder$BeanProperties$$Lambda+0x0000028b9b189bd0
# instanceKlass java/lang/invoke/LambdaForm$MH+0x0000028b9b18e800
# instanceKlass java/lang/invoke/LambdaForm$MH+0x0000028b9b18e400
# instanceKlass java/lang/invoke/LambdaForm$MH+0x0000028b9b18e000
# instanceKlass java/lang/invoke/LambdaForm$MH+0x0000028b9b18dc00
# instanceKlass java/lang/invoke/LambdaForm$MH+0x0000028b9b18d800
# instanceKlass org/springframework/boot/context/properties/bind/JavaBeanBinder$BeanProperties$$InjectedInvoker+0x0000028b9b18d400
instanceKlass java/lang/invoke/MethodHandleImpl$BindCaller$InjectedInvokerHolder
# instanceKlass java/lang/invoke/LambdaForm$MH+0x0000028b9b18d000
# instanceKlass java/lang/invoke/LambdaForm$MH+0x0000028b9b18cc00
# instanceKlass java/lang/invoke/LambdaForm$DMH+0x0000028b9b18c800
# instanceKlass java/lang/invoke/LambdaForm$DMH+0x0000028b9b18c400
# instanceKlass java/lang/invoke/LambdaForm$DMH+0x0000028b9b18c000
instanceKlass java/lang/invoke/MethodHandleImpl$ArrayAccessor
instanceKlass java/lang/invoke/MethodHandleImpl$LoopClauses
instanceKlass java/lang/invoke/MethodHandleImpl$CasesHolder
instanceKlass java/lang/invoke/MethodHandleImpl$BindCaller
instanceKlass org/springframework/core/BridgeMethodResolver
instanceKlass  @bci org/springframework/boot/context/properties/bind/JavaBeanBinder$BeanProperties addProperties (Ljava/lang/Class;)V 21 <appendix> argL0 ; # org/springframework/boot/context/properties/bind/JavaBeanBinder$BeanProperties$$Lambda+0x0000028b9b189540
instanceKlass  @bci org/springframework/boot/context/properties/bind/JavaBeanBinder$BeanProperties addProperties (Ljava/lang/Class;)V 16 <appendix> member <vmtarget> ; # org/springframework/boot/context/properties/bind/JavaBeanBinder$BeanProperties$$Lambda+0x0000028b9b1892f8
instanceKlass  @bci org/springframework/boot/context/properties/bind/Bindable withExistingValue (Ljava/lang/Object;)Lorg/springframework/boot/context/properties/bind/Bindable; 64 <appendix> member <vmtarget> ; # org/springframework/boot/context/properties/bind/Bindable$$Lambda+0x0000028b9b188ec0
instanceKlass  @bci org/springframework/boot/context/properties/bind/Bindable withExistingValue (Ljava/lang/Object;)Lorg/springframework/boot/context/properties/bind/Bindable; 51 <appendix> argL0 ; # org/springframework/boot/context/properties/bind/Bindable$$Lambda+0x0000028b9b188ca0
instanceKlass  @bci org/springframework/boot/context/properties/bind/Bindable withExistingValue (Ljava/lang/Object;)Lorg/springframework/boot/context/properties/bind/Bindable; 28 <appendix> member <vmtarget> ; # org/springframework/boot/context/properties/bind/Bindable$$Lambda+0x0000028b9b188a78
instanceKlass org/springframework/boot/autoconfigure/preinitialize/ConversionServiceBackgroundPreinitializer
instanceKlass org/springframework/boot/autoconfigure/preinitialize/CharsetsBackgroundPreinitializer
instanceKlass org/springframework/boot/autoconfigure/preinitialize/BackgroundPreinitializer
instanceKlass  @bci org/springframework/boot/logging/logback/LogbackLoggingSystem getShutdownHandler ()Ljava/lang/Runnable; 1 <appendix> member <vmtarget> ; # org/springframework/boot/logging/logback/LogbackLoggingSystem$$Lambda+0x0000028b9b187c70
instanceKlass  @bci org/springframework/boot/context/logging/LoggingApplicationListener setLogLevels (Lorg/springframework/boot/logging/LoggingSystem;Lorg/springframework/core/env/ConfigurableEnvironment;)V 40 <appendix> member <vmtarget> ; # org/springframework/boot/context/logging/LoggingApplicationListener$$Lambda+0x0000028b9b187a38
instanceKlass  @bci org/springframework/boot/context/logging/LoggingApplicationListener setLogLevels (Lorg/springframework/boot/logging/LoggingSystem;Lorg/springframework/core/env/ConfigurableEnvironment;)V 23 <appendix> argL0 ; # org/springframework/boot/context/logging/LoggingApplicationListener$$Lambda+0x0000028b9b187818
instanceKlass  @bci org/springframework/boot/context/logging/LoggingApplicationListener getLogLevelConfigurer (Lorg/springframework/boot/logging/LoggingSystem;)Ljava/util/function/BiConsumer; 2 <appendix> member <vmtarget> ; # org/springframework/boot/context/logging/LoggingApplicationListener$$Lambda+0x0000028b9b1875e0
instanceKlass  @bci org/springframework/boot/context/logging/LoggingApplicationListener bindLoggerGroups (Lorg/springframework/core/env/ConfigurableEnvironment;)V 31 <appendix> member <vmtarget> ; # org/springframework/boot/context/logging/LoggingApplicationListener$$Lambda+0x0000028b9b1873a8
instanceKlass ch/qos/logback/classic/pattern/TargetLengthBasedClassNameAbbreviator
instanceKlass ch/qos/logback/core/pattern/ConverterUtil
instanceKlass ch/qos/logback/classic/pattern/NamedConverter$CacheMissCalculator
instanceKlass ch/qos/logback/core/pattern/FormatInfo
instanceKlass ch/qos/logback/core/pattern/util/AsIsEscapeUtil
instanceKlass ch/qos/logback/core/pattern/parser/OptionTokenizer
instanceKlass ch/qos/logback/core/pattern/util/RestrictedEscapeUtil
instanceKlass ch/qos/logback/core/pattern/parser/TokenStream
instanceKlass ch/qos/logback/core/pattern/util/RegularEscapeUtil
instanceKlass ch/qos/logback/classic/pattern/EnsureExceptionHandling
instanceKlass  @bci ch/qos/logback/classic/PatternLayout <clinit> ()V 1443 <appendix> argL0 ; # ch/qos/logback/classic/PatternLayout$$Lambda+0x0000028b9b184d40
instanceKlass  @bci ch/qos/logback/classic/PatternLayout <clinit> ()V 1408 <appendix> argL0 ; # ch/qos/logback/classic/PatternLayout$$Lambda+0x0000028b9b1847d8
instanceKlass  @bci ch/qos/logback/classic/PatternLayout <clinit> ()V 1391 <appendix> argL0 ; # ch/qos/logback/classic/PatternLayout$$Lambda+0x0000028b9b1845b8
instanceKlass  @bci ch/qos/logback/classic/PatternLayout <clinit> ()V 1356 <appendix> argL0 ; # ch/qos/logback/classic/PatternLayout$$Lambda+0x0000028b9b184070
instanceKlass  @bci ch/qos/logback/classic/PatternLayout <clinit> ()V 1339 <appendix> argL0 ; # ch/qos/logback/classic/PatternLayout$$Lambda+0x0000028b9b183b28
instanceKlass  @bci ch/qos/logback/classic/PatternLayout <clinit> ()V 1322 <appendix> argL0 ; # ch/qos/logback/classic/PatternLayout$$Lambda+0x0000028b9b1835c0
instanceKlass  @bci ch/qos/logback/classic/PatternLayout <clinit> ()V 1305 <appendix> argL0 ; # ch/qos/logback/classic/PatternLayout$$Lambda+0x0000028b9b183060
instanceKlass  @bci ch/qos/logback/classic/PatternLayout <clinit> ()V 1288 <appendix> argL0 ; # ch/qos/logback/classic/PatternLayout$$Lambda+0x0000028b9b182b00
instanceKlass  @bci ch/qos/logback/classic/PatternLayout <clinit> ()V 1271 <appendix> argL0 ; # ch/qos/logback/classic/PatternLayout$$Lambda+0x0000028b9b1825a0
instanceKlass  @bci ch/qos/logback/classic/PatternLayout <clinit> ()V 1254 <appendix> argL0 ; # ch/qos/logback/classic/PatternLayout$$Lambda+0x0000028b9b182040
instanceKlass  @bci ch/qos/logback/classic/PatternLayout <clinit> ()V 1237 <appendix> argL0 ; # ch/qos/logback/classic/PatternLayout$$Lambda+0x0000028b9b181ae0
instanceKlass  @bci ch/qos/logback/classic/PatternLayout <clinit> ()V 1220 <appendix> argL0 ; # ch/qos/logback/classic/PatternLayout$$Lambda+0x0000028b9b181580
instanceKlass  @bci ch/qos/logback/classic/PatternLayout <clinit> ()V 1204 <appendix> argL0 ; # ch/qos/logback/classic/PatternLayout$$Lambda+0x0000028b9b181020
instanceKlass  @bci ch/qos/logback/classic/PatternLayout <clinit> ()V 1188 <appendix> argL0 ; # ch/qos/logback/classic/PatternLayout$$Lambda+0x0000028b9b180ac0
instanceKlass  @bci ch/qos/logback/classic/PatternLayout <clinit> ()V 1172 <appendix> argL0 ; # ch/qos/logback/classic/PatternLayout$$Lambda+0x0000028b9b180560
instanceKlass  @bci ch/qos/logback/classic/PatternLayout <clinit> ()V 1156 <appendix> argL0 ; # ch/qos/logback/classic/PatternLayout$$Lambda+0x0000028b9b180000
instanceKlass  @bci ch/qos/logback/classic/PatternLayout <clinit> ()V 1140 <appendix> argL0 ; # ch/qos/logback/classic/PatternLayout$$Lambda+0x0000028b9b17f980
instanceKlass  @bci ch/qos/logback/classic/PatternLayout <clinit> ()V 1124 <appendix> argL0 ; # ch/qos/logback/classic/PatternLayout$$Lambda+0x0000028b9b17f420
instanceKlass  @bci ch/qos/logback/classic/PatternLayout <clinit> ()V 1108 <appendix> argL0 ; # ch/qos/logback/classic/PatternLayout$$Lambda+0x0000028b9b17eec0
instanceKlass  @bci ch/qos/logback/classic/PatternLayout <clinit> ()V 1092 <appendix> argL0 ; # ch/qos/logback/classic/PatternLayout$$Lambda+0x0000028b9b17e960
instanceKlass  @bci ch/qos/logback/classic/PatternLayout <clinit> ()V 1076 <appendix> argL0 ; # ch/qos/logback/classic/PatternLayout$$Lambda+0x0000028b9b17e400
instanceKlass  @bci ch/qos/logback/classic/PatternLayout <clinit> ()V 1060 <appendix> argL0 ; # ch/qos/logback/classic/PatternLayout$$Lambda+0x0000028b9b17db60
instanceKlass  @bci ch/qos/logback/classic/PatternLayout <clinit> ()V 1044 <appendix> argL0 ; # ch/qos/logback/classic/PatternLayout$$Lambda+0x0000028b9b17d618
instanceKlass  @bci ch/qos/logback/classic/PatternLayout <clinit> ()V 1012 <appendix> argL0 ; # ch/qos/logback/classic/PatternLayout$$Lambda+0x0000028b9b17d0d8
instanceKlass  @bci ch/qos/logback/classic/PatternLayout <clinit> ()V 980 <appendix> argL0 ; # ch/qos/logback/classic/PatternLayout$$Lambda+0x0000028b9b17cb88
instanceKlass  @bci ch/qos/logback/classic/PatternLayout <clinit> ()V 948 <appendix> argL0 ; # ch/qos/logback/classic/PatternLayout$$Lambda+0x0000028b9b17c640
instanceKlass  @bci ch/qos/logback/classic/PatternLayout <clinit> ()V 916 <appendix> argL0 ; # ch/qos/logback/classic/PatternLayout$$Lambda+0x0000028b9b17c0f8
instanceKlass  @bci ch/qos/logback/classic/PatternLayout <clinit> ()V 884 <appendix> argL0 ; # ch/qos/logback/classic/PatternLayout$$Lambda+0x0000028b9b17bb98
instanceKlass  @bci ch/qos/logback/classic/PatternLayout <clinit> ()V 868 <appendix> argL0 ; # ch/qos/logback/classic/PatternLayout$$Lambda+0x0000028b9b17b978
instanceKlass  @bci ch/qos/logback/classic/PatternLayout <clinit> ()V 852 <appendix> argL0 ; # ch/qos/logback/classic/PatternLayout$$Lambda+0x0000028b9b17b430
instanceKlass  @bci ch/qos/logback/classic/PatternLayout <clinit> ()V 836 <appendix> argL0 ; # ch/qos/logback/classic/PatternLayout$$Lambda+0x0000028b9b17b210
instanceKlass  @bci ch/qos/logback/classic/PatternLayout <clinit> ()V 820 <appendix> argL0 ; # ch/qos/logback/classic/PatternLayout$$Lambda+0x0000028b9b17acc0
instanceKlass  @bci ch/qos/logback/classic/PatternLayout <clinit> ()V 804 <appendix> argL0 ; # ch/qos/logback/classic/PatternLayout$$Lambda+0x0000028b9b17aaa0
instanceKlass  @bci ch/qos/logback/classic/PatternLayout <clinit> ()V 788 <appendix> argL0 ; # ch/qos/logback/classic/PatternLayout$$Lambda+0x0000028b9b17a880
instanceKlass  @bci ch/qos/logback/classic/PatternLayout <clinit> ()V 772 <appendix> argL0 ; # ch/qos/logback/classic/PatternLayout$$Lambda+0x0000028b9b17a660
instanceKlass  @bci ch/qos/logback/classic/PatternLayout <clinit> ()V 756 <appendix> argL0 ; # ch/qos/logback/classic/PatternLayout$$Lambda+0x0000028b9b17a440
instanceKlass  @bci ch/qos/logback/classic/PatternLayout <clinit> ()V 740 <appendix> argL0 ; # ch/qos/logback/classic/PatternLayout$$Lambda+0x0000028b9b17a220
instanceKlass  @bci ch/qos/logback/classic/PatternLayout <clinit> ()V 724 <appendix> argL0 ; # ch/qos/logback/classic/PatternLayout$$Lambda+0x0000028b9b179ca0
instanceKlass  @bci ch/qos/logback/classic/PatternLayout <clinit> ()V 708 <appendix> argL0 ; # ch/qos/logback/classic/PatternLayout$$Lambda+0x0000028b9b179a80
instanceKlass  @bci ch/qos/logback/classic/PatternLayout <clinit> ()V 692 <appendix> argL0 ; # ch/qos/logback/classic/PatternLayout$$Lambda+0x0000028b9b179860
instanceKlass  @bci ch/qos/logback/classic/PatternLayout <clinit> ()V 676 <appendix> argL0 ; # ch/qos/logback/classic/PatternLayout$$Lambda+0x0000028b9b179640
instanceKlass  @bci ch/qos/logback/classic/PatternLayout <clinit> ()V 644 <appendix> argL0 ; # ch/qos/logback/classic/PatternLayout$$Lambda+0x0000028b9b1790f0
instanceKlass  @bci ch/qos/logback/classic/PatternLayout <clinit> ()V 628 <appendix> argL0 ; # ch/qos/logback/classic/PatternLayout$$Lambda+0x0000028b9b178ed0
instanceKlass  @bci ch/qos/logback/classic/PatternLayout <clinit> ()V 596 <appendix> argL0 ; # ch/qos/logback/classic/PatternLayout$$Lambda+0x0000028b9b178988
instanceKlass  @bci ch/qos/logback/classic/PatternLayout <clinit> ()V 580 <appendix> argL0 ; # ch/qos/logback/classic/PatternLayout$$Lambda+0x0000028b9b178768
instanceKlass  @bci ch/qos/logback/classic/PatternLayout <clinit> ()V 548 <appendix> argL0 ; # ch/qos/logback/classic/PatternLayout$$Lambda+0x0000028b9b178220
instanceKlass  @bci ch/qos/logback/classic/PatternLayout <clinit> ()V 532 <appendix> argL0 ; # ch/qos/logback/classic/PatternLayout$$Lambda+0x0000028b9b178000
instanceKlass  @bci ch/qos/logback/classic/PatternLayout <clinit> ()V 500 <appendix> argL0 ; # ch/qos/logback/classic/PatternLayout$$Lambda+0x0000028b9b177900
instanceKlass  @bci ch/qos/logback/classic/PatternLayout <clinit> ()V 484 <appendix> argL0 ; # ch/qos/logback/classic/PatternLayout$$Lambda+0x0000028b9b1776e0
instanceKlass  @bci ch/qos/logback/classic/PatternLayout <clinit> ()V 452 <appendix> argL0 ; # ch/qos/logback/classic/PatternLayout$$Lambda+0x0000028b9b177178
instanceKlass  @bci ch/qos/logback/classic/PatternLayout <clinit> ()V 436 <appendix> argL0 ; # ch/qos/logback/classic/PatternLayout$$Lambda+0x0000028b9b176f58
instanceKlass  @bci ch/qos/logback/classic/PatternLayout <clinit> ()V 420 <appendix> argL0 ; # ch/qos/logback/classic/PatternLayout$$Lambda+0x0000028b9b176d38
instanceKlass  @bci ch/qos/logback/classic/PatternLayout <clinit> ()V 388 <appendix> argL0 ; # ch/qos/logback/classic/PatternLayout$$Lambda+0x0000028b9b1767f0
instanceKlass  @bci ch/qos/logback/classic/PatternLayout <clinit> ()V 372 <appendix> argL0 ; # ch/qos/logback/classic/PatternLayout$$Lambda+0x0000028b9b1765d0
instanceKlass  @bci ch/qos/logback/classic/PatternLayout <clinit> ()V 356 <appendix> argL0 ; # ch/qos/logback/classic/PatternLayout$$Lambda+0x0000028b9b1763b0
instanceKlass ch/qos/logback/classic/pattern/Abbreviator
instanceKlass  @bci ch/qos/logback/classic/PatternLayout <clinit> ()V 324 <appendix> argL0 ; # ch/qos/logback/classic/PatternLayout$$Lambda+0x0000028b9b175900
instanceKlass  @bci ch/qos/logback/classic/PatternLayout <clinit> ()V 308 <appendix> argL0 ; # ch/qos/logback/classic/PatternLayout$$Lambda+0x0000028b9b1756e0
instanceKlass  @bci ch/qos/logback/classic/PatternLayout <clinit> ()V 276 <appendix> argL0 ; # ch/qos/logback/classic/PatternLayout$$Lambda+0x0000028b9b175198
instanceKlass  @bci ch/qos/logback/classic/PatternLayout <clinit> ()V 260 <appendix> argL0 ; # ch/qos/logback/classic/PatternLayout$$Lambda+0x0000028b9b174f78
instanceKlass  @bci ch/qos/logback/classic/PatternLayout <clinit> ()V 244 <appendix> argL0 ; # ch/qos/logback/classic/PatternLayout$$Lambda+0x0000028b9b174d58
instanceKlass  @bci ch/qos/logback/classic/PatternLayout <clinit> ()V 212 <appendix> argL0 ; # ch/qos/logback/classic/PatternLayout$$Lambda+0x0000028b9b174810
instanceKlass  @bci ch/qos/logback/classic/PatternLayout <clinit> ()V 196 <appendix> argL0 ; # ch/qos/logback/classic/PatternLayout$$Lambda+0x0000028b9b1745f0
instanceKlass  @bci ch/qos/logback/classic/PatternLayout <clinit> ()V 164 <appendix> argL0 ; # ch/qos/logback/classic/PatternLayout$$Lambda+0x0000028b9b1740a0
instanceKlass  @bci ch/qos/logback/classic/PatternLayout <clinit> ()V 148 <appendix> argL0 ; # ch/qos/logback/classic/PatternLayout$$Lambda+0x0000028b9b173e80
instanceKlass  @bci ch/qos/logback/classic/PatternLayout <clinit> ()V 116 <appendix> argL0 ; # ch/qos/logback/classic/PatternLayout$$Lambda+0x0000028b9b173938
instanceKlass  @bci ch/qos/logback/classic/PatternLayout <clinit> ()V 100 <appendix> argL0 ; # ch/qos/logback/classic/PatternLayout$$Lambda+0x0000028b9b173718
instanceKlass  @bci ch/qos/logback/classic/PatternLayout <clinit> ()V 68 <appendix> argL0 ; # ch/qos/logback/classic/PatternLayout$$Lambda+0x0000028b9b1731d0
instanceKlass  @bci ch/qos/logback/classic/PatternLayout <clinit> ()V 52 <appendix> argL0 ; # ch/qos/logback/classic/PatternLayout$$Lambda+0x0000028b9b172fb0
instanceKlass  @bci ch/qos/logback/core/pattern/parser/Parser <clinit> ()V 38 <appendix> argL0 ; # ch/qos/logback/core/pattern/parser/Parser$$Lambda+0x0000028b9b172a68
instanceKlass  @bci ch/qos/logback/core/pattern/parser/Parser <clinit> ()V 22 <appendix> argL0 ; # ch/qos/logback/core/pattern/parser/Parser$$Lambda+0x0000028b9b172510
instanceKlass ch/qos/logback/core/pattern/parser/Token
instanceKlass ch/qos/logback/core/pattern/parser/Node
instanceKlass ch/qos/logback/core/pattern/util/IEscapeUtil
instanceKlass ch/qos/logback/core/pattern/PostCompileProcessor
instanceKlass java/util/logging/Logger$SystemLoggerHelper$1
instanceKlass java/util/logging/Logger$SystemLoggerHelper
instanceKlass ch/qos/logback/classic/jul/JULHelper
instanceKlass java/util/Vector$Itr
instanceKlass ch/qos/logback/core/subst/NodeToStringTransformer$1
instanceKlass ch/qos/logback/core/subst/Node
instanceKlass ch/qos/logback/core/subst/Parser$1
instanceKlass ch/qos/logback/core/subst/Parser
instanceKlass ch/qos/logback/core/subst/Token
instanceKlass ch/qos/logback/core/subst/Tokenizer
instanceKlass ch/qos/logback/core/subst/NodeToStringTransformer
instanceKlass  @bci org/springframework/boot/logging/logback/DefaultLogbackConfiguration defaults (Lorg/springframework/boot/logging/logback/LogbackConfigurator;)V 57 <appendix> argL0 ; # org/springframework/boot/logging/logback/DefaultLogbackConfiguration$$Lambda+0x0000028b9b16aee0
instanceKlass  @bci org/springframework/boot/logging/logback/DefaultLogbackConfiguration defaults (Lorg/springframework/boot/logging/logback/LogbackConfigurator;)V 44 <appendix> argL0 ; # org/springframework/boot/logging/logback/DefaultLogbackConfiguration$$Lambda+0x0000028b9b16a610
instanceKlass  @bci org/springframework/boot/logging/logback/DefaultLogbackConfiguration defaults (Lorg/springframework/boot/logging/logback/LogbackConfigurator;)V 31 <appendix> argL0 ; # org/springframework/boot/logging/logback/DefaultLogbackConfiguration$$Lambda+0x0000028b9b16a0a0
instanceKlass  @bci org/springframework/boot/logging/logback/DefaultLogbackConfiguration defaults (Lorg/springframework/boot/logging/logback/LogbackConfigurator;)V 18 <appendix> argL0 ; # org/springframework/boot/logging/logback/DefaultLogbackConfiguration$$Lambda+0x0000028b9b169b40
instanceKlass  @bci org/springframework/boot/logging/logback/DefaultLogbackConfiguration defaults (Lorg/springframework/boot/logging/logback/LogbackConfigurator;)V 5 <appendix> argL0 ; # org/springframework/boot/logging/logback/DefaultLogbackConfiguration$$Lambda+0x0000028b9b1695f8
instanceKlass  @bci org/springframework/boot/logging/logback/DefaultLogbackConfiguration <clinit> ()V 45 <appendix> form vmentry <vmtarget> ; # java/lang/invoke/LambdaForm$MH+0x0000028b9b16ec00
# instanceKlass java/lang/invoke/LambdaForm$MH+0x0000028b9b16e800
# instanceKlass java/lang/invoke/LambdaForm$MH+0x0000028b9b16e400
instanceKlass  @bci org/springframework/boot/logging/logback/DefaultLogbackConfiguration <clinit> ()V 45 <appendix> argL4 form vmentry <vmtarget> ; # java/lang/invoke/LambdaForm$MH+0x0000028b9b16e000
# instanceKlass java/lang/invoke/LambdaForm$MH+0x0000028b9b16dc00
# instanceKlass java/lang/invoke/LambdaForm$MH+0x0000028b9b16d800
# instanceKlass java/lang/invoke/LambdaForm$MH+0x0000028b9b16d400
# instanceKlass java/lang/invoke/LambdaForm$MH+0x0000028b9b16d000
instanceKlass  @bci org/springframework/boot/logging/logback/DefaultLogbackConfiguration <clinit> ()V 45 <appendix> argL1 form vmentry <vmtarget> ; # java/lang/invoke/LambdaForm$MH+0x0000028b9b16cc00
# instanceKlass java/lang/invoke/LambdaForm$MH+0x0000028b9b16c800
# instanceKlass java/lang/invoke/LambdaForm$MH+0x0000028b9b16c400
# instanceKlass java/lang/invoke/LambdaForm$MH+0x0000028b9b16c000
instanceKlass  @bci java/util/Collections$UnmodifiableMap$UnmodifiableEntrySet entryConsumer (Ljava/util/function/Consumer;)Ljava/util/function/Consumer; 1 <appendix> member <vmtarget> ; # java/util/Collections$UnmodifiableMap$UnmodifiableEntrySet$$Lambda+0x0000028b9b0e4290
instanceKlass  @bci org/springframework/boot/logging/logback/ColorConverter getName (Lorg/springframework/boot/ansi/AnsiElement;)Ljava/lang/String; 24 <appendix> argL0 ; # org/springframework/boot/logging/logback/ColorConverter$$Lambda+0x0000028b9b1693b8
instanceKlass  @bci org/springframework/boot/logging/logback/ColorConverter getName (Lorg/springframework/boot/ansi/AnsiElement;)Ljava/lang/String; 14 <appendix> member <vmtarget> ; # org/springframework/boot/logging/logback/ColorConverter$$Lambda+0x0000028b9b169160
instanceKlass java/util/HashMap$HashMapSpliterator
instanceKlass java/util/Collections$UnmodifiableMap$UnmodifiableEntrySet$UnmodifiableEntrySetSpliterator
instanceKlass  @bci org/springframework/boot/logging/logback/ColorConverter <clinit> ()V 25 <appendix> member <vmtarget> ; # org/springframework/boot/logging/logback/ColorConverter$$Lambda+0x0000028b9b168f28
instanceKlass  @bci org/springframework/boot/logging/logback/ColorConverter <clinit> ()V 14 <appendix> argL0 ; # org/springframework/boot/logging/logback/ColorConverter$$Lambda+0x0000028b9b168cd8
instanceKlass ch/qos/logback/core/rolling/RollingPolicy
instanceKlass org/springframework/boot/logging/logback/DefaultLogbackConfiguration
instanceKlass  @bci org/springframework/boot/logging/logback/LogbackLoggingSystem lambda$loadDefaults$0 (Lch/qos/logback/classic/LoggerContext;Lorg/springframework/boot/logging/LoggingInitializationContext;Lorg/springframework/boot/logging/LogFile;)V 59 <appendix> member <vmtarget> ; # org/springframework/boot/logging/logback/LogbackLoggingSystem$$Lambda+0x0000028b9b165000
instanceKlass  @cpi org/springframework/boot/logging/logback/LogbackLoggingSystem 826 form vmentry <vmtarget> ; # java/lang/invoke/LambdaForm$DMH+0x0000028b9b164800
instanceKlass  @bci org/springframework/boot/logging/logback/SystemStatusListener retrospectivePrint ()V 45 <appendix> member <vmtarget> ; # org/springframework/boot/logging/logback/SystemStatusListener$$Lambda+0x0000028b9b167cc0
instanceKlass  @bci org/springframework/boot/logging/logback/SystemStatusListener retrospectivePrint ()V 34 <appendix> member <vmtarget> ; # org/springframework/boot/logging/logback/SystemStatusListener$$Lambda+0x0000028b9b167a70
instanceKlass  @cpi org/apache/kafka/clients/consumer/internals/SubscriptionState 853 form vmentry <vmtarget> ; # java/lang/invoke/LambdaForm$DMH+0x0000028b9b164400
instanceKlass  @bci org/springframework/boot/logging/logback/LogbackLoggingSystem loadDefaults (Lorg/springframework/boot/logging/LoggingInitializationContext;Lorg/springframework/boot/logging/LogFile;)V 15 <appendix> member <vmtarget> ; # org/springframework/boot/logging/logback/LogbackLoggingSystem$$Lambda+0x0000028b9b166e10
instanceKlass java/util/concurrent/Executors$DefaultThreadFactory
instanceKlass ch/qos/logback/core/util/ExecutorServiceUtil$1
instanceKlass java/util/concurrent/ScheduledExecutorService
instanceKlass ch/qos/logback/core/util/ExecutorServiceUtil
instanceKlass ch/qos/logback/core/LifeCycleManager
instanceKlass  @bci org/springframework/boot/logging/logback/LogbackLoggingSystem putInitializationContextObjects (Lch/qos/logback/classic/LoggerContext;Lorg/springframework/boot/logging/LoggingInitializationContext;)V 3 <appendix> member <vmtarget> ; # org/springframework/boot/logging/logback/LogbackLoggingSystem$$Lambda+0x0000028b9b166218
instanceKlass org/springframework/boot/logging/LoggingInitializationContext
instanceKlass org/springframework/boot/logging/LoggerGroup
instanceKlass  @bci org/springframework/boot/logging/LoggerGroups putAll (Ljava/util/Map;)V 2 <appendix> member <vmtarget> ; # org/springframework/boot/logging/LoggerGroups$$Lambda+0x0000028b9b163b90
instanceKlass org/springframework/boot/logging/LoggerGroups
instanceKlass org/springframework/boot/logging/LogFile
instanceKlass  @bci org/springframework/boot/logging/LoggingSystemProperties apply (Lorg/springframework/boot/logging/LogFile;Lorg/springframework/core/env/PropertyResolver;)V 83 <appendix> member <vmtarget> ; # org/springframework/boot/logging/LoggingSystemProperties$$Lambda+0x0000028b9b1630a0
instanceKlass  @bci org/springframework/boot/logging/LoggingSystemProperties apply (Lorg/springframework/boot/logging/LogFile;Lorg/springframework/core/env/PropertyResolver;)V 69 <appendix> member <vmtarget> ; # org/springframework/boot/logging/LoggingSystemProperties$$Lambda+0x0000028b9b162e58
instanceKlass  @bci org/springframework/boot/logging/LoggingSystemProperties setSystemProperty (Lorg/springframework/boot/logging/LoggingSystemProperty;Lorg/springframework/core/env/PropertyResolver;Ljava/lang/String;)V 4 <appendix> argL0 ; # org/springframework/boot/logging/LoggingSystemProperties$$Lambda+0x0000028b9b162c18
instanceKlass java/io/Console$1
instanceKlass jdk/internal/access/JavaIOAccess
instanceKlass java/io/PrintWriter$1
instanceKlass jdk/internal/access/JavaIOPrintWriterAccess
instanceKlass sun/nio/cs/ArrayEncoder
instanceKlass jdk/internal/io/JdkConsoleImpl
instanceKlass jdk/internal/org/jline/JdkConsoleProviderImpl$LazyDelegatingJdkConsoleImpl
instanceKlass jdk/internal/org/jline/JdkConsoleProviderImpl
instanceKlass jdk/internal/io/JdkConsole
instanceKlass jdk/jshell/execution/impl/ConsoleImpl$ConsoleProviderImpl
instanceKlass java/util/ServiceLoader$LayerLookupIterator
instanceKlass jdk/internal/io/JdkConsoleProvider
instanceKlass java/io/Console$2
instanceKlass java/io/Console
instanceKlass  @bci org/springframework/boot/logging/LoggingSystemProperties setSystemProperty (Lorg/springframework/boot/logging/LoggingSystemProperty;Lorg/springframework/core/env/PropertyResolver;)V 3 <appendix> argL0 ; # org/springframework/boot/logging/LoggingSystemProperties$$Lambda+0x0000028b9b1622a8
instanceKlass  @bci org/springframework/boot/logging/AbstractLoggingSystem getDefaultValueResolver (Lorg/springframework/core/env/Environment;)Ljava/util/function/Function; 7 <appendix> member <vmtarget> ; # org/springframework/boot/logging/AbstractLoggingSystem$$Lambda+0x0000028b9b161c20
instanceKlass  @bci org/springframework/boot/logging/LoggingSystemProperties <clinit> ()V 0 <appendix> argL0 ; # org/springframework/boot/logging/LoggingSystemProperties$$Lambda+0x0000028b9b1619f0
instanceKlass  @cpi sun/security/pkcs/PKCS9Attribute 571 form vmentry <vmtarget> ; # java/lang/invoke/LambdaForm$DMH+0x0000028b9b164000
instanceKlass org/springframework/boot/ansi/AnsiElement
instanceKlass  @bci org/springframework/boot/support/AnsiOutputApplicationListener onApplicationEvent (Lorg/springframework/boot/context/event/ApplicationEnvironmentPreparedEvent;)V 16 <appendix> argL0 ; # org/springframework/boot/support/AnsiOutputApplicationListener$$Lambda+0x0000028b9b160d78
instanceKlass org/springframework/boot/ansi/AnsiOutput
instanceKlass  @bci org/springframework/boot/context/config/InvalidConfigDataPropertyException throwIfPropertyFound (Lorg/springframework/boot/context/config/ConfigDataEnvironmentContributor;)V 14 <appendix> member <vmtarget> ; # org/springframework/boot/context/config/InvalidConfigDataPropertyException$$Lambda+0x0000028b9b1606f0
instanceKlass  @bci org/springframework/boot/context/config/ConfigDataEnvironmentContributor hasAnyProfileSpecificChildren (Ljava/util/List;)Z 73 <appendix> argL0 ; # org/springframework/boot/context/config/ConfigDataEnvironmentContributor$$Lambda+0x0000028b9b160228
instanceKlass  @bci org/springframework/boot/context/config/ConfigDataLocationResolvers resolve (Lorg/springframework/boot/context/config/ConfigDataLocationResolver;Lorg/springframework/boot/context/config/ConfigDataLocationResolverContext;Lorg/springframework/boot/context/config/ConfigDataLocation;Lorg/springframework/boot/context/config/Profiles;)Ljava/util/List; 32 <appendix> member <vmtarget> ; # org/springframework/boot/context/config/ConfigDataLocationResolvers$$Lambda+0x0000028b9b160000
instanceKlass  @bci org/springframework/boot/context/config/Profiles expandProfiles (Ljava/util/List;)Ljava/util/List; 92 <appendix> member <vmtarget> ; # org/springframework/boot/context/config/Profiles$$Lambda+0x0000028b9b15fca8
instanceKlass  @bci org/springframework/boot/context/config/Profiles expandProfiles (Ljava/util/List;)Ljava/util/List; 19 <appendix> member <vmtarget> ; # org/springframework/boot/context/config/Profiles$$Lambda+0x0000028b9b15fa70
instanceKlass  @cpi org/springframework/boot/context/properties/ConfigurationPropertiesBinder 426 form vmentry <vmtarget> ; # java/lang/invoke/LambdaForm$DMH+0x0000028b9b15dc00
instanceKlass  @bci org/springframework/boot/context/config/Profiles getProfiles (Lorg/springframework/core/env/Environment;Lorg/springframework/boot/context/properties/bind/Binder;Lorg/springframework/boot/context/config/ProfilesValidator;Lorg/springframework/boot/context/config/Profiles$Type;)Ljava/util/Collection; 42 <appendix> member <vmtarget> ; # org/springframework/boot/context/config/Profiles$$Lambda+0x0000028b9b15f848
instanceKlass  @bci org/springframework/boot/context/config/Profiles$Type <clinit> ()V 33 <appendix> argL0 ; # org/springframework/boot/context/config/Profiles$Type$$Lambda+0x0000028b9b15f410
instanceKlass  @bci org/springframework/boot/context/config/Profiles$Type <clinit> ()V 9 <appendix> argL0 ; # org/springframework/boot/context/config/Profiles$Type$$Lambda+0x0000028b9b15f1d0
instanceKlass  @bci org/springframework/boot/context/config/Profiles <init> (Lorg/springframework/core/env/Environment;Lorg/springframework/boot/context/properties/bind/Binder;Ljava/util/Collection;)V 37 <appendix> argL0 ; # org/springframework/boot/context/config/Profiles$$Lambda+0x0000028b9b15ed60
instanceKlass org/springframework/boot/context/properties/bind/MapBinder$EntryBinder
instanceKlass  @bci org/springframework/boot/context/properties/bind/MapBinder bindAggregate (Lorg/springframework/boot/context/properties/source/ConfigurationPropertyName;Lorg/springframework/boot/context/properties/bind/Bindable;Lorg/springframework/boot/context/properties/bind/AggregateElementBinder;)Ljava/lang/Object; 186 <appendix> member <vmtarget> ; # org/springframework/boot/context/properties/bind/MapBinder$$Lambda+0x0000028b9b15e8f0
instanceKlass  @bci org/springframework/boot/context/config/ProfilesValidator validate (Ljava/lang/Object;)V 22 <appendix> member <vmtarget> ; # org/springframework/boot/context/config/ProfilesValidator$$Lambda+0x0000028b9b15e6b8
instanceKlass  @bci org/springframework/boot/context/config/Profiles <init> (Lorg/springframework/core/env/Environment;Lorg/springframework/boot/context/properties/bind/Binder;Ljava/util/Collection;)V 17 <appendix> argL0 ; # org/springframework/boot/context/config/Profiles$$Lambda+0x0000028b9b15e498
instanceKlass  @bci org/springframework/boot/context/config/ConfigDataEnvironment getIncludedProfiles (Lorg/springframework/boot/context/config/ConfigDataEnvironmentContributors;Lorg/springframework/boot/context/config/ConfigDataActivationContext;)Ljava/util/Collection; 117 <appendix> member <vmtarget> ; # org/springframework/boot/context/config/ConfigDataEnvironment$$Lambda+0x0000028b9b15e260
instanceKlass  @bci org/springframework/boot/context/properties/bind/CollectionBinder bindAggregate (Lorg/springframework/boot/context/properties/source/ConfigurationPropertyName;Lorg/springframework/boot/context/properties/bind/Bindable;Lorg/springframework/boot/context/properties/bind/AggregateElementBinder;)Ljava/lang/Object; 38 <appendix> member <vmtarget> ; # org/springframework/boot/context/properties/bind/CollectionBinder$$Lambda+0x0000028b9b15bdc0
instanceKlass org/springframework/boot/context/config/ProfilesValidator
instanceKlass org/springframework/boot/context/config/Profiles
instanceKlass  @bci org/springframework/boot/context/config/ConfigDataEnvironment withProfiles (Lorg/springframework/boot/context/config/ConfigDataEnvironmentContributors;Lorg/springframework/boot/context/config/ConfigDataActivationContext;)Lorg/springframework/boot/context/config/ConfigDataActivationContext; 14 <appendix> argL0 ; # org/springframework/boot/context/config/ConfigDataEnvironment$$Lambda+0x0000028b9b15b900
instanceKlass  @bci org/springframework/boot/cloud/CloudPlatform$7 isDetected (Lorg/springframework/core/env/Environment;)Z 15 <appendix> member <vmtarget> ; # org/springframework/boot/cloud/CloudPlatform$7$$Lambda+0x0000028b9b15b6a8
instanceKlass  @bci org/springframework/boot/context/config/ConfigDataEnvironmentContributors getBinderSources (Ljava/util/function/Predicate;)Ljava/util/Iterator; 24 <appendix> argL0 ; # org/springframework/boot/context/config/ConfigDataEnvironmentContributors$$Lambda+0x0000028b9b15b468
instanceKlass  @bci org/springframework/boot/context/config/ConfigDataEnvironmentContributors getBinderSources (Ljava/util/function/Predicate;)Ljava/util/Iterator; 8 <appendix> member <vmtarget> ; # org/springframework/boot/context/config/ConfigDataEnvironmentContributors$$Lambda+0x0000028b9b15b210
instanceKlass  @bci java/util/function/Predicate and (Ljava/util/function/Predicate;)Ljava/util/function/Predicate; 7 <appendix> member <vmtarget> ; # java/util/function/Predicate$$Lambda+0x0000028b9b0e1408
instanceKlass  @cpi java/util/function/Predicate 72 form vmentry <vmtarget> ; # java/lang/invoke/LambdaForm$DMH+0x0000028b9b15d800
instanceKlass  @bci org/springframework/boot/context/config/ConfigDataEnvironmentContributors lambda$getBinder$0 (Ljava/util/function/Predicate;ZLorg/springframework/boot/context/config/ConfigDataActivationContext;)Ljava/util/Iterator; 4 <appendix> form vmentry <vmtarget> ; # java/lang/invoke/LambdaForm$DMH+0x0000028b9b15d400
instanceKlass  @bci org/springframework/boot/context/config/ConfigDataEnvironmentContributors lambda$getBinder$0 (Ljava/util/function/Predicate;ZLorg/springframework/boot/context/config/ConfigDataActivationContext;)Ljava/util/Iterator; 4 <appendix> member <vmtarget> ; # org/springframework/boot/context/config/ConfigDataEnvironmentContributors$$Lambda+0x0000028b9b15afb8
instanceKlass  @cpi org/springframework/boot/context/config/ConfigDataEnvironmentContributors 513 form vmentry <vmtarget> ; # java/lang/invoke/LambdaForm$DMH+0x0000028b9b15d000
instanceKlass org/springframework/boot/context/config/ConfigDataEnvironmentContributors$InactiveSourceChecker
instanceKlass  @bci org/springframework/boot/context/config/ConfigDataEnvironmentContributors getBinder (Lorg/springframework/boot/context/config/ConfigDataActivationContext;Ljava/util/function/Predicate;Ljava/util/Set;)Lorg/springframework/boot/context/properties/bind/Binder; 16 <adapter> ; # java/lang/invoke/LambdaForm$MH+0x0000028b9b15cc00
# instanceKlass java/lang/invoke/LambdaForm$DMH+0x0000028b9b15c800
instanceKlass  @bci org/springframework/boot/context/config/ConfigDataEnvironmentContributors getBinder (Lorg/springframework/boot/context/config/ConfigDataActivationContext;Ljava/util/function/Predicate;Ljava/util/Set;)Lorg/springframework/boot/context/properties/bind/Binder; 16 <appendix> form vmentry <vmtarget> ; # java/lang/invoke/LambdaForm$DMH+0x0000028b9b15c400
instanceKlass  @bci org/springframework/boot/context/config/ConfigDataEnvironmentContributors getBinder (Lorg/springframework/boot/context/config/ConfigDataActivationContext;Ljava/util/function/Predicate;Ljava/util/Set;)Lorg/springframework/boot/context/properties/bind/Binder; 16 <appendix> member <vmtarget> ; # org/springframework/boot/context/config/ConfigDataEnvironmentContributors$$Lambda+0x0000028b9b15ab00
instanceKlass  @cpi org/springframework/context/support/DefaultLifecycleProcessor 601 form vmentry <vmtarget> ; # java/lang/invoke/LambdaForm$DMH+0x0000028b9b15c000
instanceKlass org/springframework/boot/context/properties/bind/DefaultValue
instanceKlass org/springframework/boot/context/properties/bind/DataObjectPropertyName
instanceKlass org/springframework/boot/context/properties/bind/ValueObjectBinder$ConstructorParameter
instanceKlass org/springframework/core/SerializableTypeWrapper$MethodInvokeTypeProvider
instanceKlass  @bci java/lang/reflect/Proxy getProxyConstructor (Ljava/lang/Class;Ljava/lang/ClassLoader;[Ljava/lang/Class;)Ljava/lang/reflect/Constructor; 80 <appendix> argL0 ; # java/lang/reflect/Proxy$$Lambda+0x0000028b9b0e11d8
instanceKlass org/springframework/core/SerializableTypeWrapper$TypeProxyInvocationHandler
instanceKlass sun/reflect/generics/tree/MethodTypeSignature
instanceKlass sun/reflect/generics/tree/VoidDescriptor
instanceKlass org/springframework/core/SerializableTypeWrapper$MethodParameterTypeProvider
instanceKlass  @bci org/springframework/core/MethodParameter validateIndex (Ljava/lang/reflect/Executable;I)I 21 <appendix> member <vmtarget> ; # org/springframework/core/MethodParameter$$Lambda+0x0000028b9b159998
instanceKlass org/springframework/core/MethodParameter
instanceKlass org/springframework/boot/context/properties/bind/Name
instanceKlass  @bci org/springframework/boot/context/properties/bind/DefaultBindConstructorProvider$Constructors getConstructors (Ljava/lang/Class;Z)Lorg/springframework/boot/context/properties/bind/DefaultBindConstructorProvider$Constructors; 123 <appendix> member <vmtarget> ; # org/springframework/boot/context/properties/bind/DefaultBindConstructorProvider$Constructors$$Lambda+0x0000028b9b158a68
instanceKlass org/springframework/boot/context/properties/bind/ConstructorBinding
instanceKlass  @bci org/springframework/boot/context/properties/bind/DefaultBindConstructorProvider$Constructors getCandidateConstructors (Ljava/lang/Class;)[Ljava/lang/reflect/Constructor; 29 <appendix> argL0 ; # org/springframework/boot/context/properties/bind/DefaultBindConstructorProvider$Constructors$$Lambda+0x0000028b9b158450
instanceKlass  @bci org/springframework/boot/context/properties/bind/DefaultBindConstructorProvider$Constructors getCandidateConstructors (Ljava/lang/Class;)[Ljava/lang/reflect/Constructor; 19 <appendix> argL0 ; # org/springframework/boot/context/properties/bind/DefaultBindConstructorProvider$Constructors$$Lambda+0x0000028b9b158200
instanceKlass org/springframework/beans/factory/annotation/Autowired
instanceKlass  @bci org/springframework/boot/context/properties/bind/DefaultBindConstructorProvider$Constructors isAutowiredPresent (Ljava/lang/Class;)Z 17 <appendix> argL0 ; # org/springframework/boot/context/properties/bind/DefaultBindConstructorProvider$Constructors$$Lambda+0x0000028b9b14fd90
instanceKlass  @bci org/springframework/boot/context/properties/bind/DefaultBindConstructorProvider$Constructors isAutowiredPresent (Ljava/lang/Class;)Z 7 <appendix> argL0 ; # org/springframework/boot/context/properties/bind/DefaultBindConstructorProvider$Constructors$$Lambda+0x0000028b9b14fb50
instanceKlass org/springframework/boot/context/config/ConfigDataProperties$Activate
instanceKlass org/springframework/boot/context/properties/bind/DefaultBindConstructorProvider$Constructors
instanceKlass  @bci org/springframework/aop/framework/autoproxy/AbstractAutoProxyCreator$ComposedCacheKey hashCode ()I 1 <adapter> ; # java/lang/invoke/LambdaForm$MH+0x0000028b9b157c00
instanceKlass  @bci org/springframework/aop/framework/autoproxy/AbstractAutoProxyCreator$ComposedCacheKey hashCode ()I 1 <appendix> form vmentry <vmtarget> ; # java/lang/invoke/LambdaForm$MH+0x0000028b9b157800
# instanceKlass java/lang/invoke/LambdaForm$MH+0x0000028b9b157400
# instanceKlass java/lang/invoke/LambdaForm$MH+0x0000028b9b157000
instanceKlass  @bci org/springframework/aop/framework/autoproxy/AbstractAutoProxyCreator$ComposedCacheKey hashCode ()I 1 <appendix> form names 7 function resolvedHandle form vmentry <vmtarget> ; # java/lang/invoke/LambdaForm$DMH+0x0000028b9b156c00
instanceKlass  @bci org/springframework/aop/framework/autoproxy/AbstractAutoProxyCreator$ComposedCacheKey hashCode ()I 1 <appendix> argL1 form vmentry <vmtarget> ; # java/lang/invoke/LambdaForm$MH+0x0000028b9b156800
instanceKlass  @bci org/springframework/aop/framework/autoproxy/AbstractAutoProxyCreator$ComposedCacheKey hashCode ()I 1 <appendix> argL2 argL2 form vmentry <vmtarget> ; # java/lang/invoke/LambdaForm$MH+0x0000028b9b156400
instanceKlass  @bci java/lang/runtime/ObjectMethods bootstrap (Ljava/lang/invoke/MethodHandles$Lookup;Ljava/lang/String;Ljava/lang/invoke/TypeDescriptor;Ljava/lang/Class;Ljava/lang/String;[Ljava/lang/invoke/MethodHandle;)Ljava/lang/Object; 37 <appendix> argL0 ; # java/lang/runtime/ObjectMethods$$Lambda+0x0000028b9b0e0090
# instanceKlass java/lang/invoke/LambdaForm$DMH+0x0000028b9b156000
# instanceKlass java/lang/invoke/LambdaForm$DMH+0x0000028b9b155c00
# instanceKlass java/lang/invoke/LambdaForm$DMH+0x0000028b9b155800
# instanceKlass java/lang/invoke/LambdaForm$DMH+0x0000028b9b155400
# instanceKlass java/lang/invoke/LambdaForm$DMH+0x0000028b9b155000
# instanceKlass java/lang/invoke/LambdaForm$DMH+0x0000028b9b154c00
# instanceKlass java/lang/invoke/LambdaForm$DMH+0x0000028b9b154800
# instanceKlass java/lang/invoke/LambdaForm$DMH+0x0000028b9b154400
# instanceKlass java/lang/invoke/LambdaForm$DMH+0x0000028b9b154000
# instanceKlass java/lang/invoke/LambdaForm$DMH+0x0000028b9b153c00
instanceKlass  @cpi org/apache/kafka/common/requests/MetadataResponse$Holder 133 form vmentry <vmtarget> ; # java/lang/invoke/LambdaForm$DMH+0x0000028b9b153800
# instanceKlass java/lang/invoke/LambdaForm$DMH+0x0000028b9b153400
instanceKlass java/lang/runtime/ObjectMethods$1
# instanceKlass java/lang/invoke/LambdaForm$MH+0x0000028b9b153000
instanceKlass sun/invoke/util/ValueConversions$WrapperCache
instanceKlass  @bci org/springframework/aop/framework/autoproxy/AbstractAutoProxyCreator$ComposedCacheKey hashCode ()I 1 <appendix> argL1 argL1 form vmentry <vmtarget> ; # java/lang/invoke/LambdaForm$MH+0x0000028b9b152c00
# instanceKlass java/lang/invoke/LambdaForm$DMH+0x0000028b9b152800
instanceKlass java/lang/runtime/ObjectMethods
instanceKlass org/springframework/boot/context/properties/bind/AbstractBindHandler
instanceKlass org/springframework/boot/context/config/ConfigDataEnvironmentContributorPlaceholdersResolver
instanceKlass  @bci org/apache/kafka/clients/Metadata$LeaderAndEpoch toString ()Ljava/lang/String; 27 <appendix> form vmentry <vmtarget> ; # java/lang/invoke/LambdaForm$MH+0x0000028b9b152400
# instanceKlass java/lang/invoke/LambdaForm$MH+0x0000028b9b152000
instanceKlass  @bci org/apache/kafka/clients/Metadata$LeaderAndEpoch toString ()Ljava/lang/String; 27 <appendix> argL3 form vmentry <vmtarget> ; # java/lang/invoke/LambdaForm$MH+0x0000028b9b151c00
# instanceKlass java/lang/invoke/LambdaForm$MH+0x0000028b9b151800
# instanceKlass java/lang/invoke/LambdaForm$MH+0x0000028b9b151400
# instanceKlass java/lang/invoke/LambdaForm$MH+0x0000028b9b151000
instanceKlass  @bci org/springframework/beans/factory/config/YamlProcessor buildFlattenedMap (Ljava/util/Map;Ljava/util/Map;Ljava/lang/String;ZLjava/lang/Object;)V 33 <adapter> ; # java/lang/invoke/LambdaForm$MH+0x0000028b9b150c00
# instanceKlass java/lang/invoke/LambdaForm$DMH+0x0000028b9b150800
instanceKlass  @bci org/springframework/beans/factory/config/YamlProcessor buildFlattenedMap (Ljava/util/Map;Ljava/util/Map;Ljava/lang/String;ZLjava/lang/Object;)V 33 <appendix> form vmentry <vmtarget> ; # java/lang/invoke/LambdaForm$DMH+0x0000028b9b150400
instanceKlass  @bci org/springframework/beans/factory/config/YamlProcessor buildFlattenedMap (Ljava/util/Map;Ljava/util/Map;Ljava/lang/String;ZLjava/lang/Object;)V 33 <appendix> member <vmtarget> ; # org/springframework/beans/factory/config/YamlProcessor$$Lambda+0x0000028b9b14e958
instanceKlass  @cpi org/springframework/beans/factory/config/YamlProcessor 474 form vmentry <vmtarget> ; # java/lang/invoke/LambdaForm$DMH+0x0000028b9b150000
instanceKlass  @bci java/util/Map$Entry comparingByKey (Ljava/util/Comparator;)Ljava/util/Comparator; 6 <appendix> member <vmtarget> ; # java/util/Map$Entry$$Lambda+0x0000028b9b0df7c0
instanceKlass  @bci org/springframework/core/SortedProperties <clinit> ()V 6 <appendix> argL0 ; # org/springframework/core/SortedProperties$$Lambda+0x0000028b9b14e718
instanceKlass org/springframework/core/CollectionFactory
instanceKlass  @bci org/springframework/beans/factory/config/YamlProcessor asMap (Ljava/lang/Object;)Ljava/util/Map; 39 <appendix> member <vmtarget> ; # org/springframework/beans/factory/config/YamlProcessor$$Lambda+0x0000028b9b14da18
instanceKlass org/springframework/boot/origin/OriginTrackedValue
instanceKlass org/springframework/boot/origin/TextResourceOrigin
instanceKlass org/springframework/boot/origin/TextResourceOrigin$Location
instanceKlass java/util/TreeMap$NavigableSubMap$SubMapIterator
instanceKlass java/util/Collections$ReverseComparator
instanceKlass org/yaml/snakeyaml/parser/ParserImpl$ParseDocumentStart
instanceKlass org/yaml/snakeyaml/nodes/NodeTuple
instanceKlass org/yaml/snakeyaml/events/ImplicitTuple
instanceKlass org/yaml/snakeyaml/parser/ParserImpl$ParseBlockMappingValue
instanceKlass org/yaml/snakeyaml/parser/ParserImpl$ParseBlockMappingKey
instanceKlass org/yaml/snakeyaml/resolver/Resolver$1
instanceKlass org/yaml/snakeyaml/parser/ParserImpl$ParseBlockMappingFirstKey
instanceKlass org/yaml/snakeyaml/parser/ParserImpl$ParseBlockNode
instanceKlass org/yaml/snakeyaml/parser/ParserImpl$ParseDocumentEnd
instanceKlass org/yaml/snakeyaml/scanner/SimpleKey
instanceKlass org/yaml/snakeyaml/scanner/Constant
instanceKlass org/yaml/snakeyaml/parser/ParserImpl$ParseImplicitDocumentStart
instanceKlass org/yaml/snakeyaml/Yaml$YamlIterable
instanceKlass org/yaml/snakeyaml/Yaml$1
instanceKlass org/yaml/snakeyaml/comments/CommentEventsCollector
instanceKlass org/yaml/snakeyaml/parser/ParserImpl$ParseStreamStart
instanceKlass org/yaml/snakeyaml/parser/VersionTagsTuple
instanceKlass org/yaml/snakeyaml/error/Mark
instanceKlass org/yaml/snakeyaml/util/ArrayStack
instanceKlass org/yaml/snakeyaml/tokens/Token
instanceKlass org/yaml/snakeyaml/scanner/ScannerImpl
instanceKlass org/yaml/snakeyaml/reader/StreamReader
instanceKlass org/yaml/snakeyaml/events/Event
instanceKlass org/yaml/snakeyaml/parser/Production
instanceKlass org/yaml/snakeyaml/scanner/Scanner
instanceKlass org/yaml/snakeyaml/parser/ParserImpl
instanceKlass org/yaml/snakeyaml/util/MergeUtils
instanceKlass org/yaml/snakeyaml/composer/Composer
instanceKlass java/beans/Introspector$1
instanceKlass jdk/internal/access/JavaBeansAccess
instanceKlass java/beans/FeatureDescriptor
instanceKlass java/beans/Introspector
instanceKlass org/yaml/snakeyaml/util/PlatformFeatureDetector
instanceKlass org/yaml/snakeyaml/introspector/Property
instanceKlass org/yaml/snakeyaml/introspector/PropertyUtils
instanceKlass org/yaml/snakeyaml/emitter/Emitable
instanceKlass org/yaml/snakeyaml/parser/Parser
instanceKlass org/yaml/snakeyaml/resolver/ResolverTuple
instanceKlass org/yaml/snakeyaml/representer/Representer$RepresentJavaBean
instanceKlass org/yaml/snakeyaml/representer/SafeRepresenter$RepresentEnum
instanceKlass org/yaml/snakeyaml/representer/SafeRepresenter$RepresentDate
instanceKlass org/yaml/snakeyaml/representer/SafeRepresenter$RepresentArray
instanceKlass org/yaml/snakeyaml/representer/SafeRepresenter$RepresentIterator
instanceKlass org/yaml/snakeyaml/representer/SafeRepresenter$RepresentSet
instanceKlass org/yaml/snakeyaml/representer/SafeRepresenter$RepresentMap
instanceKlass org/yaml/snakeyaml/representer/SafeRepresenter$RepresentList
instanceKlass org/yaml/snakeyaml/representer/SafeRepresenter$RepresentNumber
instanceKlass org/yaml/snakeyaml/representer/SafeRepresenter$RepresentPrimitiveArray
instanceKlass org/yaml/snakeyaml/representer/SafeRepresenter$RepresentByteArray
instanceKlass org/yaml/snakeyaml/representer/SafeRepresenter$RepresentUuid
instanceKlass org/yaml/snakeyaml/representer/SafeRepresenter$RepresentBoolean
instanceKlass org/yaml/snakeyaml/representer/SafeRepresenter$RepresentString
instanceKlass org/yaml/snakeyaml/representer/SafeRepresenter$RepresentNull
instanceKlass org/yaml/snakeyaml/representer/Represent
instanceKlass org/yaml/snakeyaml/representer/BaseRepresenter
instanceKlass org/yaml/snakeyaml/serializer/NumberAnchorGenerator
instanceKlass org/yaml/snakeyaml/serializer/AnchorGenerator
instanceKlass org/yaml/snakeyaml/DumperOptions
instanceKlass org/yaml/snakeyaml/constructor/SafeConstructor$ConstructYamlMap
instanceKlass org/yaml/snakeyaml/constructor/SafeConstructor$ConstructYamlSeq
instanceKlass org/yaml/snakeyaml/constructor/SafeConstructor$ConstructYamlSet
instanceKlass sun/util/calendar/CalendarSystem$GregorianHolder
instanceKlass sun/util/calendar/CalendarSystem
instanceKlass jdk/internal/module/ModulePatcher$PatchedModuleReader
instanceKlass org/yaml/snakeyaml/external/com/google/gdata/util/common/base/UnicodeEscaper
instanceKlass org/yaml/snakeyaml/external/com/google/gdata/util/common/base/Escaper
instanceKlass org/yaml/snakeyaml/util/UriEncoder
instanceKlass org/yaml/snakeyaml/nodes/Tag
instanceKlass java/io/FilePermission$1
instanceKlass jdk/internal/access/JavaIOFilePermissionAccess
instanceKlass jdk/internal/logger/LoggerFinderLoader
instanceKlass  @bci java/lang/System$LoggerFinder accessProvider ()Ljava/lang/System$LoggerFinder; 8 <appendix> argL0 ; # java/lang/System$LoggerFinder$$Lambda+0x0000028b9b0d9c48
instanceKlass jdk/internal/logger/DefaultLoggerFinder$1
instanceKlass jdk/internal/logger/LazyLoggers$LazyLoggerFactories
instanceKlass jdk/internal/logger/LazyLoggers$1
instanceKlass jdk/internal/logger/LazyLoggers
instanceKlass org/yaml/snakeyaml/internal/Logger
instanceKlass org/yaml/snakeyaml/TypeDescription
instanceKlass org/yaml/snakeyaml/constructor/AbstractConstruct
instanceKlass org/yaml/snakeyaml/constructor/Construct
instanceKlass org/yaml/snakeyaml/nodes/Node
instanceKlass org/yaml/snakeyaml/inspector/UnTrustedTagInspector
instanceKlass org/yaml/snakeyaml/LoaderOptions
instanceKlass  @bci org/springframework/boot/env/OriginTrackedYamlLoader load ()Ljava/util/List; 11 <appendix> member <vmtarget> ; # org/springframework/boot/env/OriginTrackedYamlLoader$$Lambda+0x0000028b9b133000
instanceKlass org/springframework/beans/factory/config/YamlProcessor$MatchCallback
instanceKlass org/yaml/snakeyaml/resolver/Resolver
instanceKlass org/yaml/snakeyaml/constructor/BaseConstructor
instanceKlass org/yaml/snakeyaml/inspector/TagInspector
instanceKlass org/springframework/beans/factory/config/YamlProcessor
instanceKlass org/yaml/snakeyaml/Yaml
instanceKlass org/springframework/boot/origin/OriginTrackedResource
instanceKlass  @bci org/springframework/boot/context/config/ConfigDataEnvironmentContributor withReplacement (Lorg/springframework/boot/context/config/ConfigDataEnvironmentContributor;Lorg/springframework/boot/context/config/ConfigDataEnvironmentContributor;)Lorg/springframework/boot/context/config/ConfigDataEnvironmentContributor; 31 <appendix> member <vmtarget> ; # org/springframework/boot/context/config/ConfigDataEnvironmentContributor$$Lambda+0x0000028b9b135150
instanceKlass  @bci org/springframework/boot/context/config/ConfigDataEnvironmentContributors asContributors (Ljava/util/Map;)Ljava/util/List; 19 <appendix> member <vmtarget> ; # org/springframework/boot/context/config/ConfigDataEnvironmentContributors$$Lambda+0x0000028b9b134f18
instanceKlass  @cpi org/apache/kafka/clients/consumer/internals/Fetcher 136 form vmentry <vmtarget> ; # java/lang/invoke/LambdaForm$DMH+0x0000028b9b132800
instanceKlass  @bci org/springframework/boot/context/config/ConfigDataEnvironmentContributors withProcessedImports (Lorg/springframework/boot/context/config/ConfigDataImporter;Lorg/springframework/boot/context/config/ConfigDataActivationContext;)Lorg/springframework/boot/context/config/ConfigDataEnvironmentContributors; 201 <appendix> member <vmtarget> ; # org/springframework/boot/context/config/ConfigDataEnvironmentContributors$$Lambda+0x0000028b9b134cf0
instanceKlass org/springframework/boot/context/config/ConfigData
instanceKlass  @bci org/springframework/boot/context/config/ConfigDataLoaders load (Lorg/springframework/boot/context/config/ConfigDataLoaderContext;Lorg/springframework/boot/context/config/ConfigDataResource;)Lorg/springframework/boot/context/config/ConfigData; 13 <appendix> member <vmtarget> ; # org/springframework/boot/context/config/ConfigDataLoaders$$Lambda+0x0000028b9b1348b8
instanceKlass  @bci org/springframework/boot/context/config/ConfigDataLoaders getLoader (Lorg/springframework/boot/context/config/ConfigDataLoaderContext;Lorg/springframework/boot/context/config/ConfigDataResource;)Lorg/springframework/boot/context/config/ConfigDataLoader; 127 <appendix> member <vmtarget> ; # org/springframework/boot/context/config/ConfigDataLoaders$$Lambda+0x0000028b9b134690
instanceKlass org/springframework/boot/context/config/ConfigDataResolutionResult
instanceKlass  @bci org/springframework/boot/context/config/StandardConfigDataLocationResolver resolvePatternEmptyDirectories (Lorg/springframework/boot/context/config/StandardConfigDataReference;)Ljava/util/Set; 108 <appendix> argL0 ; # org/springframework/boot/context/config/StandardConfigDataLocationResolver$$Lambda+0x0000028b9b134248
instanceKlass  @bci org/springframework/boot/context/config/StandardConfigDataLocationResolver resolvePatternEmptyDirectories (Lorg/springframework/boot/context/config/StandardConfigDataReference;)Ljava/util/Set; 98 <appendix> member <vmtarget> ; # org/springframework/boot/context/config/StandardConfigDataLocationResolver$$Lambda+0x0000028b9b134000
instanceKlass  @bci org/springframework/boot/context/config/StandardConfigDataLocationResolver resolvePatternEmptyDirectories (Lorg/springframework/boot/context/config/StandardConfigDataReference;)Ljava/util/Set; 87 <appendix> argL0 ; # org/springframework/boot/context/config/StandardConfigDataLocationResolver$$Lambda+0x0000028b9b12bd10
instanceKlass  @cpi java/lang/management/ManagementFactory 556 form vmentry <vmtarget> ; # java/lang/invoke/LambdaForm$DMH+0x0000028b9b132400
instanceKlass  @bci org/springframework/boot/context/config/LocationResourceLoader validatePattern (Ljava/lang/String;Lorg/springframework/boot/context/config/LocationResourceLoader$ResourceType;)V 93 <appendix> member <vmtarget> ; # org/springframework/boot/context/config/LocationResourceLoader$$Lambda+0x0000028b9b12b380
instanceKlass  @bci org/springframework/boot/context/config/LocationResourceLoader validatePattern (Ljava/lang/String;Lorg/springframework/boot/context/config/LocationResourceLoader$ResourceType;)V 53 <appendix> member <vmtarget> ; # org/springframework/boot/context/config/LocationResourceLoader$$Lambda+0x0000028b9b12b158
instanceKlass  @bci org/springframework/boot/context/config/LocationResourceLoader validatePattern (Ljava/lang/String;Lorg/springframework/boot/context/config/LocationResourceLoader$ResourceType;)V 29 <appendix> member <vmtarget> ; # org/springframework/boot/context/config/LocationResourceLoader$$Lambda+0x0000028b9b12af30
instanceKlass  @bci org/springframework/boot/context/config/LocationResourceLoader validatePattern (Ljava/lang/String;Lorg/springframework/boot/context/config/LocationResourceLoader$ResourceType;)V 6 <appendix> member <vmtarget> ; # org/springframework/boot/context/config/LocationResourceLoader$$Lambda+0x0000028b9b12ad08
instanceKlass java/nio/channels/WritableByteChannel
instanceKlass  @bci org/springframework/boot/context/config/LocationResourceLoader validateNonPattern (Ljava/lang/String;)V 14 <appendix> member <vmtarget> ; # org/springframework/boot/context/config/LocationResourceLoader$$Lambda+0x0000028b9b12a6a0
instanceKlass  @bci org/apache/kafka/common/telemetry/internals/TelemetryMetricNamingConvention fullMetricName (Ljava/lang/String;Ljava/lang/String;Ljava/lang/String;)Ljava/lang/String; 9 <appendix> form vmentry <vmtarget> ; # java/lang/invoke/LambdaForm$MH+0x0000028b9b132000
# instanceKlass java/lang/invoke/LambdaForm$MH+0x0000028b9b131c00
instanceKlass  @bci org/apache/kafka/common/telemetry/internals/TelemetryMetricNamingConvention fullMetricName (Ljava/lang/String;Ljava/lang/String;Ljava/lang/String;)Ljava/lang/String; 9 <appendix> argL3 form vmentry <vmtarget> ; # java/lang/invoke/LambdaForm$MH+0x0000028b9b131800
# instanceKlass java/lang/invoke/LambdaForm$MH+0x0000028b9b131400
# instanceKlass java/lang/invoke/LambdaForm$MH+0x0000028b9b131000
instanceKlass  @bci org/apache/kafka/common/Node toString ()Ljava/lang/String; 20 <appendix> argL4 argL2 form vmentry <vmtarget> ; # java/lang/invoke/LambdaForm$MH+0x0000028b9b130c00
# instanceKlass java/lang/invoke/LambdaForm$MH+0x0000028b9b130800
# instanceKlass java/lang/invoke/LambdaForm$MH+0x0000028b9b130400
# instanceKlass java/lang/invoke/LambdaForm$MH+0x0000028b9b130000
instanceKlass  @bci org/apache/kafka/common/telemetry/internals/TelemetryMetricNamingConvention fullMetricName (Ljava/lang/String;Ljava/lang/String;Ljava/lang/String;)Ljava/lang/String; 9 <appendix> argL1 form vmentry <vmtarget> ; # java/lang/invoke/LambdaForm$MH+0x0000028b9b129c00
# instanceKlass java/lang/invoke/LambdaForm$MH+0x0000028b9b129800
instanceKlass  @bci org/apache/kafka/clients/Metadata$LeaderAndEpoch toString ()Ljava/lang/String; 27 <appendix> argL1 form vmentry <vmtarget> ; # java/lang/invoke/LambdaForm$MH+0x0000028b9b129400
# instanceKlass java/lang/invoke/LambdaForm$MH+0x0000028b9b129000
# instanceKlass java/lang/invoke/LambdaForm$MH+0x0000028b9b128c00
# instanceKlass java/lang/invoke/LambdaForm$MH+0x0000028b9b128800
# instanceKlass java/lang/invoke/LambdaForm$MH+0x0000028b9b128400
instanceKlass org/springframework/boot/context/config/StandardConfigDataReference
instanceKlass  @bci org/springframework/boot/context/config/ConfigDataLocationResolvers resolve (Lorg/springframework/boot/context/config/ConfigDataLocationResolver;Lorg/springframework/boot/context/config/ConfigDataLocationResolverContext;Lorg/springframework/boot/context/config/ConfigDataLocation;Lorg/springframework/boot/context/config/Profiles;)Ljava/util/List; 6 <appendix> member <vmtarget> ; # org/springframework/boot/context/config/ConfigDataLocationResolvers$$Lambda+0x0000028b9b12a230
instanceKlass org/springframework/boot/context/config/ConfigDataEnvironmentContributors$ContributorDataLoaderContext
instanceKlass org/springframework/boot/context/config/ConfigDataEnvironmentContributors$ContributorConfigDataLocationResolverContext
instanceKlass org/springframework/boot/context/config/ConfigDataEnvironmentContributor$ContributorIterator
instanceKlass  @bci org/springframework/boot/bootstrap/DefaultBootstrapContext register (Ljava/lang/Class;Lorg/springframework/boot/bootstrap/BootstrapRegistry$InstanceSupplier;Z)V 60 <appendix> member <vmtarget> ; # org/springframework/boot/bootstrap/DefaultBootstrapContext$$Lambda+0x0000028b9b12f760
instanceKlass org/springframework/boot/bootstrap/BootstrapRegistry$InstanceSupplier$1
instanceKlass  @bci org/springframework/boot/bootstrap/BootstrapRegistry$InstanceSupplier from (Ljava/util/function/Supplier;)Lorg/springframework/boot/bootstrap/BootstrapRegistry$InstanceSupplier; 1 <appendix> member <vmtarget> ; # org/springframework/boot/bootstrap/BootstrapRegistry$InstanceSupplier$$Lambda+0x0000028b9b12ee88
instanceKlass org/springframework/boot/bootstrap/BootstrapRegistry$InstanceSupplier
instanceKlass  @bci org/springframework/boot/context/config/ConfigDataEnvironment registerBootstrapBinder (Lorg/springframework/boot/context/config/ConfigDataEnvironmentContributors;Lorg/springframework/boot/context/config/ConfigDataActivationContext;[Lorg/springframework/boot/context/config/ConfigDataEnvironmentContributors$BinderOption;)V 9 <appendix> member <vmtarget> ; # org/springframework/boot/context/config/ConfigDataEnvironment$$Lambda+0x0000028b9b12ea60
instanceKlass org/springframework/boot/context/config/ConfigDataActivationContext
instanceKlass org/springframework/boot/context/config/ConfigDataImporter
instanceKlass  @bci org/springframework/boot/context/config/ConfigDataEnvironmentContributors <clinit> ()V 0 <appendix> argL0 ; # org/springframework/boot/context/config/ConfigDataEnvironmentContributors$$Lambda+0x0000028b9b12df80
instanceKlass org/springframework/boot/context/config/ConfigDataLocationResolverContext
instanceKlass org/springframework/boot/context/config/ConfigDataLoaderContext
instanceKlass org/springframework/boot/context/config/ConfigDataEnvironmentContributors
instanceKlass  @bci org/springframework/boot/context/config/ConfigDataProperties <init> (Ljava/util/List;Lorg/springframework/boot/context/config/ConfigDataProperties$Activate;)V 15 <appendix> argL0 ; # org/springframework/boot/context/config/ConfigDataProperties$$Lambda+0x0000028b9b12d6c0
instanceKlass java/util/AbstractList$RandomAccessSpliterator
instanceKlass org/springframework/boot/context/config/ConfigDataProperties
instanceKlass org/springframework/boot/context/config/ConfigDataEnvironmentContributor
instanceKlass org/springframework/boot/context/config/SystemEnvironmentConfigDataLoader
instanceKlass org/springframework/boot/context/config/ConfigData$Options
instanceKlass org/springframework/boot/context/config/ConfigData$AlwaysPropertySourceOptions
instanceKlass org/springframework/boot/context/config/ConfigData$PropertySourceOptions
instanceKlass org/springframework/boot/context/config/StandardConfigDataLoader
instanceKlass org/springframework/boot/context/config/ConfigDataResource
instanceKlass org/springframework/boot/context/config/ConfigTreeConfigDataLoader
instanceKlass org/springframework/boot/context/config/ConfigDataLoader
instanceKlass  @bci org/springframework/boot/context/config/ConfigDataLoaders <init> (Lorg/springframework/boot/logging/DeferredLogFactory;Lorg/springframework/boot/bootstrap/ConfigurableBootstrapContext;Lorg/springframework/core/io/support/SpringFactoriesLoader;)V 66 <appendix> argL0 ; # org/springframework/boot/context/config/ConfigDataLoaders$$Lambda+0x0000028b9b126900
instanceKlass org/springframework/boot/context/config/ConfigDataLoaders
instanceKlass org/springframework/boot/context/config/ConfigDataEnvironmentUpdateListener$1
instanceKlass org/springframework/boot/context/config/ConfigDataEnvironmentUpdateListener
instanceKlass  @bci org/springframework/boot/context/config/SystemEnvironmentConfigDataLocationResolver <init> ()V 21 <appendix> argL0 ; # org/springframework/boot/context/config/SystemEnvironmentConfigDataLocationResolver$$Lambda+0x0000028b9b126060
instanceKlass org/springframework/boot/context/config/SystemEnvironmentConfigDataLocationResolver
instanceKlass  @bci org/springframework/boot/context/config/StandardConfigDataLocationResolver validateConfigName (Ljava/lang/String;)V 15 <appendix> member <vmtarget> ; # org/springframework/boot/context/config/StandardConfigDataLocationResolver$$Lambda+0x0000028b9b125be8
instanceKlass  @bci org/springframework/boot/context/properties/bind/Binder lambda$bindAggregate$0 (Lorg/springframework/boot/context/properties/bind/AggregateBinder;Lorg/springframework/boot/context/properties/bind/BindHandler;Lorg/springframework/boot/context/properties/bind/Binder$Context;Lorg/springframework/boot/context/properties/source/ConfigurationPropertyName;Lorg/springframework/boot/context/properties/bind/Bindable;Lorg/springframework/boot/context/properties/source/ConfigurationPropertySource;)Ljava/lang/Object; 17 <adapter> ; # java/lang/invoke/LambdaForm$MH+0x0000028b9b128000
# instanceKlass java/lang/invoke/LambdaForm$DMH+0x0000028b9b123c00
instanceKlass  @bci org/springframework/boot/context/properties/bind/Binder lambda$bindAggregate$0 (Lorg/springframework/boot/context/properties/bind/AggregateBinder;Lorg/springframework/boot/context/properties/bind/BindHandler;Lorg/springframework/boot/context/properties/bind/Binder$Context;Lorg/springframework/boot/context/properties/source/ConfigurationPropertyName;Lorg/springframework/boot/context/properties/bind/Bindable;Lorg/springframework/boot/context/properties/source/ConfigurationPropertySource;)Ljava/lang/Object; 17 <appendix> form vmentry <vmtarget> ; # java/lang/invoke/LambdaForm$DMH+0x0000028b9b123800
instanceKlass  @bci org/springframework/boot/context/properties/bind/Binder lambda$bindAggregate$0 (Lorg/springframework/boot/context/properties/bind/AggregateBinder;Lorg/springframework/boot/context/properties/bind/BindHandler;Lorg/springframework/boot/context/properties/bind/Binder$Context;Lorg/springframework/boot/context/properties/source/ConfigurationPropertyName;Lorg/springframework/boot/context/properties/bind/Bindable;Lorg/springframework/boot/context/properties/source/ConfigurationPropertySource;)Ljava/lang/Object; 17 <appendix> member <vmtarget> ; # org/springframework/boot/context/properties/bind/Binder$$Lambda+0x0000028b9b1259c0
instanceKlass  @cpi org/springframework/boot/context/properties/bind/Binder 729 form vmentry <vmtarget> ; # java/lang/invoke/LambdaForm$DMH+0x0000028b9b123400
instanceKlass  @bci java/util/stream/StreamSpliterators$WrappingSpliterator initPartialTraversalState ()V 37 <appendix> member <vmtarget> ; # java/util/stream/StreamSpliterators$WrappingSpliterator$$Lambda+0x0000028b9b0d8dd8
instanceKlass  @bci java/util/stream/StreamSpliterators$WrappingSpliterator initPartialTraversalState ()V 24 <appendix> member <vmtarget> ; # java/util/stream/StreamSpliterators$WrappingSpliterator$$Lambda+0x0000028b9b0d8b28
instanceKlass java/util/stream/StreamSpliterators
instanceKlass java/util/stream/StreamSpliterators$AbstractWrappingSpliterator
instanceKlass  @bci java/util/stream/AbstractPipeline spliterator ()Ljava/util/Spliterator; 103 <appendix> member <vmtarget> ; # java/util/stream/AbstractPipeline$$Lambda+0x0000028b9b0d81c8
instanceKlass  @bci org/springframework/boot/context/properties/source/SpringIterableConfigurationPropertySource stream ()Ljava/util/stream/Stream; 9 <appendix> argL0 ; # org/springframework/boot/context/properties/source/SpringIterableConfigurationPropertySource$$Lambda+0x0000028b9b125770
instanceKlass org/springframework/boot/context/properties/source/FilteredConfigurationPropertiesSource
instanceKlass  @bci org/springframework/boot/context/properties/bind/IndexedElementsBinder getKnownIndexedChildren (Lorg/springframework/boot/context/properties/source/IterableConfigurationPropertySource;Lorg/springframework/boot/context/properties/source/ConfigurationPropertyName;)Ljava/util/Set; 15 <appendix> member <vmtarget> ; # org/springframework/boot/context/properties/bind/IndexedElementsBinder$$Lambda+0x0000028b9b124f28
instanceKlass  @bci org/springframework/boot/context/properties/bind/ArrayBinder bindAggregate (Lorg/springframework/boot/context/properties/source/ConfigurationPropertyName;Lorg/springframework/boot/context/properties/bind/Bindable;Lorg/springframework/boot/context/properties/bind/AggregateElementBinder;)Ljava/lang/Object; 4 <appendix> argL0 ; # org/springframework/boot/context/properties/bind/ArrayBinder$$Lambda+0x0000028b9b124d08
instanceKlass org/springframework/boot/context/properties/bind/AggregateBinder$AggregateSupplier
instanceKlass  @bci org/springframework/boot/context/properties/bind/Binder bindAggregate (Lorg/springframework/boot/context/properties/source/ConfigurationPropertyName;Lorg/springframework/boot/context/properties/bind/Bindable;Lorg/springframework/boot/context/properties/bind/BindHandler;Lorg/springframework/boot/context/properties/bind/Binder$Context;Lorg/springframework/boot/context/properties/bind/AggregateBinder;)Ljava/lang/Object; 19 <appendix> member <vmtarget> ; # org/springframework/boot/context/properties/bind/Binder$$Lambda+0x0000028b9b1246a0
instanceKlass  @bci org/springframework/boot/context/properties/bind/Binder bindAggregate (Lorg/springframework/boot/context/properties/source/ConfigurationPropertyName;Lorg/springframework/boot/context/properties/bind/Bindable;Lorg/springframework/boot/context/properties/bind/BindHandler;Lorg/springframework/boot/context/properties/bind/Binder$Context;Lorg/springframework/boot/context/properties/bind/AggregateBinder;)Ljava/lang/Object; 6 <appendix> member <vmtarget> ; # org/springframework/boot/context/properties/bind/Binder$$Lambda+0x0000028b9b124468
instanceKlass org/springframework/boot/context/properties/bind/AggregateElementBinder
instanceKlass  @bci com/sun/jmx/mbeanserver/StandardMBeanIntrospector getMBeanDescriptor (Ljava/lang/Class;)Ljavax/management/Descriptor; 21 <appendix> form vmentry <vmtarget> ; # java/lang/invoke/LambdaForm$MH+0x0000028b9b123000
instanceKlass  @bci org/apache/kafka/common/Node toString ()Ljava/lang/String; 20 <appendix> argL5 form vmentry <vmtarget> ; # java/lang/invoke/LambdaForm$MH+0x0000028b9b122c00
# instanceKlass java/lang/invoke/LambdaForm$MH+0x0000028b9b122800
# instanceKlass java/lang/invoke/LambdaForm$MH+0x0000028b9b122400
instanceKlass  @bci org/apache/kafka/clients/consumer/internals/AbstractCoordinator$Generation toString ()Ljava/lang/String; 12 <appendix> argL1 argL0 argL0 form vmentry <vmtarget> ; # java/lang/invoke/LambdaForm$MH+0x0000028b9b122000
# instanceKlass java/lang/invoke/LambdaForm$MH+0x0000028b9b121c00
instanceKlass org/springframework/boot/env/YamlPropertySourceLoader
instanceKlass org/springframework/boot/env/PropertiesPropertySourceLoader
instanceKlass org/springframework/boot/env/PropertySourceLoader
# instanceKlass java/lang/invoke/LambdaForm$MH+0x0000028b9b121800
# instanceKlass java/lang/invoke/LambdaForm$MH+0x0000028b9b121400
# instanceKlass java/lang/invoke/LambdaForm$MH+0x0000028b9b121000
instanceKlass org/springframework/boot/context/config/StandardConfigDataLocationResolver
instanceKlass  @bci org/springframework/boot/context/config/LocationResourceLoader <clinit> ()V 18 <appendix> argL0 ; # org/springframework/boot/context/config/LocationResourceLoader$$Lambda+0x0000028b9b11f448
instanceKlass  @bci java/util/Comparator comparing (Ljava/util/function/Function;)Ljava/util/Comparator; 6 <appendix> member <vmtarget> ; # java/util/Comparator$$Lambda+0x0000028b9b0d7f28
instanceKlass  @cpi org/apache/kafka/common/network/ChannelBuilders 325 form vmentry <vmtarget> ; # java/lang/invoke/LambdaForm$DMH+0x0000028b9b120c00
instanceKlass  @bci org/springframework/boot/context/config/LocationResourceLoader <clinit> ()V 7 <appendix> argL0 ; # org/springframework/boot/context/config/LocationResourceLoader$$Lambda+0x0000028b9b11f208
instanceKlass org/springframework/boot/context/config/LocationResourceLoader
instanceKlass org/springframework/boot/context/config/ConfigTreeConfigDataLocationResolver
instanceKlass org/springframework/boot/context/config/ConfigDataLocationResolver
instanceKlass  @bci org/springframework/boot/context/config/ConfigDataLocationResolvers <init> (Lorg/springframework/boot/logging/DeferredLogFactory;Lorg/springframework/boot/bootstrap/ConfigurableBootstrapContext;Lorg/springframework/boot/context/properties/bind/Binder;Lorg/springframework/core/io/ResourceLoader;Lorg/springframework/core/io/support/SpringFactoriesLoader;)V 77 <appendix> argL0 ; # org/springframework/boot/context/config/ConfigDataLocationResolvers$$Lambda+0x0000028b9b11e970
instanceKlass org/springframework/boot/context/config/ConfigDataLocationResolvers
instanceKlass org/springframework/boot/context/properties/bind/BindResult
instanceKlass  @bci org/springframework/boot/context/properties/source/ConfigurationPropertySourcesCaching$CacheOverrides close ()V 4 <appendix> argL0 ; # org/springframework/boot/context/properties/source/ConfigurationPropertySourcesCaching$CacheOverrides$$Lambda+0x0000028b9b11deb0
instanceKlass  @cpi org/springframework/boot/context/properties/source/ConfigurationPropertySourcesCaching$CacheOverrides 63 form vmentry <vmtarget> ; # java/lang/invoke/LambdaForm$DMH+0x0000028b9b120800
instanceKlass org/springframework/boot/context/properties/bind/JavaBeanBinder$BeanProperties
instanceKlass org/springframework/boot/context/properties/bind/ValueObjectBinder$ValueObject
instanceKlass  @bci org/springframework/boot/context/properties/bind/ValueObjectBinder$Discoverer <clinit> ()V 35 <appendix> argL0 ; # org/springframework/boot/context/properties/bind/ValueObjectBinder$Discoverer$$Lambda+0x0000028b9b11d188
instanceKlass  @bci org/springframework/boot/context/properties/bind/ValueObjectBinder$Discoverer <clinit> ()V 17 <appendix> argL0 ; # org/springframework/boot/context/properties/bind/ValueObjectBinder$Discoverer$$Lambda+0x0000028b9b11cf58
instanceKlass  @cpi org/springframework/boot/context/properties/bind/ValueObjectBinder$Discoverer 113 form vmentry <vmtarget> ; # java/lang/invoke/LambdaForm$DMH+0x0000028b9b120400
instanceKlass org/springframework/core/StandardReflectionParameterNameDiscoverer
instanceKlass org/springframework/core/PrioritizedParameterNameDiscoverer
instanceKlass org/springframework/boot/context/properties/bind/ValueObjectBinder$Discoverer
instanceKlass org/springframework/core/ParameterNameDiscoverer
instanceKlass  @bci org/springframework/boot/context/properties/bind/Binder lambda$bindDataObject$1 (Lorg/springframework/boot/context/properties/bind/BindMethod;Lorg/springframework/boot/context/properties/source/ConfigurationPropertyName;Lorg/springframework/boot/context/properties/bind/Bindable;Lorg/springframework/boot/context/properties/bind/Binder$Context;Lorg/springframework/boot/context/properties/bind/DataObjectPropertyBinder;)Ljava/lang/Object; 8 <appendix> member <vmtarget> ; # org/springframework/boot/context/properties/bind/Binder$$Lambda+0x0000028b9b11c218
instanceKlass  @bci org/springframework/boot/context/properties/bind/Binder bindDataObject (Lorg/springframework/boot/context/properties/source/ConfigurationPropertyName;Lorg/springframework/boot/context/properties/bind/Bindable;Lorg/springframework/boot/context/properties/bind/BindHandler;Lorg/springframework/boot/context/properties/bind/Binder$Context;Z)Ljava/lang/Object; 68 <appendix> form vmentry <vmtarget> ; # java/lang/invoke/LambdaForm$DMH+0x0000028b9b120000
instanceKlass  @bci org/springframework/boot/context/properties/bind/Binder bindDataObject (Lorg/springframework/boot/context/properties/source/ConfigurationPropertyName;Lorg/springframework/boot/context/properties/bind/Bindable;Lorg/springframework/boot/context/properties/bind/BindHandler;Lorg/springframework/boot/context/properties/bind/Binder$Context;Z)Ljava/lang/Object; 68 <appendix> member <vmtarget> ; # org/springframework/boot/context/properties/bind/Binder$$Lambda+0x0000028b9b11bff0
instanceKlass  @bci org/springframework/boot/context/properties/bind/Binder bindDataObject (Lorg/springframework/boot/context/properties/source/ConfigurationPropertyName;Lorg/springframework/boot/context/properties/bind/Bindable;Lorg/springframework/boot/context/properties/bind/BindHandler;Lorg/springframework/boot/context/properties/bind/Binder$Context;Z)Ljava/lang/Object; 52 <appendix> member <vmtarget> ; # org/springframework/boot/context/properties/bind/Binder$$Lambda+0x0000028b9b11bdc8
instanceKlass org/springframework/boot/context/properties/bind/DataObjectPropertyBinder
instanceKlass  @bci org/springframework/boot/context/properties/source/ConfigurationPropertyName asSystemEnvironmentLegacyName ()Lorg/springframework/boot/context/properties/source/ConfigurationPropertyName; 13 <appendix> member <vmtarget> ; # org/springframework/boot/context/properties/source/ConfigurationPropertyName$$Lambda+0x0000028b9b11b9a0
instanceKlass  @bci org/springframework/boot/context/properties/source/ConfigurationPropertySourcesCaching override ()Lorg/springframework/boot/context/properties/source/ConfigurationPropertyCaching$CacheOverride; 16 <appendix> member <vmtarget> ; # org/springframework/boot/context/properties/source/ConfigurationPropertySourcesCaching$$Lambda+0x0000028b9b11b0e8
instanceKlass org/springframework/boot/context/properties/source/ConfigurationPropertySourcesCaching$CacheOverrides
instanceKlass org/springframework/boot/context/properties/bind/Binder$Context
instanceKlass org/springframework/boot/context/properties/bind/JavaBeanBinder
instanceKlass org/springframework/boot/context/properties/bind/ValueObjectBinder
instanceKlass org/springframework/boot/context/properties/bind/DataObjectBinder
instanceKlass org/springframework/boot/context/properties/bind/DefaultBindConstructorProvider
instanceKlass org/springframework/boot/context/properties/bind/BindConstructorProvider
instanceKlass org/springframework/boot/context/properties/bind/BindHandler$1
instanceKlass org/springframework/beans/TypeConverterDelegate
instanceKlass org/springframework/beans/PropertyEditorRegistrySupport
instanceKlass org/springframework/beans/PropertyEditorRegistry
instanceKlass org/springframework/beans/TypeConverter
instanceKlass java/beans/PropertyEditorSupport
instanceKlass java/beans/PropertyEditor
instanceKlass org/springframework/boot/context/properties/bind/BindConverter$TypeConverterConverter
instanceKlass org/springframework/boot/context/properties/bind/BindConverter
instanceKlass org/springframework/boot/context/properties/source/ConfigurationPropertySourcesCaching
instanceKlass org/springframework/boot/context/properties/bind/PropertySourcesPlaceholdersResolver
instanceKlass org/springframework/boot/context/properties/bind/AggregateBinder
instanceKlass org/springframework/boot/context/properties/bind/BindContext
instanceKlass org/springframework/boot/context/properties/bind/Binder
instanceKlass org/springframework/boot/context/config/ConfigDataLocation
instanceKlass org/springframework/boot/origin/OriginProvider
instanceKlass org/springframework/boot/context/properties/bind/BindHandler
instanceKlass org/springframework/boot/context/properties/bind/PlaceholdersResolver
instanceKlass org/springframework/boot/context/config/ConfigDataEnvironment
instanceKlass org/springframework/core/io/WritableResource
instanceKlass org/springframework/core/io/DefaultResourceLoader
instanceKlass  @bci org/springframework/boot/support/SpringApplicationJsonEnvironmentPostProcessor postProcessEnvironment (Lorg/springframework/core/env/ConfigurableEnvironment;Lorg/springframework/boot/SpringApplication;)V 38 <appendix> member <vmtarget> ; # org/springframework/boot/support/SpringApplicationJsonEnvironmentPostProcessor$$Lambda+0x0000028b9b111ea0
instanceKlass  @bci org/springframework/boot/support/SpringApplicationJsonEnvironmentPostProcessor postProcessEnvironment (Lorg/springframework/core/env/ConfigurableEnvironment;Lorg/springframework/boot/SpringApplication;)V 21 <appendix> argL0 ; # org/springframework/boot/support/SpringApplicationJsonEnvironmentPostProcessor$$Lambda+0x0000028b9b111c50
instanceKlass  @bci org/springframework/boot/support/SpringApplicationJsonEnvironmentPostProcessor postProcessEnvironment (Lorg/springframework/core/env/ConfigurableEnvironment;Lorg/springframework/boot/SpringApplication;)V 11 <appendix> argL0 ; # org/springframework/boot/support/SpringApplicationJsonEnvironmentPostProcessor$$Lambda+0x0000028b9b111a10
instanceKlass org/springframework/boot/support/SpringApplicationJsonEnvironmentPostProcessor$JsonPropertyValue
instanceKlass java/util/stream/Sink$OfInt
instanceKlass java/util/function/IntConsumer
instanceKlass  @bci java/util/stream/MatchOps makeInt (Ljava/util/function/IntPredicate;Ljava/util/stream/MatchOps$MatchKind;)Ljava/util/stream/TerminalOp; 20 <appendix> member <vmtarget> ; # java/util/stream/MatchOps$$Lambda+0x0000028b9b0d72f0
instanceKlass  @bci org/springframework/boot/context/properties/source/SystemEnvironmentPropertyMapper isNumber (Ljava/lang/String;)Z 4 <appendix> argL0 ; # org/springframework/boot/context/properties/source/SystemEnvironmentPropertyMapper$$Lambda+0x0000028b9b1115a0
instanceKlass java/util/function/IntPredicate
instanceKlass java/util/stream/IntStream
instanceKlass java/lang/StringLatin1$CharsSpliterator
instanceKlass  @bci org/springframework/boot/context/properties/source/SystemEnvironmentPropertyMapper convertName (Ljava/lang/String;)Lorg/springframework/boot/context/properties/source/ConfigurationPropertyName; 4 <appendix> member <vmtarget> ; # org/springframework/boot/context/properties/source/SystemEnvironmentPropertyMapper$$Lambda+0x0000028b9b111358
instanceKlass  @bci org/springframework/boot/context/properties/source/ConfigurationPropertyName buildToString (Lorg/springframework/boot/context/properties/source/ConfigurationPropertyName$ToStringFormat;)Ljava/lang/String; 66 <appendix> member <vmtarget> ; # org/springframework/boot/context/properties/source/ConfigurationPropertyName$$Lambda+0x0000028b9b111130
instanceKlass  @bci org/springframework/boot/context/properties/source/ConfigurationPropertyName convertToUniformElement (Ljava/lang/CharSequence;)Ljava/lang/CharSequence; 3 <appendix> argL0 ; # org/springframework/boot/context/properties/source/ConfigurationPropertyName$$Lambda+0x0000028b9b110f10
instanceKlass org/springframework/boot/context/properties/source/ConfigurationPropertyName$ElementCharPredicate
instanceKlass  @bci org/springframework/boot/context/properties/source/ConfigurationPropertyName buildToString (Lorg/springframework/boot/context/properties/source/ConfigurationPropertyName$ToStringFormat;)Ljava/lang/String; 51 <appendix> member <vmtarget> ; # org/springframework/boot/context/properties/source/ConfigurationPropertyName$$Lambda+0x0000028b9b110ae8
instanceKlass  @bci java/util/function/BiPredicate or (Ljava/util/function/BiPredicate;)Ljava/util/function/BiPredicate; 7 <appendix> member <vmtarget> ; # java/util/function/BiPredicate$$Lambda+0x0000028b9b0d5af0
instanceKlass  @cpi java/util/function/BiPredicate 60 form vmentry <vmtarget> ; # java/lang/invoke/LambdaForm$DMH+0x0000028b9b114400
instanceKlass  @bci org/springframework/boot/context/properties/source/SystemEnvironmentPropertyMapper getAncestorOfCheck ()Ljava/util/function/BiPredicate; 1 <appendix> member <vmtarget> ; # org/springframework/boot/context/properties/source/SystemEnvironmentPropertyMapper$$Lambda+0x0000028b9b110890
instanceKlass  @cpi org/apache/kafka/clients/consumer/internals/FetchBuffer 198 form vmentry <vmtarget> ; # java/lang/invoke/LambdaForm$DMH+0x0000028b9b114000
instanceKlass  @bci org/springframework/boot/context/properties/source/SpringIterableConfigurationPropertySource$Cache add (Ljava/util/Map;Ljava/lang/Object;Ljava/lang/Object;)V 2 <appendix> argL0 ; # org/springframework/boot/context/properties/source/SpringIterableConfigurationPropertySource$Cache$$Lambda+0x0000028b9b110000
instanceKlass  @bci org/springframework/core/env/PropertiesPropertySource getPropertyNames ()[Ljava/lang/String; 37 <appendix> argL0 ; # org/springframework/core/env/PropertiesPropertySource$$Lambda+0x0000028b9b10ac48
instanceKlass  @bci org/springframework/core/env/PropertiesPropertySource getPropertyNames ()[Ljava/lang/String; 27 <appendix> argL0 ; # org/springframework/core/env/PropertiesPropertySource$$Lambda+0x0000028b9b10a9f8
instanceKlass  @bci org/springframework/boot/context/properties/source/SpringIterableConfigurationPropertySource getCache ()Lorg/springframework/boot/context/properties/source/SpringIterableConfigurationPropertySource$Cache; 11 <appendix> member <vmtarget> ; # org/springframework/boot/context/properties/source/SpringIterableConfigurationPropertySource$$Lambda+0x0000028b9b10bd50
instanceKlass  @bci org/springframework/boot/context/properties/source/SpringIterableConfigurationPropertySource getCache ()Lorg/springframework/boot/context/properties/source/SpringIterableConfigurationPropertySource$Cache; 5 <appendix> member <vmtarget> ; # org/springframework/boot/context/properties/source/SpringIterableConfigurationPropertySource$$Lambda+0x0000028b9b10bb28
instanceKlass org/springframework/boot/context/properties/source/SpringIterableConfigurationPropertySource$Cache
instanceKlass org/springframework/boot/context/properties/source/DefaultPropertyMapper$LastMapping
instanceKlass java/time/Clock
instanceKlass java/time/InstantSource
instanceKlass  @bci org/springframework/boot/context/properties/source/SoftReferenceConfigurationPropertyCache <clinit> ()V 6 <appendix> argL0 ; # org/springframework/boot/context/properties/source/SoftReferenceConfigurationPropertyCache$$Lambda+0x0000028b9b10b498
instanceKlass  @cpi org/springframework/kafka/listener/ErrorHandlingUtils 535 form vmentry <vmtarget> ; # java/lang/invoke/LambdaForm$DMH+0x0000028b9b10a400
instanceKlass org/springframework/boot/context/properties/source/ConfigurationPropertyCaching$CacheOverride
instanceKlass org/springframework/boot/context/properties/source/SoftReferenceConfigurationPropertyCache
instanceKlass org/springframework/boot/context/properties/source/ConfigurationPropertyCaching
instanceKlass org/springframework/boot/context/properties/source/SystemEnvironmentPropertyMapper
instanceKlass  @bci org/springframework/boot/context/properties/source/PropertyMapper <clinit> ()V 0 <appendix> argL0 ; # org/springframework/boot/context/properties/source/PropertyMapper$$Lambda+0x0000028b9b10f788
instanceKlass  @cpi org/apache/kafka/clients/consumer/internals/OffsetFetcherUtils 391 form vmentry <vmtarget> ; # java/lang/invoke/LambdaForm$DMH+0x0000028b9b10a000
instanceKlass org/springframework/boot/context/properties/source/DefaultPropertyMapper
instanceKlass org/springframework/boot/context/properties/source/PropertyMapper
instanceKlass org/springframework/boot/context/properties/source/CachingConfigurationPropertySource
instanceKlass org/springframework/boot/context/properties/source/IterableConfigurationPropertySource
instanceKlass org/springframework/boot/context/properties/source/SpringConfigurationPropertySource
instanceKlass  @bci org/springframework/boot/context/properties/source/SpringConfigurationPropertySources iterator ()Ljava/util/Iterator; 14 <appendix> member <vmtarget> ; # org/springframework/boot/context/properties/source/SpringConfigurationPropertySources$$Lambda+0x0000028b9b10e4f0
instanceKlass org/springframework/boot/context/properties/source/SpringConfigurationPropertySources$SourcesIterator
instanceKlass org/springframework/boot/origin/Origin
instanceKlass org/springframework/boot/logging/DeferredLog$Line
instanceKlass  @bci sun/security/provider/AbstractDrbg <clinit> ()V 12 <appendix> argL0 ; # sun/security/provider/AbstractDrbg$$Lambda+0x0000028b9b0d58d0
instanceKlass  @cpi sun/security/provider/AbstractDrbg 383 form vmentry <vmtarget> ; # java/lang/invoke/LambdaForm$DMH+0x0000028b9b109c00
# instanceKlass java/lang/invoke/LambdaForm$DMH+0x0000028b9b109800
instanceKlass sun/security/provider/EntropySource
instanceKlass sun/security/provider/AbstractDrbg
instanceKlass java/security/DrbgParameters$Instantiation
instanceKlass java/security/DrbgParameters
instanceKlass sun/security/provider/MoreDrbgParameters
instanceKlass  @bci sun/security/provider/DRBG <init> (Ljava/security/SecureRandomParameters;)V 26 <appendix> argL0 ; # sun/security/provider/DRBG$$Lambda+0x0000028b9b0d4370
instanceKlass java/security/SecureRandomSpi
instanceKlass sun/security/util/SecurityProviderConstants
instanceKlass java/security/Provider$UString
instanceKlass java/security/Provider$Service
instanceKlass sun/security/provider/NativePRNG$NonBlocking
instanceKlass sun/security/provider/NativePRNG$Blocking
instanceKlass sun/security/provider/NativePRNG
instanceKlass sun/security/provider/SunEntries$1
instanceKlass sun/security/provider/SunEntries
instanceKlass sun/security/util/SecurityConstants
instanceKlass java/util/AbstractList$Itr
instanceKlass sun/security/jca/ProviderList$2
instanceKlass jdk/internal/math/FloatingDecimal$ASCIIToBinaryBuffer
instanceKlass jdk/internal/math/FloatingDecimal$PreparedASCIIToBinaryBuffer
instanceKlass jdk/internal/math/FloatingDecimal$ASCIIToBinaryConverter
instanceKlass jdk/internal/math/FloatingDecimal$BinaryToASCIIBuffer
instanceKlass jdk/internal/math/FloatingDecimal$ExceptionalBinaryToASCIIBuffer
instanceKlass jdk/internal/math/FloatingDecimal$BinaryToASCIIConverter
instanceKlass jdk/internal/math/FloatingDecimal
instanceKlass javax/security/auth/login/Configuration$Parameters
instanceKlass java/security/Policy$Parameters
instanceKlass java/security/cert/CertStoreParameters
instanceKlass java/security/SecureRandomParameters
instanceKlass java/security/Provider$EngineDescription
instanceKlass java/security/Provider$ServiceKey
instanceKlass sun/security/jca/ProviderConfig
instanceKlass sun/security/jca/ProviderList
instanceKlass sun/security/jca/Providers
instanceKlass org/springframework/aot/AotDetector
instanceKlass  @bci java/util/stream/Collectors toCollection (Ljava/util/function/Supplier;)Ljava/util/stream/Collector; 10 <appendix> argL0 ; # java/util/stream/Collectors$$Lambda+0x0000028b9b0cbee8
instanceKlass  @bci java/util/stream/Collectors toCollection (Ljava/util/function/Supplier;)Ljava/util/stream/Collector; 5 <appendix> argL0 ; # java/util/stream/Collectors$$Lambda+0x0000028b9b0cbcb8
instanceKlass  @bci org/springframework/boot/support/SpringFactoriesEnvironmentPostProcessorsFactory getEnvironmentPostProcessors (Lorg/springframework/boot/logging/DeferredLogFactory;Lorg/springframework/boot/bootstrap/ConfigurableBootstrapContext;)Ljava/util/List; 99 <appendix> argL0 ; # org/springframework/boot/support/SpringFactoriesEnvironmentPostProcessorsFactory$$Lambda+0x0000028b9b107ae8
instanceKlass  @bci org/springframework/boot/support/SpringFactoriesEnvironmentPostProcessorsFactory getEnvironmentPostProcessors (Lorg/springframework/boot/logging/DeferredLogFactory;Lorg/springframework/boot/bootstrap/ConfigurableBootstrapContext;)Ljava/util/List; 89 <appendix> argL0 ; # org/springframework/boot/support/SpringFactoriesEnvironmentPostProcessorsFactory$$Lambda+0x0000028b9b1078a8
instanceKlass org/springframework/boot/env/EnvironmentPostProcessor
instanceKlass org/springframework/boot/support/SystemEnvironmentPropertySourceEnvironmentPostProcessor
instanceKlass org/springframework/boot/support/SpringApplicationJsonEnvironmentPostProcessor
instanceKlass org/springframework/boot/support/RandomValuePropertySourceEnvironmentPostProcessor
# instanceKlass java/lang/invoke/LambdaForm$MH+0x0000028b9b109400
# instanceKlass java/lang/invoke/LambdaForm$MH+0x0000028b9b109000
instanceKlass org/springframework/boot/context/config/ConfigDataEnvironmentPostProcessor
instanceKlass org/springframework/boot/logging/DeferredLog
instanceKlass  @bci org/springframework/boot/logging/DeferredLogs getLog (Ljava/lang/Class;)Lorg/apache/commons/logging/Log; 2 <appendix> member <vmtarget> ; # org/springframework/boot/logging/DeferredLogs$$Lambda+0x0000028b9b1060b0
instanceKlass org/springframework/boot/cloud/CloudFoundryVcapEnvironmentPostProcessor
instanceKlass org/springframework/boot/EnvironmentPostProcessor
instanceKlass org/springframework/boot/support/SpringFactoriesEnvironmentPostProcessorsFactory
instanceKlass  @bci org/springframework/boot/SpringApplicationRunListeners environmentPrepared (Lorg/springframework/boot/bootstrap/ConfigurableBootstrapContext;Lorg/springframework/core/env/ConfigurableEnvironment;)V 5 <appendix> member <vmtarget> ; # org/springframework/boot/SpringApplicationRunListeners$$Lambda+0x0000028b9b1057f0
instanceKlass org/springframework/boot/context/properties/source/ConfigurationPropertySource
instanceKlass org/springframework/boot/context/properties/source/SpringConfigurationPropertySources
instanceKlass jdk/internal/vm/ThreadContainers
instanceKlass jdk/internal/vm/StackableScope
instanceKlass java/util/concurrent/LinkedTransferQueue$DualNode
instanceKlass java/util/concurrent/TransferQueue
instanceKlass java/util/concurrent/ThreadPoolExecutor$AbortPolicy
instanceKlass java/util/concurrent/RejectedExecutionHandler
instanceKlass java/util/concurrent/AbstractExecutorService
instanceKlass java/util/concurrent/Executors
instanceKlass  @bci org/apache/kafka/common/network/Selector attemptWrite (Ljava/nio/channels/SelectionKey;Lorg/apache/kafka/common/network/KafkaChannel;J)V 23 <appendix> form vmentry <vmtarget> ; # java/lang/invoke/LambdaForm$DMH+0x0000028b9b108c00
instanceKlass  @bci java/lang/ProcessHandleImpl lambda$static$1 ()Ljava/util/concurrent/Executor; 45 <appendix> member <vmtarget> ; # java/lang/ProcessHandleImpl$$Lambda+0x0000028b9b0c99a8
instanceKlass  @cpi java/lang/ProcessHandleImpl 436 form vmentry <vmtarget> ; # java/lang/invoke/LambdaForm$DMH+0x0000028b9b108800
# instanceKlass java/lang/invoke/LambdaForm$DMH+0x0000028b9b108400
instanceKlass jdk/internal/util/random/RandomSupport
instanceKlass java/util/Random
instanceKlass java/util/random/RandomGenerator
instanceKlass  @bci java/lang/ProcessHandleImpl <clinit> ()V 32 <appendix> argL0 ; # java/lang/ProcessHandleImpl$$Lambda+0x0000028b9b0c9788
instanceKlass  @bci org/eclipse/angus/activation/MailcapFile parseLine (Ljava/lang/String;)V 533 <bsm> form vmentry <vmtarget> ; # java/lang/invoke/LambdaForm$DMH+0x0000028b9b108000
instanceKlass java/lang/invoke/MethodHandle$1
instanceKlass java/lang/ProcessHandleImpl
instanceKlass java/lang/ProcessHandle
instanceKlass org/springframework/boot/system/ApplicationPid
instanceKlass org/springframework/boot/convert/CharSequenceToObjectConverter
instanceKlass org/springframework/boot/convert/LenientObjectToEnumConverterFactory
instanceKlass sun/reflect/generics/tree/ByteSignature
instanceKlass org/springframework/boot/convert/InputStreamSourceToByteArrayConverter
instanceKlass org/springframework/boot/convert/StringToFileConverter
instanceKlass org/springframework/boot/convert/NumberToDataSizeConverter
instanceKlass org/springframework/util/unit/DataSize
instanceKlass org/springframework/boot/convert/StringToDataSizeConverter
instanceKlass org/springframework/boot/convert/NumberToPeriodConverter
instanceKlass org/springframework/boot/convert/PeriodToStringConverter
instanceKlass org/springframework/boot/convert/StringToPeriodConverter
instanceKlass org/springframework/boot/convert/DurationToNumberConverter
instanceKlass org/springframework/boot/convert/NumberToDurationConverter
instanceKlass org/springframework/boot/convert/DurationToStringConverter
instanceKlass org/springframework/boot/convert/StringToDurationConverter
instanceKlass org/springframework/boot/convert/DelimitedStringToCollectionConverter
instanceKlass org/springframework/boot/convert/DelimitedStringToArrayConverter
instanceKlass org/springframework/boot/convert/CollectionToDelimitedStringConverter
instanceKlass org/springframework/boot/convert/ArrayToDelimitedStringConverter
instanceKlass org/springframework/boot/convert/IsoOffsetFormatter
instanceKlass org/springframework/boot/convert/InetAddressFormatter
instanceKlass  @bci org/springframework/format/support/FormattingConversionService getFieldType (Ljava/lang/Object;Ljava/lang/Class;)Ljava/lang/Class; 39 <appendix> member <vmtarget> ; # org/springframework/format/support/FormattingConversionService$$Lambda+0x0000028b9b101e30
instanceKlass sun/reflect/generics/tree/ArrayTypeSignature
instanceKlass sun/reflect/generics/tree/CharSignature
instanceKlass org/springframework/boot/convert/CharArrayFormatter
instanceKlass org/springframework/format/annotation/DurationFormat
instanceKlass org/springframework/format/annotation/DateTimeFormat
instanceKlass org/springframework/format/datetime/standard/MonthDayFormatter
instanceKlass java/time/MonthDay
instanceKlass org/springframework/format/datetime/standard/YearMonthFormatter
instanceKlass java/time/YearMonth
instanceKlass org/springframework/format/datetime/standard/MonthFormatter
instanceKlass org/springframework/format/datetime/standard/YearFormatter
instanceKlass java/time/Year
instanceKlass org/springframework/format/datetime/standard/DurationFormatter
instanceKlass org/springframework/format/datetime/standard/PeriodFormatter
instanceKlass org/springframework/format/datetime/standard/InstantFormatter
instanceKlass java/time/OffsetTime
instanceKlass org/springframework/format/support/FormattingConversionService$ParserConverter
instanceKlass org/springframework/format/support/FormattingConversionService$PrinterConverter
instanceKlass org/springframework/format/datetime/standard/TemporalAccessorParser
instanceKlass org/springframework/format/datetime/standard/TemporalAccessorPrinter
instanceKlass java/time/format/DateTimeFormatterBuilder$LocalizedPrinterParser
instanceKlass org/springframework/format/datetime/standard/DateTimeConverters$InstantToLongConverter
instanceKlass org/springframework/format/datetime/standard/DateTimeConverters$LongToInstantConverter
instanceKlass org/springframework/format/datetime/standard/DateTimeConverters$CalendarToInstantConverter
instanceKlass org/springframework/format/datetime/standard/DateTimeConverters$CalendarToLocalDateTimeConverter
instanceKlass org/springframework/format/datetime/standard/DateTimeConverters$CalendarToLocalTimeConverter
instanceKlass org/springframework/format/datetime/standard/DateTimeConverters$CalendarToLocalDateConverter
instanceKlass org/springframework/format/datetime/standard/DateTimeConverters$CalendarToOffsetDateTimeConverter
instanceKlass org/springframework/format/datetime/standard/DateTimeConverters$CalendarToZonedDateTimeConverter
instanceKlass org/springframework/format/datetime/standard/DateTimeConverters$OffsetDateTimeToInstantConverter
instanceKlass org/springframework/format/datetime/standard/DateTimeConverters$OffsetDateTimeToZonedDateTimeConverter
instanceKlass org/springframework/format/datetime/standard/DateTimeConverters$OffsetDateTimeToLocalDateTimeConverter
instanceKlass org/springframework/format/datetime/standard/DateTimeConverters$OffsetDateTimeToLocalTimeConverter
instanceKlass org/springframework/format/datetime/standard/DateTimeConverters$OffsetDateTimeToLocalDateConverter
instanceKlass org/springframework/format/datetime/standard/DateTimeConverters$ZonedDateTimeToInstantConverter
instanceKlass java/time/OffsetDateTime
instanceKlass org/springframework/format/datetime/standard/DateTimeConverters$ZonedDateTimeToOffsetDateTimeConverter
instanceKlass org/springframework/format/datetime/standard/DateTimeConverters$ZonedDateTimeToLocalDateTimeConverter
instanceKlass org/springframework/format/datetime/standard/DateTimeConverters$ZonedDateTimeToLocalTimeConverter
instanceKlass org/springframework/format/datetime/standard/DateTimeConverters$ZonedDateTimeToLocalDateConverter
instanceKlass org/springframework/format/datetime/standard/DateTimeConverters$LocalDateTimeToLocalTimeConverter
instanceKlass org/springframework/format/datetime/standard/DateTimeConverters$LocalDateTimeToLocalDateConverter
instanceKlass org/springframework/format/datetime/DateFormatterRegistrar$LongToCalendarConverter
instanceKlass org/springframework/format/datetime/DateFormatterRegistrar$LongToDateConverter
instanceKlass org/springframework/format/datetime/DateFormatterRegistrar$CalendarToLongConverter
instanceKlass org/springframework/format/datetime/DateFormatterRegistrar$CalendarToDateConverter
instanceKlass org/springframework/format/datetime/DateFormatterRegistrar$DateToCalendarConverter
instanceKlass org/springframework/format/datetime/DateFormatterRegistrar$DateToLongConverter
instanceKlass org/springframework/format/datetime/DateFormatterRegistrar
instanceKlass org/springframework/format/datetime/standard/DateTimeConverters
instanceKlass org/springframework/format/datetime/standard/DateTimeFormatterFactory
instanceKlass org/springframework/format/datetime/standard/DateTimeFormatterRegistrar
instanceKlass org/springframework/format/FormatterRegistrar
instanceKlass org/springframework/format/support/FormattingConversionService$AnnotationParserConverter
instanceKlass org/springframework/format/support/FormattingConversionService$AnnotationPrinterConverter
instanceKlass org/springframework/util/NumberUtils
instanceKlass  @bci org/springframework/core/GenericTypeResolver getSingleGeneric (Lorg/springframework/core/ResolvableType;)Ljava/lang/Class; 15 <appendix> member <vmtarget> ; # org/springframework/core/GenericTypeResolver$$Lambda+0x0000028b9b0b9f68
instanceKlass org/springframework/format/annotation/NumberFormat
instanceKlass org/springframework/core/GenericTypeResolver
instanceKlass org/springframework/context/support/EmbeddedValueResolutionSupport
instanceKlass org/springframework/format/AnnotationFormatterFactory
instanceKlass org/springframework/core/convert/support/OptionalToObjectConverter
instanceKlass org/springframework/core/convert/support/ObjectToOptionalConverter
instanceKlass org/springframework/core/convert/support/FallbackObjectToStringConverter
instanceKlass org/springframework/core/convert/support/IdToEntityConverter
instanceKlass org/springframework/core/convert/support/ObjectToObjectConverter
instanceKlass java/time/ZonedDateTime
instanceKlass java/time/chrono/ChronoZonedDateTime
instanceKlass java/util/Calendar
instanceKlass org/springframework/core/convert/support/ZonedDateTimeToCalendarConverter
instanceKlass org/springframework/core/convert/support/ZoneIdToTimeZoneConverter
instanceKlass org/springframework/core/convert/support/StringToTimeZoneConverter
instanceKlass org/springframework/core/convert/support/InstantToDateConverter
instanceKlass java/util/Date
instanceKlass org/springframework/core/convert/support/DateToInstantConverter
instanceKlass org/springframework/core/convert/support/ByteBufferConverter
instanceKlass  @bci org/springframework/core/convert/TypeDescriptor <init> (Lorg/springframework/core/ResolvableType;Ljava/lang/Class;[Ljava/lang/annotation/Annotation;)V 27 <appendix> member <vmtarget> ; # org/springframework/core/convert/TypeDescriptor$$Lambda+0x0000028b9b0b72b8
instanceKlass org/springframework/core/annotation/AnnotatedElementAdapter
instanceKlass org/springframework/core/convert/TypeDescriptor$AnnotatedElementSupplier
instanceKlass org/springframework/core/convert/TypeDescriptor
instanceKlass org/springframework/core/convert/support/StreamConverter
instanceKlass org/springframework/core/convert/support/ObjectToCollectionConverter
instanceKlass org/springframework/core/convert/support/CollectionToObjectConverter
instanceKlass org/springframework/core/convert/support/StringToCollectionConverter
instanceKlass org/springframework/core/convert/support/ObjectToArrayConverter
instanceKlass org/springframework/core/convert/support/ArrayToObjectConverter
instanceKlass org/springframework/core/convert/support/StringToArrayConverter
instanceKlass org/springframework/core/convert/support/CollectionToStringConverter
instanceKlass org/springframework/core/convert/support/ArrayToStringConverter
instanceKlass org/springframework/core/convert/support/MapToMapConverter
instanceKlass org/springframework/core/convert/support/CollectionToCollectionConverter
instanceKlass org/springframework/core/convert/support/ArrayToArrayConverter
instanceKlass org/springframework/core/convert/support/CollectionToArrayConverter
instanceKlass org/springframework/core/convert/support/ArrayToCollectionConverter
instanceKlass org/springframework/core/convert/support/StringToPatternConverter
instanceKlass java/util/UUID
instanceKlass org/springframework/core/convert/support/StringToUUIDConverter
instanceKlass org/springframework/core/convert/support/PropertiesToStringConverter
instanceKlass org/springframework/core/convert/support/StringToPropertiesConverter
instanceKlass java/util/Currency
instanceKlass org/springframework/core/convert/support/StringToCurrencyConverter
instanceKlass org/springframework/core/convert/support/StringToCharsetConverter
instanceKlass org/springframework/core/convert/support/StringToLocaleConverter
instanceKlass org/springframework/core/convert/support/IntegerToEnumConverterFactory
instanceKlass sun/reflect/generics/tree/Wildcard
instanceKlass sun/reflect/generics/tree/BottomSignature
instanceKlass org/springframework/core/convert/support/AbstractConditionalEnumConverter
instanceKlass org/springframework/core/convert/support/StringToEnumConverterFactory
instanceKlass org/springframework/core/convert/support/StringToBooleanConverter
instanceKlass org/springframework/core/convert/support/CharacterToNumberFactory
instanceKlass org/springframework/core/convert/support/NumberToCharacterConverter
instanceKlass org/springframework/core/convert/support/StringToCharacterConverter
instanceKlass org/springframework/core/convert/support/GenericConversionService$ConverterAdapter
instanceKlass org/springframework/core/convert/support/ObjectToStringConverter
instanceKlass org/springframework/core/convert/support/StringToNumberConverterFactory
instanceKlass java/util/concurrent/ConcurrentLinkedDeque$Node
instanceKlass  @bci org/springframework/core/convert/support/GenericConversionService$Converters getMatchableConverters (Lorg/springframework/core/convert/converter/GenericConverter$ConvertiblePair;)Lorg/springframework/core/convert/support/GenericConversionService$ConvertersForPair; 5 <appendix> argL0 ; # org/springframework/core/convert/support/GenericConversionService$Converters$$Lambda+0x0000028b9b0b1e70
instanceKlass org/springframework/core/convert/support/GenericConversionService$ConvertersForPair
instanceKlass org/springframework/core/convert/converter/GenericConverter$ConvertiblePair
instanceKlass org/springframework/core/convert/support/GenericConversionService$ConverterFactoryAdapter
instanceKlass org/springframework/core/convert/converter/ConditionalGenericConverter
instanceKlass org/springframework/core/convert/support/NumberToNumberConverterFactory
instanceKlass org/springframework/core/convert/converter/ConditionalConverter
instanceKlass org/springframework/core/convert/support/GenericConversionService$Converters
instanceKlass org/springframework/core/convert/support/GenericConversionService$NoOpConverter
instanceKlass org/springframework/core/convert/converter/ConverterFactory
instanceKlass org/springframework/core/convert/converter/Converter
instanceKlass org/springframework/format/Formatter
instanceKlass org/springframework/format/Parser
instanceKlass org/springframework/format/Printer
instanceKlass org/springframework/core/convert/converter/GenericConverter
instanceKlass org/springframework/core/convert/support/GenericConversionService
instanceKlass org/springframework/context/EmbeddedValueResolverAware
instanceKlass org/springframework/format/FormatterRegistry
instanceKlass org/springframework/util/PlaceholderParser
instanceKlass org/springframework/util/PropertyPlaceholderHelper
instanceKlass org/springframework/util/PropertyPlaceholderHelper$PlaceholderResolver
instanceKlass org/springframework/util/SystemPropertyUtils
instanceKlass org/springframework/core/SpringProperties
instanceKlass org/springframework/core/env/AbstractPropertyResolver
instanceKlass org/springframework/boot/origin/OriginLookup
instanceKlass org/springframework/boot/context/properties/source/ConfigurationPropertySources
instanceKlass org/springframework/core/env/MutablePropertySources
instanceKlass org/springframework/core/env/PropertySources
instanceKlass org/springframework/core/env/AbstractEnvironment
instanceKlass  @bci org/springframework/boot/DefaultApplicationContextFactory createEnvironment (Lorg/springframework/boot/WebApplicationType;)Lorg/springframework/core/env/ConfigurableEnvironment; 2 <appendix> argL0 ; # org/springframework/boot/DefaultApplicationContextFactory$$Lambda+0x0000028b9b0aa818
instanceKlass org/springframework/core/env/CommandLineArgs
instanceKlass org/springframework/core/env/SimpleCommandLineArgsParser
instanceKlass org/springframework/boot/DefaultApplicationArguments
instanceKlass java/util/logging/LogManager$CloseOnReset
instanceKlass java/util/logging/StreamHandler$1
instanceKlass java/util/logging/Handler$1
instanceKlass java/util/logging/ErrorManager
instanceKlass jdk/internal/logger/SimpleConsoleLogger$Formatting
instanceKlass sun/util/logging/PlatformLogger
instanceKlass sun/util/logging/PlatformLogger$ConfigurableBridge$LoggerConfiguration
instanceKlass  @bci java/util/logging/SimpleFormatter <init> ()V 5 <appendix> argL0 ; # java/util/logging/SimpleFormatter$$Lambda+0x0000028b9b0c1e50
instanceKlass java/util/logging/Formatter
instanceKlass java/util/logging/LogManager$4
instanceKlass jdk/internal/logger/BootstrapLogger$BootstrapExecutors
instanceKlass jdk/internal/logger/BootstrapLogger$RedirectedLoggers
instanceKlass java/util/concurrent/CopyOnWriteArrayList$COWIterator
instanceKlass jdk/internal/logger/BootstrapLogger$DetectBackend$1
instanceKlass jdk/internal/logger/BootstrapLogger$DetectBackend
instanceKlass jdk/internal/logger/BootstrapLogger
instanceKlass sun/util/logging/PlatformLogger$ConfigurableBridge
instanceKlass sun/util/logging/PlatformLogger$Bridge
instanceKlass java/lang/System$Logger
instanceKlass  @bci java/util/stream/MatchOps makeRef (Ljava/util/function/Predicate;Ljava/util/stream/MatchOps$MatchKind;)Ljava/util/stream/TerminalOp; 20 <appendix> member <vmtarget> ; # java/util/stream/MatchOps$$Lambda+0x800000050
instanceKlass java/util/stream/MatchOps$BooleanTerminalSink
instanceKlass java/util/stream/MatchOps$MatchOp
instanceKlass java/util/stream/MatchOps
instanceKlass java/util/stream/Streams
instanceKlass java/util/stream/Stream$Builder
instanceKlass java/util/stream/Streams$AbstractStreamBuilderImpl
instanceKlass java/util/stream/ReferencePipeline$7$1FlatMap
instanceKlass  @bci java/util/logging/Level$KnownLevel findByName (Ljava/lang/String;Ljava/util/function/Function;)Ljava/util/Optional; 29 <appendix> argL0 ; # java/util/logging/Level$KnownLevel$$Lambda+0x80000002c
instanceKlass  @bci java/util/logging/Level findLevel (Ljava/lang/String;)Ljava/util/logging/Level; 13 <appendix> argL0 ; # java/util/logging/Level$$Lambda+0x80000001a
instanceKlass java/util/Hashtable$Enumerator
instanceKlass java/util/Collections$3
instanceKlass java/util/logging/LogManager$LoggerContext$1
instanceKlass java/util/logging/LogManager$VisitedLoggers
instanceKlass java/util/logging/Logger$ConfigurationData
instanceKlass java/util/logging/Logger$LoggerBundle
instanceKlass java/util/logging/Logger
instanceKlass java/util/logging/LogManager$2
instanceKlass java/lang/System$LoggerFinder
instanceKlass java/security/Security$1
instanceKlass jdk/internal/access/JavaSecurityPropertiesAccess
instanceKlass java/util/concurrent/ConcurrentHashMap$MapEntry
instanceKlass  @bci java/security/Security <clinit> ()V 9 <appendix> argL0 ; # java/security/Security$$Lambda+0x800000012
instanceKlass java/security/Security
instanceKlass sun/security/util/SecurityProperties
instanceKlass sun/security/util/FilePermCompat
instanceKlass java/util/logging/LogManager$LoggingProviderAccess
instanceKlass sun/util/logging/internal/LoggingProviderImpl$LogManagerAccess
instanceKlass java/lang/Shutdown$Lock
instanceKlass java/lang/Shutdown
instanceKlass java/lang/ApplicationShutdownHooks$1
instanceKlass java/lang/ApplicationShutdownHooks
instanceKlass java/util/Collections$SynchronizedMap
instanceKlass java/util/logging/LogManager$LogNode
instanceKlass java/util/logging/LogManager$LoggerContext
instanceKlass java/util/logging/LogManager$1
instanceKlass  @bci java/util/logging/Level$KnownLevel add (Ljava/util/logging/Level;)V 49 <appendix> argL0 ; # java/util/logging/Level$KnownLevel$$Lambda+0x80000002b
instanceKlass  @bci java/util/logging/Level$KnownLevel add (Ljava/util/logging/Level;)V 19 <appendix> argL0 ; # java/util/logging/Level$KnownLevel$$Lambda+0x80000002a
instanceKlass java/util/logging/Level
instanceKlass java/util/logging/Handler
instanceKlass  @bci org/springframework/boot/logging/logback/LogbackLoggingSystem getLoggerContext ()Lch/qos/logback/classic/LoggerContext; 11 <appendix> member <vmtarget> ; # org/springframework/boot/logging/logback/LogbackLoggingSystem$$Lambda+0x0000028b9b0a95b0
instanceKlass org/springframework/boot/logging/AbstractLoggingSystem$LogLevels
instanceKlass org/springframework/boot/logging/LoggerConfigurationComparator
instanceKlass ch/qos/logback/classic/spi/LoggerContextListener
instanceKlass org/springframework/boot/logging/logback/LogbackConfigurator
instanceKlass org/springframework/boot/logging/LoggingSystemProperties
instanceKlass  @bci org/springframework/core/annotation/TypeMappedAnnotation createIfPossible (Lorg/springframework/core/annotation/AnnotationTypeMapping;Ljava/lang/Object;Ljava/lang/annotation/Annotation;ILorg/springframework/core/annotation/IntrospectionFailureLogger;)Lorg/springframework/core/annotation/TypeMappedAnnotation; 3 <appendix> argL0 ; # org/springframework/core/annotation/TypeMappedAnnotation$$Lambda+0x0000028b9b0a3848
instanceKlass org/springframework/core/annotation/AnnotationUtils
instanceKlass org/springframework/core/annotation/ValueExtractor
instanceKlass  @bci org/springframework/core/annotation/AnnotationTypeMappings <init> (Lorg/springframework/core/annotation/RepeatableContainers;Lorg/springframework/core/annotation/AnnotationFilter;Ljava/lang/Class;Ljava/util/Set;)V 36 <appendix> argL0 ; # org/springframework/core/annotation/AnnotationTypeMappings$$Lambda+0x0000028b9b0a2cd8
instanceKlass  @bci sun/reflect/annotation/AnnotationParser parseEnumArray (ILjava/lang/Class;Ljava/nio/ByteBuffer;Ljdk/internal/reflect/ConstantPool;Ljava/lang/Class;)Ljava/lang/Object; 16 <appendix> member <vmtarget> ; # sun/reflect/annotation/AnnotationParser$$Lambda+0x0000028b9b0c0000
instanceKlass org/springframework/core/annotation/AliasFor
instanceKlass org/springframework/core/annotation/AnnotationTypeMapping$MirrorSets
instanceKlass org/springframework/core/annotation/AnnotationTypeMapping$MirrorSets$MirrorSet
instanceKlass org/springframework/core/annotation/AnnotationTypeMapping
instanceKlass  @bci org/springframework/core/annotation/AnnotationTypeMappings forAnnotationType (Ljava/lang/Class;Lorg/springframework/core/annotation/RepeatableContainers;Lorg/springframework/core/annotation/AnnotationFilter;Ljava/util/Set;)Lorg/springframework/core/annotation/AnnotationTypeMappings; 12 <appendix> member <vmtarget> ; # org/springframework/core/annotation/AnnotationTypeMappings$$Lambda+0x0000028b9b0a7b80
instanceKlass org/springframework/core/annotation/AnnotationTypeMappings$Cache
instanceKlass org/springframework/core/annotation/AnnotationTypeMappings
instanceKlass  @bci org/springframework/core/annotation/RepeatableContainers$StandardRepeatableContainers getRepeatedAnnotationsMethod (Ljava/lang/Class;)Ljava/lang/reflect/Method; 4 <appendix> argL0 ; # org/springframework/core/annotation/RepeatableContainers$StandardRepeatableContainers$$Lambda+0x0000028b9b0a7518
instanceKlass  @bci org/springframework/core/annotation/AttributeMethods forAnnotationType (Ljava/lang/Class;)Lorg/springframework/core/annotation/AttributeMethods; 12 <appendix> argL0 ; # org/springframework/core/annotation/AttributeMethods$$Lambda+0x0000028b9b0a72d8
instanceKlass  @bci org/springframework/core/annotation/AttributeMethods <clinit> ()V 31 <appendix> argL0 ; # org/springframework/core/annotation/AttributeMethods$$Lambda+0x0000028b9b0a7040
instanceKlass  @cpi org/springframework/beans/factory/support/AutowireUtils 357 form vmentry <vmtarget> ; # java/lang/invoke/LambdaForm$DMH+0x0000028b9b0a1000
instanceKlass org/springframework/core/annotation/AttributeMethods
instanceKlass org/springframework/beans/factory/aot/BeanFactoryInitializationAotProcessor
instanceKlass org/springframework/boot/logging/logback/LogbackLoggingSystem$Factory
instanceKlass org/springframework/boot/logging/log4j2/Log4J2LoggingSystem$Factory
instanceKlass java/util/logging/LogManager
instanceKlass org/springframework/boot/logging/java/JavaLoggingSystem$Factory
instanceKlass  @bci org/springframework/boot/logging/LoggingSystemFactory fromSpringFactories ()Lorg/springframework/boot/logging/LoggingSystemFactory; 4 <appendix> argL0 ; # org/springframework/boot/logging/LoggingSystemFactory$$Lambda+0x0000028b9b0a4af0
instanceKlass org/springframework/boot/logging/DelegatingLoggingSystemFactory
instanceKlass org/springframework/boot/logging/LoggingSystemFactory
instanceKlass org/springframework/boot/logging/LoggingSystem
instanceKlass org/springframework/aop/SpringProxy
instanceKlass org/springframework/aop/support/AopUtils
instanceKlass org/springframework/context/event/GenericApplicationListenerAdapter
instanceKlass org/springframework/context/event/AbstractApplicationEventMulticaster$CachedListenerRetriever
instanceKlass org/springframework/context/event/AbstractApplicationEventMulticaster$ListenerCacheKey
instanceKlass org/springframework/core/ResolvableTypeProvider
instanceKlass org/springframework/aop/framework/Advised
instanceKlass org/springframework/aop/TargetClassAware
instanceKlass org/springframework/aop/framework/AopProxyUtils
instanceKlass  @bci org/springframework/boot/context/event/EventPublishingRunListener refreshApplicationListeners ()V 16 <appendix> member <vmtarget> ; # org/springframework/boot/context/event/EventPublishingRunListener$$Lambda+0x0000028b9b09e558
instanceKlass  @bci org/springframework/boot/SpringApplicationRunListeners starting (Lorg/springframework/boot/bootstrap/ConfigurableBootstrapContext;Ljava/lang/Class;)V 10 <appendix> member <vmtarget> ; # org/springframework/boot/SpringApplicationRunListeners$$Lambda+0x0000028b9b09e320
instanceKlass  @bci org/springframework/boot/SpringApplicationRunListeners starting (Lorg/springframework/boot/bootstrap/ConfigurableBootstrapContext;Ljava/lang/Class;)V 4 <appendix> member <vmtarget> ; # org/springframework/boot/SpringApplicationRunListeners$$Lambda+0x0000028b9b09e0e8
instanceKlass org/springframework/boot/SpringApplicationRunListeners
# instanceKlass java/lang/invoke/LambdaForm$MH+0x0000028b9b0a0c00
# instanceKlass java/lang/invoke/LambdaForm$MH+0x0000028b9b0a0800
instanceKlass java/util/stream/Nodes$ArrayNode
instanceKlass  @bci org/springframework/core/io/support/SpringFactoriesLoader$FactoryInstantiator resolveArgs (Lorg/springframework/core/io/support/SpringFactoriesLoader$ArgumentResolver;)[Ljava/lang/Object; 22 <appendix> member <vmtarget> ; # org/springframework/core/io/support/SpringFactoriesLoader$FactoryInstantiator$$Lambda+0x0000028b9b09dc58
instanceKlass  @cpi org/apache/kafka/common/requests/MetadataResponse 314 form vmentry <vmtarget> ; # java/lang/invoke/LambdaForm$DMH+0x0000028b9b0a0400
instanceKlass org/springframework/util/ErrorHandler
instanceKlass org/springframework/boot/availability/AvailabilityState
instanceKlass org/springframework/boot/context/event/EventPublishingRunListener
instanceKlass org/springframework/boot/SpringApplicationRunListener
instanceKlass  @bci org/springframework/core/io/support/SpringFactoriesLoader$ArgumentResolver and (Lorg/springframework/core/io/support/SpringFactoriesLoader$ArgumentResolver;)Lorg/springframework/core/io/support/SpringFactoriesLoader$ArgumentResolver; 2 <appendix> member <vmtarget> ; # org/springframework/core/io/support/SpringFactoriesLoader$ArgumentResolver$$Lambda+0x0000028b9b09cac0
instanceKlass  @cpi org/springframework/core/io/support/SpringFactoriesLoader$ArgumentResolver 103 form vmentry <vmtarget> ; # java/lang/invoke/LambdaForm$DMH+0x0000028b9b0a0000
instanceKlass org/springframework/core/io/support/SpringFactoriesLoader$ArgumentResolver$1
instanceKlass  @bci org/springframework/core/io/support/SpringFactoriesLoader$ArgumentResolver ofSupplied (Ljava/lang/Class;Ljava/util/function/Supplier;)Lorg/springframework/core/io/support/SpringFactoriesLoader$ArgumentResolver; 2 <appendix> member <vmtarget> ; # org/springframework/core/io/support/SpringFactoriesLoader$ArgumentResolver$$Lambda+0x0000028b9b09c618
instanceKlass  @bci org/springframework/core/io/support/SpringFactoriesLoader$ArgumentResolver of (Ljava/lang/Class;Ljava/lang/Object;)Lorg/springframework/core/io/support/SpringFactoriesLoader$ArgumentResolver; 2 <appendix> member <vmtarget> ; # org/springframework/core/io/support/SpringFactoriesLoader$ArgumentResolver$$Lambda+0x0000028b9b09c3f0
instanceKlass org/springframework/core/io/support/SpringFactoriesLoader$ArgumentResolver
instanceKlass  @bci org/springframework/boot/SpringApplication createBootstrapContext ()Lorg/springframework/boot/bootstrap/DefaultBootstrapContext; 13 <appendix> member <vmtarget> ; # org/springframework/boot/SpringApplication$$Lambda+0x0000028b9b09bfb8
instanceKlass org/springframework/context/event/AbstractApplicationEventMulticaster$DefaultListenerRetriever
instanceKlass org/springframework/context/event/AbstractApplicationEventMulticaster
instanceKlass org/springframework/beans/factory/BeanFactoryAware
instanceKlass org/springframework/beans/factory/BeanClassLoaderAware
instanceKlass org/springframework/context/event/ApplicationEventMulticaster
instanceKlass org/springframework/boot/bootstrap/DefaultBootstrapContext
instanceKlass org/springframework/boot/SpringApplication$Startup
instanceKlass  @bci org/springframework/boot/SpringApplication findMainClass (Ljava/util/stream/Stream;)Ljava/util/Optional; 16 <appendix> argL0 ; # org/springframework/boot/SpringApplication$$Lambda+0x0000028b9b09a0e0
instanceKlass  @bci org/springframework/boot/SpringApplication findMainClass (Ljava/util/stream/Stream;)Ljava/util/Optional; 1 <appendix> argL0 ; # org/springframework/boot/SpringApplication$$Lambda+0x0000028b9b099e90
instanceKlass  @bci org/springframework/boot/SpringApplication deduceMainApplicationClass ()Ljava/lang/Class; 7 <appendix> member <vmtarget> ; # org/springframework/boot/SpringApplication$$Lambda+0x0000028b9b099c48
instanceKlass org/springframework/boot/logging/DeferredLog$Lines
instanceKlass org/springframework/boot/logging/DeferredLogs
instanceKlass  @bci org/springframework/boot/support/EnvironmentPostProcessorApplicationListener <init> ()V 1 <appendix> argL0 ; # org/springframework/boot/support/EnvironmentPostProcessorApplicationListener$$Lambda+0x0000028b9b099550
instanceKlass org/springframework/boot/support/EnvironmentPostProcessorsFactory
instanceKlass org/springframework/boot/logging/DeferredLogFactory
instanceKlass org/springframework/boot/support/EnvironmentPostProcessorApplicationListener
instanceKlass org/springframework/boot/support/AnsiOutputApplicationListener
instanceKlass  @bci org/springframework/util/MultiValueMapAdapter add (Ljava/lang/Object;Ljava/lang/Object;)V 5 <appendix> argL0 ; # org/springframework/util/MultiValueMapAdapter$$Lambda+0x0000028b9b091000
instanceKlass org/springframework/util/MultiValueMapAdapter
instanceKlass org/springframework/core/ResolvableType$DefaultVariableResolver
instanceKlass sun/reflect/generics/reflectiveObjects/ParameterizedTypeImpl
instanceKlass sun/reflect/generics/tree/TypeVariableSignature
instanceKlass org/springframework/core/ResolvableType$TypeVariablesVariableResolver
instanceKlass org/springframework/core/ResolvableType$SyntheticParameterizedType
instanceKlass org/springframework/core/SerializableTypeWrapper$SerializableTypeProxy
instanceKlass java/lang/reflect/WildcardType
instanceKlass java/lang/reflect/ParameterizedType
instanceKlass org/springframework/core/SerializableTypeWrapper
instanceKlass  @bci org/springframework/core/ResolvableType forClassWithGenerics (Ljava/lang/Class;[Lorg/springframework/core/ResolvableType;)Lorg/springframework/core/ResolvableType; 29 <appendix> member <vmtarget> ; # org/springframework/core/ResolvableType$$Lambda+0x0000028b9b092928
instanceKlass sun/reflect/generics/reflectiveObjects/LazyReflectiveObjectGenerator
instanceKlass sun/reflect/generics/tree/ClassSignature
instanceKlass sun/reflect/generics/tree/Signature
instanceKlass sun/reflect/generics/tree/FormalTypeParameter
instanceKlass java/lang/reflect/TypeVariable
instanceKlass sun/reflect/generics/repository/AbstractRepository
instanceKlass org/springframework/core/ResolvableType$EmptyType
instanceKlass org/springframework/core/SerializableTypeWrapper$TypeProvider
instanceKlass org/springframework/core/ResolvableType$VariableResolver
instanceKlass org/springframework/core/ResolvableType
instanceKlass org/springframework/boot/context/properties/bind/Bindable
instanceKlass org/springframework/boot/context/properties/source/ConfigurationPropertyName$ElementsParser
instanceKlass org/springframework/boot/context/properties/source/ConfigurationPropertyName$Elements
instanceKlass org/springframework/boot/context/properties/source/ConfigurationPropertyName
instanceKlass org/springframework/boot/context/logging/LoggingApplicationListener
instanceKlass org/springframework/context/event/GenericApplicationListener
instanceKlass org/springframework/context/event/SmartApplicationListener
instanceKlass org/springframework/boot/context/FileEncodingApplicationListener
instanceKlass org/springframework/boot/builder/ParentContextCloserApplicationListener
instanceKlass org/springframework/context/ApplicationContextAware
instanceKlass org/springframework/beans/factory/Aware
instanceKlass org/springframework/boot/ClearCachesApplicationListener
instanceKlass org/springframework/core/NativeDetector
instanceKlass java/util/concurrent/CountDownLatch
instanceKlass org/springframework/boot/autoconfigure/preinitialize/BackgroundPreinitializingApplicationListener
instanceKlass org/springframework/core/DecoratingProxy
instanceKlass org/springframework/core/annotation/AbstractMergedAnnotation
instanceKlass java/lang/annotation/Target
instanceKlass java/lang/reflect/Proxy$ProxyBuilder$1
instanceKlass jdk/internal/classfile/impl/TemporaryConstantPool
instanceKlass  @bci jdk/internal/classfile/impl/StackMapDecoder writeTypeInfo (Ljdk/internal/classfile/impl/BufWriterImpl;Ljava/lang/classfile/attribute/StackMapFrameInfo$VerificationTypeInfo;)V 21 <appendix> argL0 member <vmtarget> ; # jdk/internal/classfile/impl/StackMapDecoder$$TypeSwitch+0x0000028b9b07ade0
instanceKlass java/lang/classfile/attribute/StackMapFrameInfo$UninitializedVerificationTypeInfo
instanceKlass jdk/internal/classfile/impl/StackMapDecoder
instanceKlass jdk/internal/classfile/impl/StackCounter
instanceKlass  @bci java/lang/reflect/ProxyGenerator lambda$generateLookupAccessor$6 (Ljava/lang/classfile/MethodBuilder;)V 30 <appendix> member <vmtarget> ; # java/lang/reflect/ProxyGenerator$$Lambda+0x0000028b9b079f20
instanceKlass  @bci java/lang/reflect/ProxyGenerator generateLookupAccessor (Ljava/lang/classfile/ClassBuilder;)V 10 <appendix> member <vmtarget> ; # java/lang/reflect/ProxyGenerator$$Lambda+0x0000028b9b079ce8
instanceKlass java/lang/classfile/constantpool/StringEntry
instanceKlass java/lang/classfile/instruction/StoreInstruction
instanceKlass java/lang/classfile/constantpool/DoubleEntry
instanceKlass java/lang/classfile/constantpool/LongEntry
instanceKlass java/lang/classfile/constantpool/ConstantValueEntry
instanceKlass java/lang/classfile/instruction/ConstantInstruction$LoadConstantInstruction
instanceKlass  @bci java/lang/reflect/ProxyGenerator generateStaticInitializer (Ljava/lang/classfile/ClassBuilder;)V 10 <appendix> member <vmtarget> ; # java/lang/reflect/ProxyGenerator$$Lambda+0x0000028b9b0785e0
instanceKlass java/lang/classfile/instruction/ArrayStoreInstruction
instanceKlass java/lang/classfile/instruction/NewReferenceArrayInstruction
instanceKlass java/lang/classfile/attribute/StackMapTableAttribute
instanceKlass java/lang/classfile/attribute/StackMapFrameInfo
instanceKlass java/lang/classfile/instruction/NewObjectInstruction
instanceKlass java/lang/classfile/instruction/ThrowInstruction
instanceKlass java/lang/classfile/instruction/ExceptionCatch
instanceKlass java/lang/classfile/instruction/FieldInstruction
instanceKlass  @bci java/lang/reflect/ProxyGenerator$ProxyMethod lambda$generateMethod$1 (Ljava/util/List;Ljava/lang/classfile/MethodBuilder;)V 31 <appendix> member <vmtarget> ; # java/lang/reflect/ProxyGenerator$ProxyMethod$$Lambda+0x0000028b9b0758c8
instanceKlass java/lang/classfile/attribute/ExceptionsAttribute
instanceKlass  @bci java/lang/reflect/ProxyGenerator$ProxyMethod generateMethod (Ljava/lang/classfile/ClassBuilder;)V 90 <appendix> member <vmtarget> ; # java/lang/reflect/ProxyGenerator$ProxyMethod$$Lambda+0x0000028b9b074f78
instanceKlass jdk/internal/classfile/impl/TerminalFieldBuilder
instanceKlass  @bci java/lang/classfile/ClassBuilder withField (Ljava/lang/String;Ljava/lang/constant/ClassDesc;I)Ljava/lang/classfile/ClassBuilder; 4 <appendix> member <vmtarget> ; # java/lang/classfile/ClassBuilder$$Lambda+0x0000028b9b074800
instanceKlass  @cpi org/apache/kafka/common/requests/OffsetCommitRequest$Builder 114 form vmentry <vmtarget> ; # java/lang/invoke/LambdaForm$DMH+0x0000028b9b090c00
instanceKlass java/lang/classfile/FieldBuilder
instanceKlass  @bci java/lang/reflect/ProxyGenerator generateConstructor (Ljava/lang/classfile/ClassBuilder;)V 8 <appendix> member <vmtarget> ; # java/lang/reflect/ProxyGenerator$$Lambda+0x0000028b9b0743c8
instanceKlass java/lang/classfile/Interfaces
instanceKlass java/lang/classfile/Superclass
instanceKlass  @bci java/lang/reflect/ProxyGenerator generateClassFile ()[B 188 <appendix> member <vmtarget> ; # java/lang/reflect/ProxyGenerator$$Lambda+0x0000028b9b0738e0
instanceKlass  @cpi org/apache/kafka/clients/consumer/internals/SubscriptionState$TopicPartitionState 261 form vmentry <vmtarget> ; # java/lang/invoke/LambdaForm$DMH+0x0000028b9b090800
instanceKlass  @bci java/lang/reflect/ProxyGenerator addProxyMethod (Ljava/lang/reflect/Method;Ljava/lang/Class;)V 23 <appendix> argL0 ; # java/lang/reflect/ProxyGenerator$$Lambda+0x0000028b9b0736a0
instanceKlass  @bci java/lang/reflect/ProxyGenerator addProxyMethod (Ljava/lang/reflect/ProxyGenerator$ProxyMethod;)V 10 <appendix> argL0 ; # java/lang/reflect/ProxyGenerator$$Lambda+0x0000028b9b073460
instanceKlass java/util/StringJoiner
instanceKlass java/lang/reflect/ProxyGenerator$ProxyMethod
instanceKlass java/lang/classfile/constantpool/InterfaceMethodRefEntry
instanceKlass java/lang/classfile/constantpool/FieldRefEntry
instanceKlass java/lang/classfile/attribute/StackMapFrameInfo$ObjectVerificationTypeInfo
instanceKlass java/lang/classfile/attribute/StackMapFrameInfo$VerificationTypeInfo
instanceKlass  @bci jdk/internal/classfile/impl/StackMapDecoder writeTypeInfo (Ljdk/internal/classfile/impl/BufWriterImpl;Ljava/lang/classfile/attribute/StackMapFrameInfo$VerificationTypeInfo;)V 21 <appendix> form vmentry <vmtarget> ; # java/lang/invoke/LambdaForm$MH+0x0000028b9b090400
# instanceKlass java/lang/invoke/LambdaForm$MH+0x0000028b9b090000
instanceKlass java/lang/runtime/SwitchBootstraps$ResolvedEnumLabels
instanceKlass  @bci jdk/internal/classfile/impl/ClassFileImpl withOptions ([Ljava/lang/classfile/ClassFile$Option;)Ljdk/internal/classfile/impl/ClassFileImpl; 99 <appendix> argL0 member <vmtarget> ; # jdk/internal/classfile/impl/ClassFileImpl$$TypeSwitch+0x0000028b9b071b10
instanceKlass jdk/internal/org/objectweb/asm/ClassReader
instanceKlass jdk/internal/classfile/impl/ClassReaderImpl
instanceKlass java/lang/classfile/ClassReader
instanceKlass jdk/internal/classfile/impl/RawBytecodeHelper
instanceKlass java/util/BitSet
instanceKlass jdk/internal/classfile/impl/StackMapGenerator$Frame
instanceKlass jdk/internal/classfile/impl/ClassHierarchyImpl$CachedClassHierarchyResolver$1
instanceKlass java/lang/classfile/ClassHierarchyResolver$ClassHierarchyInfo
instanceKlass jdk/internal/classfile/impl/ClassHierarchyImpl$CachedClassHierarchyResolver
instanceKlass jdk/internal/classfile/impl/StackMapGenerator
instanceKlass jdk/internal/classfile/impl/DirectCodeBuilder$8
instanceKlass jdk/internal/classfile/impl/AbstractAttributeMapper
instanceKlass java/lang/classfile/AttributeMapper
instanceKlass java/lang/classfile/Attributes
instanceKlass java/lang/classfile/Attribute
instanceKlass java/lang/classfile/instruction/TypeCheckInstruction
instanceKlass java/lang/classfile/instruction/TableSwitchInstruction
instanceKlass java/util/ReverseOrderListView
instanceKlass java/lang/classfile/instruction/SwitchCase
instanceKlass java/lang/classfile/instruction/ReturnInstruction
instanceKlass java/lang/classfile/instruction/ConstantInstruction$IntrinsicConstantInstruction
instanceKlass java/lang/classfile/instruction/BranchInstruction
instanceKlass java/lang/classfile/instruction/StackInstruction
instanceKlass java/lang/classfile/instruction/InvokeInstruction
instanceKlass java/lang/classfile/constantpool/MethodRefEntry
instanceKlass java/lang/classfile/constantpool/MemberRefEntry
instanceKlass java/lang/classfile/constantpool/NameAndTypeEntry
instanceKlass java/lang/classfile/instruction/ConstantInstruction$ArgumentConstantInstruction
instanceKlass java/lang/classfile/instruction/ConstantInstruction
instanceKlass java/lang/classfile/CodeBuilder$1
instanceKlass jdk/internal/classfile/impl/BytecodeHelpers$1
instanceKlass jdk/internal/classfile/impl/BytecodeHelpers
instanceKlass java/lang/classfile/instruction/LoadInstruction
instanceKlass java/lang/classfile/Instruction
instanceKlass java/lang/classfile/instruction/LabelTarget
instanceKlass java/lang/classfile/PseudoInstruction
instanceKlass java/lang/classfile/CodeElement
instanceKlass java/lang/classfile/Label
instanceKlass jdk/internal/classfile/impl/BufWriterImpl
instanceKlass java/lang/classfile/BufWriter
instanceKlass jdk/internal/classfile/impl/TerminalCodeBuilder
instanceKlass jdk/internal/classfile/impl/LabelContext
instanceKlass jdk/internal/classfile/impl/MethodInfo
instanceKlass jdk/internal/classfile/impl/TerminalMethodBuilder
instanceKlass  @bci java/lang/classfile/ClassBuilder withMethodBody (Ljava/lang/classfile/constantpool/Utf8Entry;Ljava/lang/classfile/constantpool/Utf8Entry;ILjava/util/function/Consumer;)Ljava/lang/classfile/ClassBuilder; 6 <appendix> member <vmtarget> ; # java/lang/classfile/ClassBuilder$$Lambda+0x800000002
instanceKlass java/lang/classfile/MethodBuilder
instanceKlass  @bci java/lang/runtime/SwitchBootstraps generateTypeSwitchSkeleton (Ljava/lang/Class;[Ljava/lang/Object;Ljava/util/List;Ljava/util/List;)Ljava/util/function/Consumer; 24 <appendix> member <vmtarget> ; # java/lang/runtime/SwitchBootstraps$$Lambda+0x80000000f
instanceKlass java/lang/classfile/CodeBuilder
instanceKlass jdk/internal/classfile/impl/AbstractElement
instanceKlass java/lang/classfile/AccessFlags
instanceKlass java/lang/classfile/FieldElement
instanceKlass java/lang/classfile/MethodElement
instanceKlass java/lang/classfile/ClassElement
instanceKlass jdk/internal/classfile/impl/AttributeHolder
instanceKlass jdk/internal/classfile/impl/AbstractDirectBuilder
instanceKlass java/lang/classfile/constantpool/ClassEntry
instanceKlass java/lang/classfile/constantpool/LoadableConstantEntry
instanceKlass java/lang/classfile/constantpool/Utf8Entry
instanceKlass java/lang/classfile/constantpool/AnnotationConstantValueEntry
instanceKlass jdk/internal/classfile/impl/EntryMap
instanceKlass jdk/internal/classfile/impl/AbstractPoolEntry
instanceKlass jdk/internal/classfile/impl/Util
instanceKlass jdk/internal/classfile/impl/BootstrapMethodEntryImpl
instanceKlass java/lang/classfile/BootstrapMethodEntry
instanceKlass java/lang/classfile/constantpool/PoolEntry
instanceKlass jdk/internal/classfile/impl/SplitConstantPool
instanceKlass java/lang/classfile/constantpool/ConstantPoolBuilder
instanceKlass java/lang/classfile/WritableElement
instanceKlass java/lang/classfile/ClassFileElement
instanceKlass java/lang/classfile/constantpool/ConstantPool
instanceKlass  @bci java/lang/runtime/SwitchBootstraps generateTypeSwitch (Ljava/lang/invoke/MethodHandles$Lookup;Ljava/lang/Class;[Ljava/lang/Object;)Ljava/lang/invoke/MethodHandle; 35 <appendix> member <vmtarget> ; # java/lang/runtime/SwitchBootstraps$$Lambda+0x800000011
instanceKlass java/lang/classfile/ClassBuilder
instanceKlass java/lang/classfile/ClassFileBuilder
instanceKlass java/lang/invoke/DirectMethodHandle$1
instanceKlass java/util/function/BiPredicate
instanceKlass java/lang/runtime/SwitchBootstraps
instanceKlass jdk/internal/classfile/impl/ClassFileImpl$1
instanceKlass java/lang/classfile/ClassFile$AttributeMapperOption
instanceKlass jdk/internal/classfile/impl/ClassHierarchyImpl$ClassLoadingClassHierarchyResolver$1
instanceKlass jdk/internal/classfile/impl/ClassHierarchyImpl$ClassLoadingClassHierarchyResolver
instanceKlass jdk/internal/classfile/impl/ClassHierarchyImpl
instanceKlass java/lang/classfile/ClassHierarchyResolver
instanceKlass java/lang/classfile/ClassFile$ClassHierarchyResolverOption
instanceKlass java/lang/classfile/ClassFile
instanceKlass java/lang/classfile/ClassFile$Option
instanceKlass java/lang/reflect/ProxyGenerator
instanceKlass  @bci java/lang/reflect/Proxy getLoader (Ljava/lang/Module;)Ljava/lang/ClassLoader; 6 <appendix> member <vmtarget> ; # java/lang/reflect/Proxy$$Lambda+0x0000028b9b06e6a8
instanceKlass  @bci java/lang/WeakPairMap computeIfAbsent (Ljava/lang/Object;Ljava/lang/Object;Ljava/util/function/BiFunction;)Ljava/lang/Object; 18 <appendix> member <vmtarget> ; # java/lang/WeakPairMap$$Lambda+0x0000028b9b06e250
instanceKlass  @bci java/lang/Module implAddExportsOrOpens (Ljava/lang/String;Ljava/lang/Module;ZZ)V 145 <appendix> argL0 ; # java/lang/Module$$Lambda+0x0000028b9b06e020
instanceKlass  @bci java/lang/module/ModuleDescriptor$Builder packages (Ljava/util/Set;)Ljava/lang/module/ModuleDescriptor$Builder; 17 <appendix> argL0 ; # java/lang/module/ModuleDescriptor$Builder$$Lambda+0x800000004
instanceKlass java/lang/WeakPairMap$Pair$Lookup
instanceKlass java/lang/WeakPairMap$Pair
instanceKlass java/lang/WeakPairMap
instanceKlass java/lang/Module$ReflectionData
instanceKlass jdk/internal/module/Checks
instanceKlass java/lang/module/ModuleDescriptor$Builder
instanceKlass  @bci java/lang/reflect/Proxy$ProxyBuilder getDynamicModule (Ljava/lang/ClassLoader;)Ljava/lang/Module; 4 <appendix> argL0 ; # java/lang/reflect/Proxy$ProxyBuilder$$Lambda+0x0000028b9b06d6c8
instanceKlass java/lang/PublicMethods
instanceKlass java/lang/reflect/Proxy$ProxyBuilder
instanceKlass  @bci java/lang/reflect/Proxy getProxyConstructor (Ljava/lang/Class;Ljava/lang/ClassLoader;[Ljava/lang/Class;)Ljava/lang/reflect/Constructor; 35 <appendix> argL0 ; # java/lang/reflect/Proxy$$Lambda+0x0000028b9b06c3f8
instanceKlass java/lang/reflect/Proxy
instanceKlass sun/reflect/annotation/AnnotationInvocationHandler
instanceKlass java/lang/reflect/InvocationHandler
instanceKlass sun/reflect/annotation/AnnotationParser$1
instanceKlass sun/reflect/annotation/ExceptionProxy
instanceKlass java/lang/annotation/Documented
instanceKlass java/lang/annotation/Inherited
instanceKlass java/lang/annotation/Retention
instanceKlass sun/reflect/annotation/AnnotationType$1
instanceKlass sun/reflect/annotation/AnnotationType
instanceKlass java/lang/reflect/GenericArrayType
instanceKlass java/lang/FunctionalInterface
instanceKlass sun/reflect/generics/visitor/Reifier
instanceKlass sun/reflect/generics/visitor/TypeTreeVisitor
instanceKlass sun/reflect/generics/factory/CoreReflectionFactory
instanceKlass sun/reflect/generics/factory/GenericsFactory
instanceKlass sun/reflect/generics/scope/AbstractScope
instanceKlass sun/reflect/generics/scope/Scope
instanceKlass sun/reflect/generics/tree/ClassTypeSignature
instanceKlass sun/reflect/generics/tree/SimpleClassTypeSignature
instanceKlass sun/reflect/generics/tree/FieldTypeSignature
instanceKlass sun/reflect/generics/tree/BaseType
instanceKlass sun/reflect/generics/tree/TypeSignature
instanceKlass sun/reflect/generics/tree/ReturnType
instanceKlass sun/reflect/generics/tree/TypeArgument
instanceKlass sun/reflect/generics/tree/TypeTree
instanceKlass sun/reflect/generics/tree/Tree
instanceKlass sun/reflect/generics/parser/SignatureParser
instanceKlass java/lang/Class$AnnotationData
instanceKlass org/springframework/core/annotation/AnnotationsScanner$1
instanceKlass org/springframework/core/annotation/MergedAnnotationSelectors$FirstDirectlyDeclared
instanceKlass org/springframework/core/annotation/MergedAnnotationSelectors$Nearest
instanceKlass org/springframework/core/annotation/MergedAnnotationSelector
instanceKlass org/springframework/core/annotation/MergedAnnotationSelectors
instanceKlass org/springframework/core/annotation/MergedAnnotation
instanceKlass org/springframework/core/annotation/TypeMappedAnnotations$MergedAnnotationFinder
instanceKlass org/springframework/core/annotation/Order
instanceKlass org/springframework/core/annotation/OrderUtils
instanceKlass org/springframework/core/annotation/AnnotationsScanner
instanceKlass org/springframework/core/annotation/AnnotationsProcessor
instanceKlass org/springframework/core/annotation/TypeMappedAnnotations
instanceKlass  @bci org/springframework/core/annotation/MergedAnnotations$Search <clinit> ()V 8 <appendix> argL0 ; # org/springframework/core/annotation/MergedAnnotations$Search$$Lambda+0x0000028b9b08f5c8
instanceKlass  @bci org/springframework/core/annotation/MergedAnnotations$Search <clinit> ()V 0 <appendix> argL0 ; # org/springframework/core/annotation/MergedAnnotations$Search$$Lambda+0x0000028b9b08f378
instanceKlass org/springframework/core/annotation/MergedAnnotations$Search
instanceKlass org/springframework/core/annotation/AnnotationFilter$2
instanceKlass org/springframework/core/annotation/AnnotationFilter$1
instanceKlass java/util/ComparableTimSort
instanceKlass org/springframework/core/annotation/PackagesAnnotationFilter
instanceKlass org/springframework/core/annotation/AnnotationFilter
instanceKlass org/springframework/core/annotation/RepeatableContainers
instanceKlass org/springframework/core/annotation/MergedAnnotations
instanceKlass org/springframework/core/PriorityOrdered
instanceKlass org/springframework/boot/io/ProtocolResolverApplicationContextInitializer
instanceKlass org/springframework/boot/context/ContextIdApplicationContextInitializer
instanceKlass org/springframework/boot/context/ConfigurationWarningsApplicationContextInitializer
instanceKlass  @bci org/springframework/boot/logging/LogLevel <clinit> ()V 97 <appendix> argL0 ; # org/springframework/boot/logging/LogLevel$$Lambda+0x0000028b9b08ac58
instanceKlass  @bci org/springframework/boot/logging/LogLevel <clinit> ()V 79 <appendix> argL0 ; # org/springframework/boot/logging/LogLevel$$Lambda+0x0000028b9b08aa38
instanceKlass  @bci org/springframework/boot/logging/LogLevel <clinit> ()V 61 <appendix> argL0 ; # org/springframework/boot/logging/LogLevel$$Lambda+0x0000028b9b08a818
instanceKlass  @bci org/springframework/boot/logging/LogLevel <clinit> ()V 43 <appendix> argL0 ; # org/springframework/boot/logging/LogLevel$$Lambda+0x0000028b9b08a5f8
instanceKlass  @bci org/springframework/boot/logging/LogLevel <clinit> ()V 25 <appendix> argL0 ; # org/springframework/boot/logging/LogLevel$$Lambda+0x0000028b9b08a3d8
instanceKlass  @bci org/springframework/boot/logging/LogLevel <clinit> ()V 7 <appendix> argL0 ; # org/springframework/boot/logging/LogLevel$$Lambda+0x0000028b9b08a1b8
instanceKlass  @cpi org/springframework/core/annotation/MergedAnnotationCollectors 269 form vmentry <vmtarget> ; # java/lang/invoke/LambdaForm$DMH+0x0000028b9b08c400
instanceKlass org/springframework/boot/logging/LogLevel$LogMethod
instanceKlass org/springframework/boot/autoconfigure/logging/ConditionEvaluationReportLoggingListener
instanceKlass  @bci org/springframework/util/ReflectionUtils <clinit> ()V 8 <appendix> argL0 ; # org/springframework/util/ReflectionUtils$$Lambda+0x0000028b9b089910
instanceKlass org/springframework/util/ReflectionUtils$FieldFilter
instanceKlass  @bci org/springframework/util/ReflectionUtils <clinit> ()V 0 <appendix> argL0 ; # org/springframework/util/ReflectionUtils$$Lambda+0x0000028b9b0894e0
instanceKlass  @cpi org/apache/kafka/common/telemetry/internals/ClientTelemetryUtils 472 form vmentry <vmtarget> ; # java/lang/invoke/LambdaForm$DMH+0x0000028b9b08c000
instanceKlass org/springframework/util/ReflectionUtils$MethodFilter
instanceKlass org/springframework/util/ReflectionUtils
instanceKlass  @bci org/springframework/core/io/support/SpringFactoriesLoader$FactoryInstantiator forClass (Ljava/lang/Class;)Lorg/springframework/core/io/support/SpringFactoriesLoader$FactoryInstantiator; 15 <appendix> member <vmtarget> ; # org/springframework/core/io/support/SpringFactoriesLoader$FactoryInstantiator$$Lambda+0x0000028b9b088eb0
instanceKlass org/springframework/core/KotlinDetector
instanceKlass org/springframework/core/io/support/SpringFactoriesLoader$FactoryInstantiator
instanceKlass  @bci org/springframework/core/io/support/SpringFactoriesLoader instantiateFactory (Ljava/lang/String;Ljava/lang/Class;Lorg/springframework/core/io/support/SpringFactoriesLoader$ArgumentResolver;Lorg/springframework/core/io/support/SpringFactoriesLoader$FailureHandler;)Ljava/lang/Object; 18 <appendix> member <vmtarget> ; # org/springframework/core/io/support/SpringFactoriesLoader$$Lambda+0x0000028b9b088870
instanceKlass org/springframework/boot/autoconfigure/SharedMetadataReaderFactoryContextInitializer
instanceKlass org/springframework/beans/factory/aot/BeanRegistrationExcludeFilter
instanceKlass org/springframework/core/Ordered
instanceKlass org/springframework/context/ApplicationContextInitializer
instanceKlass org/springframework/util/ObjectUtils
instanceKlass org/springframework/boot/bootstrap/BootstrapRegistryInitializer
instanceKlass java/util/IdentityHashMap$EntryIterator$Entry
instanceKlass java/util/IdentityHashMap$IdentityHashMapIterator
instanceKlass org/springframework/util/ClassUtils
instanceKlass org/springframework/core/log/LogMessage
instanceKlass org/springframework/boot/WebApplicationType$Deducer
instanceKlass java/util/stream/Node$Builder
instanceKlass java/util/stream/AbstractSpinedBuffer
instanceKlass java/util/stream/Node$OfDouble
instanceKlass java/util/stream/Node$OfLong
instanceKlass java/util/stream/Node$OfInt
instanceKlass java/util/stream/Node$OfPrimitive
instanceKlass java/util/stream/Nodes$EmptyNode
instanceKlass java/util/stream/Node
instanceKlass java/util/stream/Nodes
instanceKlass  @bci java/util/stream/ReferencePipeline toArray ()[Ljava/lang/Object; 1 <appendix> argL0 ; # java/util/stream/ReferencePipeline$$Lambda+0x0000028b9b0651c8
instanceKlass java/util/function/IntFunction
instanceKlass java/util/ImmutableCollections$Access$1
instanceKlass jdk/internal/access/JavaUtilCollectionAccess
instanceKlass java/util/ImmutableCollections$Access
instanceKlass java/util/stream/DistinctOps
instanceKlass java/util/ArrayList$ArrayListSpliterator
instanceKlass  @bci org/springframework/core/io/support/SpringFactoriesLoader loadFactoriesResource (Ljava/lang/ClassLoader;Ljava/lang/String;)Ljava/util/Map; 63 <appendix> argL0 ; # org/springframework/core/io/support/SpringFactoriesLoader$$Lambda+0x0000028b9b086d00
instanceKlass  @bci org/springframework/core/io/support/SpringFactoriesLoader lambda$loadFactoriesResource$0 (Ljava/util/Map;Ljava/lang/Object;Ljava/lang/Object;)V 53 <appendix> member <vmtarget> ; # org/springframework/core/io/support/SpringFactoriesLoader$$Lambda+0x0000028b9b086ac8
instanceKlass  @bci org/springframework/core/io/support/SpringFactoriesLoader lambda$loadFactoriesResource$0 (Ljava/util/Map;Ljava/lang/Object;Ljava/lang/Object;)V 36 <appendix> argL0 ; # org/springframework/core/io/support/SpringFactoriesLoader$$Lambda+0x0000028b9b086888
instanceKlass  @bci org/springframework/core/io/support/SpringFactoriesLoader lambda$loadFactoriesResource$0 (Ljava/util/Map;Ljava/lang/Object;Ljava/lang/Object;)V 17 <appendix> member <vmtarget> ; # org/springframework/core/io/support/SpringFactoriesLoader$$Lambda+0x0000028b9b086640
instanceKlass  @bci org/springframework/core/io/support/SpringFactoriesLoader loadFactoriesResource (Ljava/lang/ClassLoader;Ljava/lang/String;)Ljava/util/Map; 51 <appendix> member <vmtarget> ; # org/springframework/core/io/support/SpringFactoriesLoader$$Lambda+0x0000028b9b086408
instanceKlass java/net/URLDecoder
instanceKlass org/springframework/util/MultiValueMap
instanceKlass org/springframework/util/CollectionUtils
instanceKlass org/springframework/util/ResourceUtils
instanceKlass org/springframework/util/PropertiesPersister
instanceKlass org/springframework/core/io/support/PropertiesLoaderUtils
instanceKlass java/nio/channels/ReadableByteChannel
instanceKlass java/nio/channels/Channel
instanceKlass org/springframework/core/io/AbstractResource
instanceKlass  @bci org/springframework/core/io/support/SpringFactoriesLoader forResourceLocation (Ljava/lang/String;Ljava/lang/ClassLoader;)Lorg/springframework/core/io/support/SpringFactoriesLoader; 42 <appendix> member <vmtarget> ; # org/springframework/core/io/support/SpringFactoriesLoader$$Lambda+0x0000028b9b082b60
instanceKlass org/springframework/util/ConcurrentReferenceHashMap$Entry
instanceKlass  @bci org/springframework/util/ConcurrentReferenceHashMap$Segment doTask (ILjava/lang/Object;Lorg/springframework/util/ConcurrentReferenceHashMap$Task;)Ljava/lang/Object; 112 <adapter> ; # java/lang/invoke/LambdaForm$MH+0x0000028b9b084c00
# instanceKlass java/lang/invoke/LambdaForm$DMH+0x0000028b9b084800
instanceKlass  @bci org/springframework/util/ConcurrentReferenceHashMap$Segment doTask (ILjava/lang/Object;Lorg/springframework/util/ConcurrentReferenceHashMap$Task;)Ljava/lang/Object; 112 <appendix> form vmentry <vmtarget> ; # java/lang/invoke/LambdaForm$DMH+0x0000028b9b084400
instanceKlass  @bci org/springframework/util/ConcurrentReferenceHashMap$Segment doTask (ILjava/lang/Object;Lorg/springframework/util/ConcurrentReferenceHashMap$Task;)Ljava/lang/Object; 112 <appendix> member <vmtarget> ; # org/springframework/util/ConcurrentReferenceHashMap$Segment$$Lambda+0x0000028b9b082260
instanceKlass  @cpi org/springframework/util/ConcurrentReferenceHashMap$Segment 256 form vmentry <vmtarget> ; # java/lang/invoke/LambdaForm$DMH+0x0000028b9b084000
instanceKlass org/springframework/util/ConcurrentReferenceHashMap$Entries
instanceKlass  @bci org/springframework/core/io/support/SpringFactoriesLoader forResourceLocation (Ljava/lang/String;Ljava/lang/ClassLoader;)Lorg/springframework/core/io/support/SpringFactoriesLoader; 24 <appendix> argL0 ; # org/springframework/core/io/support/SpringFactoriesLoader$$Lambda+0x0000028b9b0815a0
instanceKlass org/springframework/util/StringUtils
instanceKlass org/springframework/util/ConcurrentReferenceHashMap$Reference
instanceKlass org/springframework/util/ConcurrentReferenceHashMap$ReferenceManager
instanceKlass org/springframework/util/ConcurrentReferenceHashMap$Task
instanceKlass  @bci org/springframework/core/io/support/SpringFactoriesLoader$FailureHandler handleMessage (Ljava/util/function/BiConsumer;)Lorg/springframework/core/io/support/SpringFactoriesLoader$FailureHandler; 1 <appendix> member <vmtarget> ; # org/springframework/core/io/support/SpringFactoriesLoader$FailureHandler$$Lambda+0x0000028b9b03e820
instanceKlass  @bci org/springframework/core/io/support/SpringFactoriesLoader$FailureHandler throwing (Ljava/util/function/BiFunction;)Lorg/springframework/core/io/support/SpringFactoriesLoader$FailureHandler; 1 <appendix> member <vmtarget> ; # org/springframework/core/io/support/SpringFactoriesLoader$FailureHandler$$Lambda+0x0000028b9b03e5e8
instanceKlass  @bci org/springframework/core/io/support/SpringFactoriesLoader$FailureHandler throwing ()Lorg/springframework/core/io/support/SpringFactoriesLoader$FailureHandler; 0 <appendix> argL0 ; # org/springframework/core/io/support/SpringFactoriesLoader$FailureHandler$$Lambda+0x0000028b9b03e3b8
instanceKlass org/springframework/core/io/support/SpringFactoriesLoader$FailureHandler
instanceKlass org/springframework/core/io/Resource
instanceKlass org/springframework/core/io/InputStreamSource
instanceKlass org/springframework/core/io/support/SpringFactoriesLoader
instanceKlass org/springframework/util/Assert
instanceKlass org/springframework/boot/ApplicationProperties
instanceKlass org/springframework/core/metrics/DefaultApplicationStartup$DefaultStartupStep$DefaultTags
instanceKlass org/springframework/core/metrics/StartupStep$Tags
instanceKlass org/springframework/core/metrics/DefaultApplicationStartup$DefaultStartupStep
instanceKlass org/springframework/core/metrics/StartupStep
instanceKlass org/springframework/core/metrics/DefaultApplicationStartup
instanceKlass org/springframework/core/metrics/ApplicationStartup
instanceKlass org/springframework/context/ConfigurableApplicationContext
instanceKlass org/springframework/context/Lifecycle
instanceKlass org/springframework/boot/DefaultApplicationContextFactory
instanceKlass org/springframework/boot/ApplicationContextFactory
instanceKlass org/springframework/boot/SpringApplicationShutdownHook$ApplicationContextClosedListener
instanceKlass org/springframework/boot/SpringApplicationShutdownHook$Handlers
instanceKlass org/springframework/boot/SpringApplicationShutdownHandlers
instanceKlass org/springframework/boot/SpringApplicationShutdownHook
instanceKlass org/apache/commons/logging/impl/Slf4jLogFactory$Slf4jLocationAwareLog
instanceKlass ch/qos/logback/classic/util/LoggerNameUtil
instanceKlass  @bci org/apache/commons/logging/impl/Slf4jLogFactory getInstance (Ljava/lang/String;)Lorg/apache/commons/logging/Log; 5 <appendix> argL0 ; # org/apache/commons/logging/impl/Slf4jLogFactory$$Lambda+0x0000028b9b03ad28
instanceKlass  @bci org/apache/commons/logging/LogFactory newStandardFactory (Ljava/lang/ClassLoader;)Lorg/apache/commons/logging/LogFactory; 36 <appendix> argL0 ; # org/apache/commons/logging/LogFactory$$Lambda+0x0000028b9b03ab08
instanceKlass org/slf4j/helpers/BasicMarker
instanceKlass org/slf4j/helpers/Reporter
instanceKlass ch/qos/logback/core/util/StatusPrinter2
instanceKlass ch/qos/logback/core/util/StatusPrinter
instanceKlass ch/qos/logback/core/status/StatusUtil
instanceKlass ch/qos/logback/core/spi/AppenderAttachableImpl
instanceKlass ch/qos/logback/core/util/ReentryGuard$ReentryGuardImpl
instanceKlass ch/qos/logback/core/util/ReentryGuard
instanceKlass ch/qos/logback/core/util/ReentryGuardFactory
instanceKlass ch/qos/logback/core/pattern/Converter
instanceKlass java/util/concurrent/atomic/AtomicReference
instanceKlass ch/qos/logback/core/util/CachingDateFormatter$CacheTuple
instanceKlass  @bci java/time/format/DateTimeFormatter <clinit> ()V 1075 <appendix> argL0 ; # java/time/format/DateTimeFormatter$$Lambda+0x800000015
instanceKlass  @bci java/time/format/DateTimeFormatter <clinit> ()V 1067 <appendix> argL0 ; # java/time/format/DateTimeFormatter$$Lambda+0x800000014
instanceKlass java/time/Period
instanceKlass java/time/chrono/ChronoPeriod
instanceKlass java/time/format/DateTimeFormatterBuilder$TextPrinterParser
instanceKlass java/time/format/DateTimeTextProvider$1
instanceKlass java/time/format/DateTimeTextProvider
instanceKlass java/util/Collections$1
instanceKlass java/util/AbstractMap$SimpleImmutableEntry
instanceKlass java/time/format/DateTimeTextProvider$LocaleStore
instanceKlass java/time/format/DateTimeFormatterBuilder$InstantPrinterParser
instanceKlass java/time/format/DateTimeFormatterBuilder$StringLiteralPrinterParser
instanceKlass java/time/format/DateTimeFormatterBuilder$ZoneIdPrinterParser
instanceKlass java/time/format/DateTimeFormatterBuilder$OffsetIdPrinterParser
instanceKlass java/time/format/DecimalStyle
instanceKlass java/time/format/DateTimeFormatterBuilder$CompositePrinterParser
instanceKlass java/time/chrono/AbstractChronology
instanceKlass java/time/chrono/Chronology
instanceKlass java/time/format/DateTimeFormatterBuilder$CharLiteralPrinterParser
instanceKlass java/time/format/DateTimeFormatterBuilder$NumberPrinterParser
instanceKlass java/time/format/DateTimeFormatterBuilder$DateTimePrinterParser
instanceKlass java/time/temporal/JulianFields
instanceKlass java/time/temporal/IsoFields
instanceKlass  @bci java/time/format/DateTimeFormatterBuilder <clinit> ()V 0 <appendix> argL0 ; # java/time/format/DateTimeFormatterBuilder$$Lambda+0x800000016
instanceKlass java/time/temporal/TemporalQuery
instanceKlass java/time/format/DateTimeFormatterBuilder
instanceKlass java/time/format/DateTimeFormatter
instanceKlass java/time/LocalTime
instanceKlass java/time/Instant
instanceKlass java/time/temporal/ValueRange
instanceKlass java/time/Duration
instanceKlass java/time/temporal/TemporalAmount
instanceKlass java/time/temporal/TemporalUnit
instanceKlass java/time/temporal/TemporalField
instanceKlass java/time/LocalDate
instanceKlass java/time/chrono/ChronoLocalDate
instanceKlass java/time/zone/ZoneOffsetTransition
instanceKlass  @bci java/time/ZoneOffset ofTotalSeconds (I)Ljava/time/ZoneOffset; 37 <appendix> argL0 ; # java/time/ZoneOffset$$Lambda+0x800000013
instanceKlass java/time/LocalDateTime
instanceKlass java/time/chrono/ChronoLocalDateTime
instanceKlass java/time/temporal/TemporalAdjuster
instanceKlass java/time/temporal/Temporal
instanceKlass java/time/zone/ZoneOffsetTransitionRule
instanceKlass java/time/zone/ZoneRules
instanceKlass java/time/zone/Ser
instanceKlass java/io/Externalizable
instanceKlass java/util/Arrays$ArrayItr
instanceKlass java/time/zone/ZoneRulesProvider$1
instanceKlass java/time/zone/ZoneRulesProvider
instanceKlass sun/util/calendar/ZoneInfoFile$ZoneOffsetTransitionRule
instanceKlass jdk/internal/util/ByteArray
instanceKlass sun/util/calendar/ZoneInfoFile$1
instanceKlass sun/util/calendar/ZoneInfoFile
instanceKlass java/util/TimeZone
instanceKlass java/time/ZoneId
instanceKlass java/time/temporal/TemporalAccessor
instanceKlass ch/qos/logback/core/util/CachingDateFormatter
instanceKlass ch/qos/logback/core/util/SimpleTimeBasedGuard
instanceKlass java/util/concurrent/atomic/AtomicBoolean
instanceKlass ch/qos/logback/core/util/COWArrayList
instanceKlass ch/qos/logback/core/spi/FilterAttachableImpl
instanceKlass ch/qos/logback/core/Appender
instanceKlass ch/qos/logback/core/spi/FilterAttachable
instanceKlass ch/qos/logback/core/encoder/Encoder
instanceKlass ch/qos/logback/core/Layout
instanceKlass  @bci org/apache/kafka/clients/consumer/internals/Heartbeat <init> (Lorg/apache/kafka/clients/GroupRebalanceConfig;Lorg/apache/kafka/common/utils/Time;)V 140 <appendix> form vmentry <vmtarget> ; # java/lang/invoke/LambdaForm$MH+0x0000028b9b033c00
# instanceKlass java/lang/invoke/LambdaForm$MH+0x0000028b9b033800
instanceKlass  @bci org/apache/kafka/clients/consumer/internals/Heartbeat <init> (Lorg/apache/kafka/clients/GroupRebalanceConfig;Lorg/apache/kafka/common/utils/Time;)V 140 <appendix> argL3 form vmentry <vmtarget> ; # java/lang/invoke/LambdaForm$MH+0x0000028b9b033400
# instanceKlass java/lang/invoke/LambdaForm$MH+0x0000028b9b033000
instanceKlass  @bci org/apache/kafka/clients/Metadata$LeaderAndEpoch toString ()Ljava/lang/String; 27 <appendix> argL2 form vmentry <vmtarget> ; # java/lang/invoke/LambdaForm$MH+0x0000028b9b032c00
# instanceKlass java/lang/invoke/LambdaForm$MH+0x0000028b9b032800
# instanceKlass java/lang/invoke/LambdaForm$MH+0x0000028b9b032400
instanceKlass jdk/internal/foreign/MemorySessionImpl
instanceKlass java/lang/foreign/MemorySegment$Scope
instanceKlass  @bci ch/qos/logback/classic/util/ContextInitializer printDuration (JLch/qos/logback/classic/spi/Configurator;Lch/qos/logback/classic/spi/Configurator$ExecutionStatus;)V 31 <adapter> ; # java/lang/invoke/LambdaForm$MH+0x0000028b9b032000
# instanceKlass java/lang/invoke/LambdaForm$DMH+0x0000028b9b031c00
instanceKlass  @bci ch/qos/logback/classic/util/ContextInitializer printDuration (JLch/qos/logback/classic/spi/Configurator;Lch/qos/logback/classic/spi/Configurator$ExecutionStatus;)V 31 <appendix> form vmentry <vmtarget> ; # java/lang/invoke/LambdaForm$MH+0x0000028b9b031800
instanceKlass java/lang/invoke/LambdaFormEditor$1
# instanceKlass java/lang/invoke/LambdaForm$MH+0x0000028b9b031400
instanceKlass  @bci ch/qos/logback/classic/util/ContextInitializer printDuration (JLch/qos/logback/classic/spi/Configurator;Lch/qos/logback/classic/spi/Configurator$ExecutionStatus;)V 31 <appendix> form names 8 function resolvedHandle form vmentry <vmtarget> ; # java/lang/invoke/LambdaForm$DMH+0x0000028b9b031000
instanceKlass  @bci ch/qos/logback/classic/util/ContextInitializer printDuration (JLch/qos/logback/classic/spi/Configurator;Lch/qos/logback/classic/spi/Configurator$ExecutionStatus;)V 31 <appendix> argL3 form vmentry <vmtarget> ; # java/lang/invoke/LambdaForm$MH+0x0000028b9b030c00
instanceKlass java/lang/invoke/MethodHandles$1
# instanceKlass java/lang/invoke/LambdaForm$MH+0x0000028b9b030800
# instanceKlass java/lang/invoke/LambdaForm$MH+0x0000028b9b030400
# instanceKlass java/lang/invoke/LambdaForm$MH+0x0000028b9b030000
# instanceKlass java/lang/invoke/LambdaForm$MH+0x0000028b9b02fc00
# instanceKlass java/lang/invoke/LambdaForm$MH+0x0000028b9b02f800
# instanceKlass java/lang/invoke/LambdaForm$MH+0x0000028b9b02f400
instanceKlass  @bci ch/qos/logback/classic/util/ContextInitializer printDuration (JLch/qos/logback/classic/spi/Configurator;Lch/qos/logback/classic/spi/Configurator$ExecutionStatus;)V 31 <appendix> form names 12 function resolvedHandle form vmentry <vmtarget> ; # java/lang/invoke/LambdaForm$DMH+0x0000028b9b02f000
instanceKlass  @bci ch/qos/logback/classic/util/ContextInitializer printDuration (JLch/qos/logback/classic/spi/Configurator;Lch/qos/logback/classic/spi/Configurator$ExecutionStatus;)V 31 <appendix> argL1 form vmentry <vmtarget> ; # java/lang/invoke/LambdaForm$MH+0x0000028b9b02ec00
instanceKlass  @bci org/apache/kafka/clients/Metadata$LeaderAndEpoch toString ()Ljava/lang/String; 27 <appendix> argL1 argL0 form vmentry <vmtarget> ; # java/lang/invoke/LambdaForm$MH+0x0000028b9b02e800
# instanceKlass java/lang/invoke/LambdaForm$MH+0x0000028b9b02e400
instanceKlass  @bci ch/qos/logback/classic/util/ContextInitializer printDuration (JLch/qos/logback/classic/spi/Configurator;Lch/qos/logback/classic/spi/Configurator$ExecutionStatus;)V 31 <appendix> argL1 form names 9 function resolvedHandle form vmentry <vmtarget> ; # java/lang/invoke/LambdaForm$DMH+0x0000028b9b02e000
instanceKlass  @bci ch/qos/logback/classic/util/ContextInitializer printDuration (JLch/qos/logback/classic/spi/Configurator;Lch/qos/logback/classic/spi/Configurator$ExecutionStatus;)V 31 <appendix> argL1 argL0 form vmentry <vmtarget> ; # java/lang/invoke/LambdaForm$MH+0x0000028b9b02dc00
instanceKlass  @bci org/apache/kafka/clients/consumer/internals/SubscriptionState$FetchPosition toString ()Ljava/lang/String; 18 <appendix> argL1 argL0 argL0 form vmentry <vmtarget> ; # java/lang/invoke/LambdaForm$MH+0x0000028b9b02d800
# instanceKlass java/lang/invoke/LambdaForm$MH+0x0000028b9b02d400
# instanceKlass java/lang/invoke/LambdaForm$MH+0x0000028b9b02d000
# instanceKlass java/lang/invoke/LambdaForm$MH+0x0000028b9b02cc00
# instanceKlass java/lang/invoke/LambdaForm$MH+0x0000028b9b02c800
instanceKlass java/lang/Long$LongCache
# instanceKlass java/lang/invoke/LambdaForm$MH+0x0000028b9b02c400
instanceKlass ch/qos/logback/core/spi/ContextAwareBase
instanceKlass ch/qos/logback/classic/util/ClassicEnvUtil
instanceKlass ch/qos/logback/core/status/StatusListener
instanceKlass ch/qos/logback/core/util/StatusListenerConfigHelper
instanceKlass ch/qos/logback/core/status/StatusBase
instanceKlass java/util/Formatter$Flags
instanceKlass java/util/Formattable
instanceKlass java/util/Formatter$FormatSpecifier
instanceKlass java/util/Formatter$Conversion
instanceKlass java/util/Formatter$FixedString
instanceKlass java/util/Formatter$FormatString
instanceKlass java/util/Formatter
instanceKlass ch/qos/logback/core/util/VersionUtil
instanceKlass ch/qos/logback/classic/ClassicConstants
instanceKlass ch/qos/logback/classic/util/ClassicVersionUtil
instanceKlass ch/qos/logback/core/CoreConstants
instanceKlass  @bci org/apache/kafka/clients/consumer/internals/metrics/KafkaConsumerMetrics <init> (Lorg/apache/kafka/common/metrics/Metrics;Ljava/lang/String;)V 10 <appendix> form vmentry <vmtarget> ; # java/lang/invoke/LambdaForm$MH+0x0000028b9b02c000
instanceKlass ch/qos/logback/core/util/CoreVersionUtil
instanceKlass ch/qos/logback/core/util/OptionHelper
instanceKlass ch/qos/logback/core/util/Loader
instanceKlass ch/qos/logback/classic/spi/Configurator
instanceKlass ch/qos/logback/core/spi/ContextAwareImpl
instanceKlass ch/qos/logback/classic/util/ContextInitializer$1
instanceKlass ch/qos/logback/core/spi/ContextAware
instanceKlass ch/qos/logback/classic/util/ContextInitializer
instanceKlass org/slf4j/MDC
instanceKlass ch/qos/logback/classic/util/LogbackMDCAdapter
instanceKlass ch/qos/logback/classic/Level
instanceKlass ch/qos/logback/classic/spi/ILoggingEvent
instanceKlass ch/qos/logback/core/spi/DeferredProcessingAware
instanceKlass org/slf4j/spi/LoggingEventBuilder
instanceKlass ch/qos/logback/classic/Logger
instanceKlass ch/qos/logback/core/spi/AppenderAttachable
instanceKlass org/slf4j/spi/LoggingEventAware
instanceKlass org/slf4j/spi/LocationAwareLogger
instanceKlass ch/qos/logback/classic/spi/LoggerContextVO
instanceKlass ch/qos/logback/core/spi/LogbackLock
instanceKlass ch/qos/logback/core/helpers/CyclicBuffer
instanceKlass ch/qos/logback/core/BasicStatusManager
instanceKlass java/util/concurrent/ExecutorService
instanceKlass java/util/concurrent/Executor
instanceKlass ch/qos/logback/core/status/Status
instanceKlass ch/qos/logback/core/status/StatusManager
instanceKlass ch/qos/logback/core/ContextBase
instanceKlass ch/qos/logback/core/spi/LifeCycle
instanceKlass ch/qos/logback/core/Context
instanceKlass ch/qos/logback/core/spi/PropertyContainer
instanceKlass ch/qos/logback/classic/spi/LogbackServiceProvider
instanceKlass org/slf4j/helpers/Util
instanceKlass org/slf4j/helpers/NOPMDCAdapter
instanceKlass org/slf4j/helpers/NOPLoggerFactory
instanceKlass org/slf4j/helpers/NOP_FallbackServiceProvider
instanceKlass org/slf4j/helpers/ThreadLocalMapOfStacks
instanceKlass org/slf4j/helpers/BasicMDCAdapter
instanceKlass org/slf4j/Marker
instanceKlass org/slf4j/helpers/BasicMarkerFactory
instanceKlass java/util/concurrent/LinkedBlockingQueue$Node
instanceKlass java/util/concurrent/BlockingQueue
instanceKlass org/slf4j/Logger
instanceKlass org/slf4j/helpers/SubstituteLoggerFactory
instanceKlass org/slf4j/ILoggerFactory
instanceKlass org/slf4j/spi/MDCAdapter
instanceKlass org/slf4j/helpers/SubstituteServiceProvider
instanceKlass org/slf4j/event/LoggingEvent
instanceKlass org/slf4j/spi/SLF4JServiceProvider
instanceKlass org/slf4j/LoggerFactory
instanceKlass org/slf4j/IMarkerFactory
instanceKlass org/slf4j/MarkerFactory
instanceKlass org/apache/commons/logging/Log
instanceKlass  @bci org/apache/logging/log4j/util/SortedArrayStringMap <clinit> ()V 0 <appendix> argL0 ; # org/apache/logging/log4j/util/SortedArrayStringMap$$Lambda+0x0000028b9b01da00
instanceKlass  @cpi org/apache/logging/log4j/util/SortedArrayStringMap 405 form vmentry <vmtarget> ; # java/lang/invoke/LambdaForm$DMH+0x0000028b9b01d400
instanceKlass org/apache/logging/log4j/util/TriConsumer
instanceKlass org/apache/logging/log4j/util/SortedArrayStringMap
instanceKlass org/apache/logging/log4j/util/IndexedStringMap
instanceKlass org/apache/logging/log4j/util/IndexedReadOnlyStringMap
instanceKlass org/apache/logging/log4j/util/StringMap
instanceKlass org/apache/logging/log4j/util/ReadOnlyStringMap
instanceKlass org/apache/logging/slf4j/MDCContextMap
instanceKlass org/apache/logging/log4j/spi/CleanableThreadContextMap
instanceKlass org/apache/logging/log4j/spi/ThreadContextMap2
instanceKlass java/util/TimSort
instanceKlass java/util/Arrays$LegacyMergeSort
instanceKlass  @bci org/apache/logging/log4j/util/PropertiesUtil$Environment get (Ljava/lang/String;)Ljava/lang/String; 35 <appendix> argL0 ; # org/apache/logging/log4j/util/PropertiesUtil$Environment$$Lambda+0x0000028b9b01eb08
instanceKlass  @bci org/apache/logging/log4j/util/PropertiesUtil$Environment get (Ljava/lang/String;)Ljava/lang/String; 25 <appendix> member <vmtarget> ; # org/apache/logging/log4j/util/PropertiesUtil$Environment$$Lambda+0x0000028b9b01e8c0
instanceKlass java/util/stream/SortedOps
instanceKlass org/apache/logging/log4j/util/PropertySource$Comparator
instanceKlass  @bci java/util/regex/Pattern union (Ljava/util/regex/Pattern$CharPredicate;Ljava/util/regex/Pattern$CharPredicate;Z)Ljava/util/regex/Pattern$CharPredicate; 6 <appendix> member <vmtarget> ; # java/util/regex/Pattern$$Lambda+0x800000039
instanceKlass  @bci java/util/regex/Pattern Range (II)Ljava/util/regex/Pattern$CharPredicate; 23 <appendix> member <vmtarget> ; # java/util/regex/Pattern$$Lambda+0x800000033
instanceKlass  @bci java/util/regex/Pattern Single (I)Ljava/util/regex/Pattern$BmpCharPredicate; 1 <appendix> member <vmtarget> ; # java/util/regex/Pattern$$Lambda+0x800000032
instanceKlass org/apache/logging/log4j/util/PropertySource$Util
instanceKlass org/apache/logging/log4j/util/Cast
instanceKlass org/apache/logging/log4j/util/LazyUtil$1
instanceKlass org/apache/logging/log4j/util/LazyUtil
instanceKlass org/apache/logging/log4j/util/SystemPropertiesPropertySource
instanceKlass org/apache/logging/log4j/util/EnvironmentPropertySource
instanceKlass java/util/ServiceLoader$ProviderImpl
instanceKlass java/util/ServiceLoader$Provider
instanceKlass java/util/ServiceLoader$1
instanceKlass org/springframework/boot/logging/log4j2/SpringBootPropertySource
instanceKlass sun/net/www/MessageHeader
instanceKlass sun/net/www/protocol/jar/JarFileFactory
instanceKlass sun/net/www/protocol/jar/URLJarFile$URLJarFileCloseController
instanceKlass java/net/URLConnection
instanceKlass java/util/stream/ForEachOps$ForEachOp
instanceKlass java/util/stream/ForEachOps
instanceKlass  @bci org/apache/logging/log4j/util/PropertiesUtil$Environment <init> (Lorg/apache/logging/log4j/util/PropertySource;)V 99 <appendix> member <vmtarget> ; # org/apache/logging/log4j/util/PropertiesUtil$Environment$$Lambda+0x0000028b9b01b2a8
instanceKlass  @bci org/apache/logging/log4j/util/ServiceLoaderUtil safeStream (Ljava/lang/Class;Ljava/util/ServiceLoader;Lorg/apache/logging/log4j/Logger;)Ljava/util/stream/Stream; 71 <appendix> member <vmtarget> ; # org/apache/logging/log4j/util/ServiceLoaderUtil$$Lambda+0x0000028b9b01b050
instanceKlass org/apache/logging/log4j/util/OsgiServiceLocator
instanceKlass  @bci org/apache/logging/log4j/util/StackLocator getCallerClass (I)Ljava/lang/Class; 15 <appendix> argL0 ; # org/apache/logging/log4j/util/StackLocator$$Lambda+0x0000028b9b01ac08
instanceKlass  @cpi org/apache/kafka/clients/consumer/internals/OffsetFetcherUtils 335 form vmentry <vmtarget> ; # java/lang/invoke/LambdaForm$DMH+0x0000028b9b01d000
instanceKlass java/util/stream/SliceOps
# instanceKlass java/lang/invoke/LambdaForm$MH+0x0000028b9b01cc00
instanceKlass java/lang/StackStreamFactory$FrameBuffer
instanceKlass java/lang/StackStreamFactory
instanceKlass  @bci org/apache/logging/log4j/util/StackLocator getCallerClass (I)Ljava/lang/Class; 4 <appendix> member <vmtarget> ; # org/apache/logging/log4j/util/StackLocator$$Lambda+0x0000028b9b01a9c8
instanceKlass  @cpi org/apache/logging/log4j/util/StackLocator 271 form vmentry <vmtarget> ; # java/lang/invoke/LambdaForm$DMH+0x0000028b9b01c800
instanceKlass org/apache/logging/log4j/util/StackLocator
instanceKlass org/apache/logging/log4j/util/StackLocatorUtil
instanceKlass java/util/Spliterators$AbstractSpliterator
instanceKlass org/apache/logging/log4j/util/ServiceLoaderUtil
instanceKlass java/util/Collections$SynchronizedCollection
instanceKlass java/util/Properties$EntrySet
instanceKlass  @bci org/apache/logging/log4j/util/PropertiesUtil$Environment <init> (Lorg/apache/logging/log4j/util/PropertySource;)V 34 <appendix> argL0 ; # org/apache/logging/log4j/util/PropertiesUtil$Environment$$Lambda+0x0000028b9b019ec8
instanceKlass org/apache/logging/log4j/util/BiConsumer
instanceKlass org/apache/logging/log4j/util/PropertiesUtil$Environment
instanceKlass java/util/LinkedHashMap$LinkedHashIterator
instanceKlass org/apache/logging/log4j/util/PropertiesPropertySource
instanceKlass  @bci java/util/regex/CharPredicates ASCII_WORD ()Ljava/util/regex/Pattern$BmpCharPredicate; 0 <appendix> argL0 ; # java/util/regex/CharPredicates$$Lambda+0x0000028b9b055c68
instanceKlass  @bci java/util/regex/CharPredicates ASCII_SPACE ()Ljava/util/regex/Pattern$BmpCharPredicate; 0 <appendix> argL0 ; # java/util/regex/CharPredicates$$Lambda+0x80000002f
instanceKlass  @bci java/util/regex/CharPredicates ASCII_DIGIT ()Ljava/util/regex/Pattern$BmpCharPredicate; 0 <appendix> argL0 ; # java/util/regex/CharPredicates$$Lambda+0x80000002e
instanceKlass org/apache/logging/log4j/util/LazyUtil$SafeLazy
instanceKlass org/apache/logging/log4j/util/Lazy
instanceKlass  @bci org/apache/logging/log4j/util/PropertiesUtil <clinit> ()V 6 <appendix> argL0 ; # org/apache/logging/log4j/util/PropertiesUtil$$Lambda+0x0000028b9b018f08
instanceKlass org/apache/logging/log4j/util/PropertySource
instanceKlass org/apache/logging/log4j/util/PropertiesUtil
instanceKlass org/apache/logging/log4j/util/LoaderUtil$ThreadContextClassLoaderGetter
instanceKlass  @bci org/apache/logging/log4j/util/LoaderUtil <clinit> ()V 23 <appendix> argL0 ; # org/apache/logging/log4j/util/LoaderUtil$$Lambda+0x0000028b9b0186a8
instanceKlass  @cpi org/apache/logging/log4j/util/LoaderUtil 455 form vmentry <vmtarget> ; # java/lang/invoke/LambdaForm$DMH+0x0000028b9b01c400
# instanceKlass java/lang/invoke/LambdaForm$DMH+0x0000028b9b01c000
instanceKlass org/apache/logging/log4j/util/LazyBoolean
instanceKlass java/util/function/BooleanSupplier
instanceKlass org/apache/logging/log4j/util/LoaderUtil
instanceKlass org/apache/logging/log4j/spi/LoggerRegistry
instanceKlass org/apache/logging/slf4j/SLF4JLoggerContext
instanceKlass org/apache/logging/log4j/spi/LoggerContext
instanceKlass org/apache/logging/slf4j/SLF4JLoggerContextFactory
instanceKlass java/util/concurrent/ConcurrentLinkedQueue$Node
instanceKlass java/util/concurrent/locks/ReentrantReadWriteLock$WriteLock
instanceKlass java/util/concurrent/locks/ReentrantReadWriteLock$ReadLock
instanceKlass java/util/concurrent/locks/ReentrantReadWriteLock
instanceKlass org/apache/logging/log4j/message/ExitMessage
instanceKlass org/apache/logging/log4j/message/EntryMessage
instanceKlass org/apache/logging/log4j/message/FlowMessage
instanceKlass org/apache/logging/log4j/status/StatusConsoleListener
instanceKlass  @bci java/util/regex/Pattern negate (Ljava/util/regex/Pattern$CharPredicate;)Ljava/util/regex/Pattern$CharPredicate; 1 <appendix> member <vmtarget> ; # java/util/regex/Pattern$$Lambda+0x800000038
instanceKlass  @bci java/util/regex/CharPredicates forUnicodeBlock (Ljava/lang/String;)Ljava/util/regex/Pattern$CharPredicate; 6 <appendix> member <vmtarget> ; # java/util/regex/CharPredicates$$Lambda+0x0000028b9b0532a8
instanceKlass java/lang/Character$Subset
instanceKlass java/util/regex/CharPredicates
instanceKlass java/util/regex/Pattern$TreeInfo
instanceKlass java/util/regex/Pattern$BitClass
instanceKlass java/util/regex/Pattern$BmpCharPredicate
instanceKlass java/util/regex/IntHashSet
instanceKlass java/util/regex/Matcher
instanceKlass java/util/regex/MatchResult
instanceKlass  @bci java/util/regex/Pattern DOT ()Ljava/util/regex/Pattern$CharPredicate; 0 <appendix> argL0 ; # java/util/regex/Pattern$$Lambda+0x0000028b9b052448
instanceKlass java/util/regex/Pattern$CharPredicate
instanceKlass java/util/regex/ASCII
instanceKlass java/util/regex/Pattern$Node
instanceKlass java/util/regex/Pattern
instanceKlass  @bci org/apache/logging/log4j/status/StatusLogger$PropertiesUtilsDouble normalizeProperties ([Ljava/util/Properties;)Ljava/util/Map; 31 <appendix> member <vmtarget> ; # org/apache/logging/log4j/status/StatusLogger$PropertiesUtilsDouble$$Lambda+0x0000028b9b00d000
instanceKlass  @cpi org/apache/kafka/clients/consumer/RangeAssignor$TopicAssignmentState 231 form vmentry <vmtarget> ; # java/lang/invoke/LambdaForm$DMH+0x0000028b9b00c400
instanceKlass java/util/Collections$UnmodifiableMap$UnmodifiableEntrySet$UnmodifiableEntry
instanceKlass java/util/Collections$UnmodifiableMap$UnmodifiableEntrySet$1
instanceKlass java/lang/ProcessEnvironment$CheckedEntry
instanceKlass java/lang/ProcessEnvironment$CheckedEntrySet$1
instanceKlass java/lang/ProcessEnvironment$EntryComparator
instanceKlass java/lang/ProcessEnvironment$NameComparator
instanceKlass org/apache/logging/log4j/status/StatusLogger$PropertiesUtilsDouble
instanceKlass org/apache/logging/log4j/status/StatusLogger$Config
instanceKlass org/apache/logging/log4j/status/StatusLogger$InstanceHolder
instanceKlass java/util/RegularEnumSet$EnumSetIterator
instanceKlass  @bci org/apache/logging/log4j/util/Strings <clinit> ()V 0 <appendix> argL0 ; # org/apache/logging/log4j/util/Strings$$Lambda+0x0000028b9b0172c8
instanceKlass org/apache/logging/log4j/util/Strings
instanceKlass org/apache/logging/log4j/Level
instanceKlass  @bci org/apache/logging/log4j/spi/AbstractLogger <clinit> ()V 142 <appendix> argL0 ; # org/apache/logging/log4j/spi/AbstractLogger$$Lambda+0x0000028b9b016640
instanceKlass org/apache/logging/log4j/internal/DefaultLogBuilder
instanceKlass org/apache/logging/log4j/BridgeAware
instanceKlass org/apache/logging/log4j/message/DefaultFlowMessageFactory
instanceKlass org/apache/logging/log4j/message/FlowMessageFactory
instanceKlass org/apache/logging/log4j/message/AbstractMessageFactory
instanceKlass  @bci org/apache/logging/log4j/MarkerManager getMarker (Ljava/lang/String;)Lorg/apache/logging/log4j/Marker; 4 <appendix> argL0 ; # org/apache/logging/log4j/MarkerManager$$Lambda+0x0000028b9b015318
instanceKlass org/apache/logging/log4j/MarkerManager$Log4jMarker
instanceKlass org/apache/logging/log4j/util/StringBuilderFormattable
instanceKlass org/apache/logging/log4j/Marker
instanceKlass org/apache/logging/log4j/MarkerManager
instanceKlass org/apache/logging/log4j/status/StatusListener
instanceKlass java/util/concurrent/locks/ReadWriteLock
instanceKlass org/apache/logging/log4j/LogBuilder
instanceKlass org/apache/logging/log4j/message/Message
instanceKlass org/apache/logging/log4j/message/MessageFactory2
instanceKlass org/apache/logging/log4j/message/MessageFactory
instanceKlass org/apache/logging/log4j/spi/AbstractLogger
instanceKlass org/apache/logging/log4j/spi/LocationAwareLogger
instanceKlass org/apache/logging/log4j/spi/ExtendedLogger
instanceKlass org/apache/logging/log4j/spi/ThreadContextMap
instanceKlass org/apache/logging/log4j/spi/LoggerContextFactory
instanceKlass org/apache/logging/log4j/Logger
instanceKlass org/apache/logging/log4j/spi/Provider
instanceKlass  @bci org/apache/commons/logging/LogFactory isClassAvailable (Ljava/lang/String;Ljava/lang/ClassLoader;)Z 2 <appendix> member <vmtarget> ; # org/apache/commons/logging/LogFactory$$Lambda+0x0000028b9b00b7f8
instanceKlass java/util/ServiceLoader$3
instanceKlass java/util/ServiceLoader$2
instanceKlass java/util/ServiceLoader$LazyClassPathLookupIterator
instanceKlass java/util/Spliterators$1Adapter
instanceKlass java/util/Spliterators$ArraySpliterator
instanceKlass java/util/ServiceLoader$ModuleServicesLookupIterator
instanceKlass java/util/ServiceLoader
instanceKlass  @bci org/apache/commons/logging/LogFactory getFactory ()Lorg/apache/commons/logging/LogFactory; 240 <appendix> argL0 ; # org/apache/commons/logging/LogFactory$$Lambda+0x0000028b9b00b5d8
instanceKlass  @bci org/apache/commons/logging/LogFactory getFactory ()Lorg/apache/commons/logging/LogFactory; 196 <appendix> argL0 ; # org/apache/commons/logging/LogFactory$$Lambda+0x0000028b9b00b3b8
instanceKlass jdk/internal/loader/URLClassPath$1
instanceKlass java/lang/CompoundEnumeration
instanceKlass jdk/internal/loader/BuiltinClassLoader$1
instanceKlass java/util/Collections$EmptyEnumeration
instanceKlass java/util/Collections$EmptyIterator
instanceKlass jdk/internal/jimage/ImageLocation
instanceKlass jdk/internal/jimage/decompressor/Decompressor
instanceKlass jdk/internal/jimage/ImageStringsReader
instanceKlass jdk/internal/jimage/ImageStrings
instanceKlass jdk/internal/jimage/ImageHeader
instanceKlass jdk/internal/jimage/NativeImageBuffer$1
instanceKlass jdk/internal/jimage/NativeImageBuffer
instanceKlass jdk/internal/jimage/BasicImageReader$1
instanceKlass jdk/internal/jimage/BasicImageReader
instanceKlass jdk/internal/jimage/ImageReader
instanceKlass jdk/internal/jimage/ImageReaderFactory$1
instanceKlass java/nio/file/FileSystems$DefaultFileSystemHolder$1
instanceKlass java/nio/file/FileSystems$DefaultFileSystemHolder
instanceKlass java/nio/file/FileSystems
instanceKlass java/nio/file/Paths
instanceKlass jdk/internal/jimage/ImageReaderFactory
instanceKlass jdk/internal/module/SystemModuleFinders$SystemImage
instanceKlass jdk/internal/module/SystemModuleFinders$SystemModuleReader
instanceKlass java/lang/module/ModuleReader
instanceKlass jdk/internal/loader/BuiltinClassLoader$5
instanceKlass jdk/internal/loader/BuiltinClassLoader$2
instanceKlass jdk/internal/module/Resources
instanceKlass  @bci org/apache/commons/logging/LogFactory getResources (Ljava/lang/ClassLoader;Ljava/lang/String;)Ljava/util/Enumeration; 2 <appendix> member <vmtarget> ; # org/apache/commons/logging/LogFactory$$Lambda+0x0000028b9b00b190
instanceKlass org/apache/commons/logging/impl/WeakHashtable$Referenced
instanceKlass  @bci org/apache/commons/logging/LogFactory getContextClassLoaderInternal ()Ljava/lang/ClassLoader; 0 <appendix> argL0 ; # org/apache/commons/logging/LogFactory$$Lambda+0x0000028b9b00ab10
instanceKlass  @bci org/apache/commons/logging/LogFactory getSystemProperty (Ljava/lang/String;Ljava/lang/String;)Ljava/lang/String; 2 <appendix> member <vmtarget> ; # org/apache/commons/logging/LogFactory$$Lambda+0x0000028b9b00a510
instanceKlass  @cpi jdk/jfr/internal/SecuritySupport 775 form vmentry <vmtarget> ; # java/lang/invoke/LambdaForm$DMH+0x0000028b9b00c000
instanceKlass org/apache/commons/logging/LogFactory
instanceKlass org/springframework/boot/env/PropertySourceInfo
instanceKlass org/springframework/core/env/PropertySource
instanceKlass org/springframework/core/env/ConfigurableEnvironment
instanceKlass org/springframework/core/env/ConfigurablePropertyResolver
instanceKlass org/springframework/core/convert/support/ConfigurableConversionService
instanceKlass org/springframework/core/convert/converter/ConverterRegistry
instanceKlass org/springframework/core/convert/ConversionService
instanceKlass org/springframework/core/OrderComparator$OrderSourceProvider
instanceKlass org/springframework/beans/factory/config/ConfigurableBeanFactory
instanceKlass org/springframework/beans/factory/config/SingletonBeanRegistry
instanceKlass org/springframework/context/ApplicationContext
instanceKlass org/springframework/core/io/support/ResourcePatternResolver
instanceKlass org/springframework/core/io/ResourceLoader
instanceKlass org/springframework/context/ApplicationEventPublisher
instanceKlass org/springframework/context/MessageSource
instanceKlass org/springframework/beans/factory/HierarchicalBeanFactory
instanceKlass org/springframework/beans/factory/ListableBeanFactory
instanceKlass org/springframework/beans/factory/BeanFactory
instanceKlass sun/nio/ch/Util$BufferCache
instanceKlass sun/nio/ch/Util
instanceKlass org/springframework/core/env/EnvironmentCapable
instanceKlass jdk/internal/event/Event
instanceKlass org/springframework/context/ApplicationListener
instanceKlass java/util/EventListener
instanceKlass org/springframework/beans/factory/config/BeanFactoryPostProcessor
instanceKlass java/lang/invoke/VarHandle$AccessDescriptor
instanceKlass sun/nio/ch/NativeThread
instanceKlass sun/net/NetHooks
instanceKlass org/springframework/core/OrderComparator
instanceKlass sun/net/spi/DefaultProxySelector$3
instanceKlass sun/net/spi/DefaultProxySelector$NonProxyInfo
instanceKlass java/net/URI$Parser
instanceKlass java/util/EventObject
instanceKlass java/util/Properties$LineReader
instanceKlass org/springframework/core/env/Environment
instanceKlass org/springframework/core/env/PropertyResolver
instanceKlass sun/net/NetProperties$1
instanceKlass sun/net/NetProperties
instanceKlass sun/net/spi/DefaultProxySelector$1
instanceKlass java/net/Proxy
instanceKlass java/net/ProxySelector
instanceKlass org/springframework/boot/ApplicationArguments
instanceKlass java/net/SocksSocketImpl$3
instanceKlass  @bci sun/nio/ch/NioSocketImpl closerFor (Ljava/io/FileDescriptor;Z)Ljava/lang/Runnable; 5 <appendix> member <vmtarget> ; # sun/nio/ch/NioSocketImpl$$Lambda+0x0000028b9b049570
instanceKlass org/springframework/boot/bootstrap/ConfigurableBootstrapContext
instanceKlass org/springframework/boot/bootstrap/BootstrapContext
instanceKlass  @cpi jdk/jfr/internal/jfc/model/JFCModel 472 form vmentry <vmtarget> ; # java/lang/invoke/LambdaForm$DMH+0x0000028b9b006000
instanceKlass org/springframework/boot/bootstrap/BootstrapRegistry
instanceKlass org/springframework/boot/SpringApplication
instanceKlass com/fasterxml/jackson/core/TreeCodec
instanceKlass jdk/net/ExtendedSocketOptions$2
instanceKlass jdk/net/ExtendedSocketOptions$PlatformSocketOptions
instanceKlass jdk/net/ExtendedSocketOptions$ExtSocketOption
instanceKlass java/net/SocketOption
instanceKlass jdk/net/ExtendedSocketOptions
instanceKlass sun/net/ext/ExtendedSocketOptions
instanceKlass java/net/Inet6Address$Inet6AddressHolder
instanceKlass sun/nio/ch/Net$1
instanceKlass java/net/ProtocolFamily
instanceKlass sun/nio/ch/Net
instanceKlass java/net/SocksConsts
instanceKlass com/fasterxml/jackson/core/Versioned
instanceKlass sun/nio/ch/IOUtil
instanceKlass sun/nio/ch/NativeDispatcher
instanceKlass sun/net/PlatformSocketImpl
instanceKlass java/net/SocketImpl
instanceKlass java/net/SocketOptions
instanceKlass java/net/InetSocketAddress$InetSocketAddressHolder
instanceKlass java/net/InetAddress$PlatformResolver
instanceKlass java/net/spi/InetAddressResolver
instanceKlass java/net/spi/InetAddressResolver$LookupPolicy
instanceKlass java/net/Inet4AddressImpl
instanceKlass java/net/Inet6AddressImpl
instanceKlass java/net/InetAddressImpl
instanceKlass java/util/concurrent/ConcurrentSkipListMap$Node
instanceKlass java/util/concurrent/ConcurrentSkipListMap$Index
instanceKlass java/util/concurrent/ConcurrentNavigableMap
instanceKlass java/net/InetAddress$InetAddressHolder
instanceKlass java/net/InetAddress$1
instanceKlass jdk/internal/access/JavaNetInetAddressAccess
instanceKlass jdk/internal/misc/PreviewFeatures
instanceKlass jdk/internal/misc/MethodFinder
instanceKlass notification_service/NotificationServiceApplication
instanceKlass java/io/FileInputStream$1
instanceKlass java/net/InetAddress
instanceKlass java/net/SocketAddress
instanceKlass java/lang/invoke/VarForm
instanceKlass java/lang/invoke/VarHandleGuards
instanceKlass java/lang/ClassValue$Version
instanceKlass java/lang/ClassValue$Identity
instanceKlass sun/nio/cs/SingleByte
instanceKlass java/lang/ClassValue
instanceKlass java/lang/invoke/VarHandles
instanceKlass sun/nio/cs/MS1252$Holder
instanceKlass sun/nio/cs/ArrayDecoder
instanceKlass java/net/Socket
instanceKlass sun/launcher/LauncherHelper
instanceKlass jdk/internal/vm/PostVMInitHook$1
instanceKlass jdk/internal/util/EnvUtils
instanceKlass jdk/internal/vm/PostVMInitHook$2
instanceKlass jdk/internal/vm/PostVMInitHook
instanceKlass java/io/Reader
instanceKlass com/intellij/rt/execution/application/AppMainV2
instanceKlass  @bci jdk/internal/reflect/DirectConstructorHandleAccessor invokeImpl ([Ljava/lang/Object;)Ljava/lang/Object; 88 <adapter> ; # java/lang/invoke/LambdaForm$MH+0x0000028b9b002400
# instanceKlass java/lang/invoke/LambdaForm$MH+0x0000028b9b002000
# instanceKlass java/lang/invoke/LambdaForm$MH+0x0000028b9b001c00
# instanceKlass java/lang/invoke/LambdaForm$MH+0x0000028b9b001800
instanceKlass  @bci org/apache/kafka/clients/NodeApiVersions latestUsableVersion (Lorg/apache/kafka/common/protocol/ApiKeys;SS)S 21 <appendix> form vmentry <vmtarget> ; # java/lang/invoke/LambdaForm$MH+0x0000028b9b001400
# instanceKlass java/lang/invoke/LambdaForm$MH+0x0000028b9b001000
instanceKlass sun/invoke/util/VerifyAccess$1
instanceKlass com/intellij/rt/execution/application/AppMainV2$Agent
instanceKlass java/security/SecureClassLoader$DebugHolder
instanceKlass java/security/Permission
instanceKlass java/security/Guard
instanceKlass java/security/PermissionCollection
instanceKlass java/security/SecureClassLoader$1
instanceKlass java/util/zip/Checksum$1
instanceKlass java/util/zip/CRC32
instanceKlass java/util/zip/Checksum
instanceKlass sun/nio/ByteBuffered
instanceKlass java/lang/Package$VersionInfo
instanceKlass java/lang/NamedPackage
instanceKlass jdk/internal/loader/Resource
instanceKlass java/nio/charset/CoderResult
instanceKlass java/nio/charset/CharsetDecoder
instanceKlass java/lang/Readable
instanceKlass java/util/jar/Attributes$Name
instanceKlass java/util/jar/Attributes
instanceKlass java/util/TreeMap$PrivateEntryIterator
instanceKlass java/util/TreeMap$Entry
instanceKlass java/util/NavigableMap
instanceKlass java/util/SortedMap
instanceKlass java/util/NavigableSet
instanceKlass java/util/SortedSet
instanceKlass sun/security/action/GetIntegerAction
instanceKlass sun/security/util/Debug
instanceKlass sun/security/util/SignatureFileVerifier
instanceKlass java/util/zip/ZipFile$InflaterCleanupAction
instanceKlass java/util/zip/Inflater$InflaterZStreamRef
instanceKlass java/util/zip/Inflater
instanceKlass java/util/zip/ZipEntry
instanceKlass java/util/zip/ZipFile$2
instanceKlass java/nio/Bits$1
instanceKlass jdk/internal/misc/VM$BufferPool
instanceKlass java/nio/Bits
instanceKlass sun/nio/ch/DirectBuffer
instanceKlass jdk/internal/perf/PerfCounter$CoreCounters
instanceKlass jdk/internal/perf/Perf
instanceKlass jdk/internal/perf/Perf$GetPerfAction
instanceKlass jdk/internal/perf/PerfCounter
instanceKlass java/util/Locale$1
instanceKlass sun/util/locale/LocaleUtils
instanceKlass sun/util/locale/BaseLocale$1
instanceKlass java/util/function/UnaryOperator
instanceKlass jdk/internal/util/ReferencedKeyMap$1
instanceKlass sun/util/locale/BaseLocale
instanceKlass java/util/Locale
instanceKlass java/nio/file/attribute/FileTime
instanceKlass java/lang/StringCoding
instanceKlass java/util/zip/ZipUtils
instanceKlass java/util/zip/ZipFile$Source$End
instanceKlass java/io/RandomAccessFile$2
instanceKlass jdk/internal/access/JavaIORandomAccessFileAccess
instanceKlass java/io/RandomAccessFile
instanceKlass java/io/DataInput
instanceKlass java/io/DataOutput
instanceKlass sun/nio/fs/WindowsNativeDispatcher$CompletionStatus
instanceKlass sun/nio/fs/WindowsNativeDispatcher$AclInformation
instanceKlass sun/nio/fs/WindowsNativeDispatcher$Account
instanceKlass sun/nio/fs/WindowsNativeDispatcher$DiskFreeSpace
instanceKlass sun/nio/fs/WindowsNativeDispatcher$VolumeInformation
instanceKlass sun/nio/fs/WindowsNativeDispatcher$FirstStream
instanceKlass sun/nio/fs/WindowsNativeDispatcher$FirstFile
instanceKlass java/util/Enumeration
instanceKlass java/util/concurrent/ConcurrentHashMap$Traverser
instanceKlass sun/nio/fs/WindowsNativeDispatcher
instanceKlass sun/nio/fs/NativeBuffer$Deallocator
instanceKlass sun/nio/fs/NativeBuffer
instanceKlass java/lang/ThreadLocal$ThreadLocalMap
instanceKlass java/lang/ThreadLocal
instanceKlass sun/nio/fs/NativeBuffers
instanceKlass sun/nio/fs/WindowsFileAttributes
instanceKlass java/nio/file/attribute/DosFileAttributes
instanceKlass sun/nio/fs/AbstractBasicFileAttributeView
instanceKlass sun/nio/fs/DynamicFileAttributeView
instanceKlass sun/nio/fs/WindowsFileAttributeViews
instanceKlass sun/nio/fs/Util
instanceKlass java/nio/file/attribute/BasicFileAttributeView
instanceKlass java/nio/file/attribute/FileAttributeView
instanceKlass java/nio/file/attribute/AttributeView
instanceKlass java/nio/file/Files
instanceKlass java/nio/file/CopyOption
instanceKlass java/nio/file/attribute/BasicFileAttributes
instanceKlass sun/nio/fs/WindowsPath
instanceKlass java/util/zip/ZipFile$Source$Key
instanceKlass sun/nio/fs/WindowsPathParser$Result
instanceKlass sun/nio/fs/WindowsPathParser
instanceKlass java/nio/file/FileSystem
instanceKlass java/nio/file/OpenOption
instanceKlass java/nio/file/spi/FileSystemProvider
instanceKlass sun/nio/fs/DefaultFileSystemProvider
instanceKlass java/util/zip/ZipFile$Source
instanceKlass java/util/zip/ZipCoder
instanceKlass java/util/zip/ZipFile$CleanableResource
instanceKlass jdk/internal/util/DecimalDigits
instanceKlass java/lang/Runtime$Version
instanceKlass java/util/jar/JavaUtilJarAccessImpl
instanceKlass jdk/internal/access/JavaUtilJarAccess
instanceKlass jdk/internal/loader/FileURLMapper
instanceKlass jdk/internal/loader/URLClassPath$JarLoader$1
instanceKlass java/util/zip/ZipFile$1
instanceKlass jdk/internal/access/JavaUtilZipFileAccess
instanceKlass java/util/zip/ZipFile
instanceKlass java/util/zip/ZipConstants
instanceKlass jdk/internal/loader/URLClassPath$Loader
instanceKlass jdk/internal/loader/URLClassPath$3
instanceKlass java/security/PrivilegedExceptionAction
instanceKlass sun/net/util/URLUtil
instanceKlass sun/instrument/TransformerManager$TransformerInfo
instanceKlass sun/instrument/TransformerManager
instanceKlass jdk/internal/loader/NativeLibraries$3
instanceKlass jdk/internal/loader/NativeLibrary
instanceKlass java/util/ArrayDeque$DeqIterator
instanceKlass jdk/internal/loader/NativeLibraries$NativeLibraryContext$1
instanceKlass jdk/internal/loader/NativeLibraries$NativeLibraryContext
instanceKlass jdk/internal/loader/NativeLibraries$2
instanceKlass jdk/internal/loader/NativeLibraries$1
instanceKlass jdk/internal/loader/NativeLibraries$LibraryPaths
instanceKlass  @bci sun/instrument/InstrumentationImpl <clinit> ()V 16 <appendix> argL0 ; # sun/instrument/InstrumentationImpl$$Lambda+0x0000028b9b041700
instanceKlass sun/instrument/InstrumentationImpl
instanceKlass java/lang/instrument/Instrumentation
instanceKlass jdk/internal/vm/ContinuationSupport
instanceKlass java/lang/invoke/StringConcatFactory
instanceKlass jdk/internal/module/ModuleBootstrap$SafeModuleFinder
instanceKlass java/lang/ModuleLayer$Controller
instanceKlass java/util/concurrent/CopyOnWriteArrayList
instanceKlass jdk/internal/module/ServicesCatalog$ServiceProvider
instanceKlass jdk/internal/loader/AbstractClassLoaderValue$Memoizer
instanceKlass jdk/internal/module/ModuleLoaderMap$Mapper
instanceKlass java/lang/module/ResolvedModule
instanceKlass java/util/Collections$UnmodifiableCollection$1
instanceKlass java/util/SequencedMap
instanceKlass java/util/SequencedSet
instanceKlass java/lang/ModuleLayer
instanceKlass java/util/ImmutableCollections$ListItr
instanceKlass java/util/ListIterator
instanceKlass java/lang/module/ModuleFinder$1
instanceKlass java/nio/file/Path
instanceKlass java/nio/file/Watchable
instanceKlass java/lang/module/Resolver
instanceKlass java/lang/module/Configuration
instanceKlass  @bci java/util/stream/FindOps$FindSink$OfRef <clinit> ()V 43 <appendix> argL0 ; # java/util/stream/FindOps$FindSink$OfRef$$Lambda+0x80000004c
instanceKlass  @bci java/util/stream/FindOps$FindSink$OfRef <clinit> ()V 38 <appendix> argL0 ; # java/util/stream/FindOps$FindSink$OfRef$$Lambda+0x80000004e
instanceKlass  @bci java/util/stream/FindOps$FindSink$OfRef <clinit> ()V 16 <appendix> argL0 ; # java/util/stream/FindOps$FindSink$OfRef$$Lambda+0x80000004d
instanceKlass  @bci java/util/stream/FindOps$FindSink$OfRef <clinit> ()V 11 <appendix> argL0 ; # java/util/stream/FindOps$FindSink$OfRef$$Lambda+0x80000004f
instanceKlass java/util/stream/FindOps$FindOp
instanceKlass java/util/stream/FindOps$FindSink
instanceKlass java/util/stream/FindOps
instanceKlass  @bci jdk/internal/module/DefaultRoots exportsAPI (Ljava/lang/module/ModuleDescriptor;)Z 9 <appendix> argL0 ; # jdk/internal/module/DefaultRoots$$Lambda+0x800000056
instanceKlass java/util/stream/Sink$ChainedReference
instanceKlass java/util/stream/ReduceOps$AccumulatingSink
instanceKlass java/util/stream/TerminalSink
instanceKlass java/util/stream/Sink
instanceKlass java/util/function/Consumer
instanceKlass java/util/stream/ReduceOps$Box
instanceKlass java/util/stream/ReduceOps$ReduceOp
instanceKlass java/util/stream/TerminalOp
instanceKlass java/util/stream/ReduceOps
instanceKlass  @bci java/util/stream/Collectors castingIdentity ()Ljava/util/function/Function; 0 <appendix> argL0 ; # java/util/stream/Collectors$$Lambda+0x800000046
instanceKlass  @bci java/util/stream/Collectors toSet ()Ljava/util/stream/Collector; 14 <appendix> argL0 ; # java/util/stream/Collectors$$Lambda+0x800000044
instanceKlass java/util/function/BinaryOperator
instanceKlass  @bci java/util/stream/Collectors toSet ()Ljava/util/stream/Collector; 9 <appendix> argL0 ; # java/util/stream/Collectors$$Lambda+0x80000003f
instanceKlass java/util/function/BiConsumer
instanceKlass  @bci java/util/stream/Collectors toSet ()Ljava/util/stream/Collector; 4 <appendix> argL0 ; # java/util/stream/Collectors$$Lambda+0x800000049
instanceKlass java/util/stream/Collector
instanceKlass java/util/Collections$UnmodifiableCollection
instanceKlass java/util/stream/Collectors
instanceKlass  @bci jdk/internal/module/DefaultRoots compute (Ljava/lang/module/ModuleFinder;Ljava/lang/module/ModuleFinder;)Ljava/util/Set; 42 <appendix> argL0 ; # jdk/internal/module/DefaultRoots$$Lambda+0x800000053
instanceKlass  @bci jdk/internal/module/DefaultRoots compute (Ljava/lang/module/ModuleFinder;Ljava/lang/module/ModuleFinder;)Ljava/util/Set; 32 <appendix> member <vmtarget> ; # jdk/internal/module/DefaultRoots$$Lambda+0x800000057
instanceKlass java/util/concurrent/ForkJoinPool$ManagedBlocker
instanceKlass java/util/concurrent/locks/AbstractQueuedSynchronizer$Node
instanceKlass  @bci jdk/internal/module/DefaultRoots compute (Ljava/lang/module/ModuleFinder;Ljava/lang/module/ModuleFinder;)Ljava/util/Set; 21 <appendix> argL0 ; # jdk/internal/module/DefaultRoots$$Lambda+0x800000054
instanceKlass java/lang/ref/Cleaner$Cleanable
instanceKlass jdk/internal/ref/CleanerImpl
instanceKlass java/lang/ref/Cleaner$1
instanceKlass java/lang/ref/Cleaner
instanceKlass jdk/internal/ref/CleanerFactory$1
instanceKlass java/util/concurrent/ThreadFactory
instanceKlass jdk/internal/ref/CleanerFactory
instanceKlass  @bci org/eclipse/angus/activation/MailcapFile parseLine (Ljava/lang/String;)V 533 <appendix> form vmentry <vmtarget> ; # java/lang/invoke/LambdaForm$MH+0x0000028b9b000800
instanceKlass  @bci jdk/internal/module/DefaultRoots compute (Ljava/lang/module/ModuleFinder;Ljava/lang/module/ModuleFinder;)Ljava/util/Set; 11 <appendix> argL0 ; # jdk/internal/module/DefaultRoots$$Lambda+0x800000055
instanceKlass java/lang/invoke/LambdaProxyClassArchive
instanceKlass java/lang/invoke/InfoFromMemberName
instanceKlass java/lang/invoke/MethodHandleInfo
instanceKlass jdk/internal/org/objectweb/asm/ConstantDynamic
instanceKlass jdk/internal/org/objectweb/asm/Handle
instanceKlass sun/security/action/GetBooleanAction
instanceKlass java/lang/invoke/AbstractValidatingLambdaMetafactory
instanceKlass java/lang/invoke/BootstrapMethodInvoker
instanceKlass java/util/function/Predicate
instanceKlass java/lang/invoke/LambdaMetafactory
# instanceKlass java/lang/invoke/LambdaForm$MH+0x0000028b9b000400
instanceKlass java/lang/invoke/MethodHandles$Lookup$ClassDefiner
instanceKlass java/lang/invoke/MethodHandles$Lookup$ClassFile
instanceKlass jdk/internal/org/objectweb/asm/Handler
instanceKlass jdk/internal/org/objectweb/asm/Attribute
instanceKlass jdk/internal/org/objectweb/asm/FieldVisitor
instanceKlass java/util/ArrayList$Itr
instanceKlass sun/invoke/empty/Empty
instanceKlass sun/invoke/util/VerifyType
instanceKlass java/lang/invoke/InvokerBytecodeGenerator$ClassData
instanceKlass jdk/internal/org/objectweb/asm/AnnotationVisitor
instanceKlass jdk/internal/org/objectweb/asm/Frame
instanceKlass jdk/internal/org/objectweb/asm/Label
instanceKlass jdk/internal/org/objectweb/asm/Type
instanceKlass jdk/internal/org/objectweb/asm/MethodVisitor
instanceKlass sun/invoke/util/BytecodeDescriptor
instanceKlass jdk/internal/org/objectweb/asm/ByteVector
instanceKlass jdk/internal/org/objectweb/asm/Symbol
instanceKlass jdk/internal/org/objectweb/asm/SymbolTable
instanceKlass jdk/internal/org/objectweb/asm/ClassVisitor
instanceKlass java/lang/invoke/LambdaFormBuffer
instanceKlass java/lang/invoke/LambdaFormEditor$TransformKey
instanceKlass java/lang/invoke/LambdaFormEditor
instanceKlass java/lang/invoke/Invokers$Holder
instanceKlass java/lang/invoke/DelegatingMethodHandle$Holder
instanceKlass java/lang/invoke/DirectMethodHandle$2
instanceKlass java/lang/invoke/ClassSpecializer$Factory
instanceKlass java/lang/invoke/ClassSpecializer$SpeciesData
instanceKlass java/lang/invoke/ClassSpecializer$1
instanceKlass java/lang/invoke/ClassSpecializer
instanceKlass java/lang/invoke/InvokerBytecodeGenerator$1
instanceKlass java/lang/invoke/InvokerBytecodeGenerator
instanceKlass java/lang/invoke/LambdaForm$Holder
instanceKlass java/lang/invoke/LambdaForm$Name
instanceKlass java/lang/reflect/Array
instanceKlass java/lang/invoke/Invokers
instanceKlass sun/invoke/util/ValueConversions
instanceKlass java/lang/invoke/DirectMethodHandle$Holder
instanceKlass java/lang/Void
instanceKlass java/lang/constant/DynamicConstantDesc
instanceKlass jdk/internal/constant/DirectMethodHandleDescImpl$1
instanceKlass jdk/internal/constant/ConstantUtils
instanceKlass jdk/internal/constant/DirectMethodHandleDescImpl
instanceKlass java/lang/constant/DirectMethodHandleDesc
instanceKlass java/lang/constant/MethodHandleDesc$1
instanceKlass java/lang/constant/MethodHandleDesc
instanceKlass jdk/internal/constant/MethodTypeDescImpl
instanceKlass java/lang/constant/MethodTypeDesc
instanceKlass jdk/internal/constant/ReferenceClassDescImpl
instanceKlass java/lang/constant/ClassDesc
instanceKlass java/lang/constant/ConstantDescs
instanceKlass sun/invoke/util/Wrapper$Format
instanceKlass java/lang/invoke/MethodHandleImpl$1
instanceKlass jdk/internal/access/JavaLangInvokeAccess
instanceKlass java/lang/invoke/LambdaForm$NamedFunction
instanceKlass java/lang/invoke/MethodHandleImpl
instanceKlass jdk/internal/reflect/MethodHandleAccessorFactory$LazyStaticHolder
instanceKlass java/lang/invoke/MethodTypeForm
instanceKlass jdk/internal/util/StrongReferenceKey
instanceKlass jdk/internal/util/ReferenceKey
instanceKlass jdk/internal/util/ReferencedKeyMap
instanceKlass java/lang/invoke/MethodType$1
instanceKlass sun/reflect/annotation/AnnotationParser
instanceKlass java/lang/Class$3
instanceKlass java/lang/PublicMethods$Key
instanceKlass java/lang/PublicMethods$MethodList
instanceKlass java/util/EnumMap$1
instanceKlass java/util/stream/StreamOpFlag$MaskBuilder
instanceKlass java/util/stream/Stream
instanceKlass java/util/stream/BaseStream
instanceKlass java/util/stream/PipelineHelper
instanceKlass java/util/stream/StreamSupport
instanceKlass java/util/Spliterators$IteratorSpliterator
instanceKlass java/util/Spliterator$OfDouble
instanceKlass java/util/Spliterator$OfLong
instanceKlass java/util/Spliterator$OfInt
instanceKlass java/util/Spliterator$OfPrimitive
instanceKlass java/util/Spliterator
instanceKlass java/util/Spliterators$EmptySpliterator
instanceKlass java/util/Spliterators
instanceKlass jdk/internal/module/DefaultRoots
instanceKlass jdk/internal/loader/BuiltinClassLoader$LoadedModule
instanceKlass jdk/internal/loader/AbstractClassLoaderValue
instanceKlass jdk/internal/module/ServicesCatalog
instanceKlass java/util/Deque
instanceKlass java/util/Queue
instanceKlass sun/net/util/IPAddressUtil$MASKS
instanceKlass sun/net/util/IPAddressUtil
instanceKlass java/net/URLStreamHandler
instanceKlass java/lang/StringUTF16
instanceKlass sun/net/www/ParseUtil
instanceKlass java/net/URL$3
instanceKlass jdk/internal/access/JavaNetURLAccess
instanceKlass java/net/URL$DefaultFactory
instanceKlass java/net/URLStreamHandlerFactory
instanceKlass jdk/internal/loader/URLClassPath
instanceKlass java/security/Principal
instanceKlass java/security/ProtectionDomain$Key
instanceKlass java/security/ProtectionDomain$JavaSecurityAccessImpl
instanceKlass jdk/internal/access/JavaSecurityAccess
instanceKlass java/lang/ClassLoader$ParallelLoaders
instanceKlass java/security/cert/Certificate
instanceKlass jdk/internal/loader/ArchivedClassLoaders
instanceKlass java/util/concurrent/ConcurrentHashMap$CollectionView
instanceKlass jdk/internal/loader/ClassLoaderHelper
instanceKlass jdk/internal/loader/NativeLibraries
instanceKlass java/lang/Module$EnableNativeAccess
instanceKlass jdk/internal/loader/BootLoader
instanceKlass java/util/Optional
instanceKlass jdk/internal/module/SystemModuleFinders$SystemModuleFinder
instanceKlass java/lang/module/ModuleFinder
instanceKlass jdk/internal/module/SystemModuleFinders$3
instanceKlass jdk/internal/module/ModuleHashes$HashSupplier
instanceKlass jdk/internal/module/SystemModuleFinders$2
instanceKlass java/util/function/Supplier
instanceKlass java/lang/module/ModuleReference
instanceKlass jdk/internal/module/ModuleResolution
instanceKlass java/util/Collections$UnmodifiableMap
instanceKlass jdk/internal/module/ModuleHashes$Builder
instanceKlass jdk/internal/module/ModuleHashes
instanceKlass jdk/internal/module/ModuleTarget
instanceKlass java/util/ImmutableCollections$Set12$1
instanceKlass java/lang/reflect/AccessFlag$18
instanceKlass java/lang/reflect/AccessFlag$17
instanceKlass java/lang/reflect/AccessFlag$16
instanceKlass java/lang/reflect/AccessFlag$15
instanceKlass java/lang/reflect/AccessFlag$14
instanceKlass java/lang/reflect/AccessFlag$13
instanceKlass java/lang/reflect/AccessFlag$12
instanceKlass java/lang/reflect/AccessFlag$11
instanceKlass java/lang/reflect/AccessFlag$10
instanceKlass java/lang/reflect/AccessFlag$9
instanceKlass java/lang/reflect/AccessFlag$8
instanceKlass java/lang/reflect/AccessFlag$7
instanceKlass java/lang/reflect/AccessFlag$6
instanceKlass java/lang/reflect/AccessFlag$5
instanceKlass java/lang/reflect/AccessFlag$4
instanceKlass java/lang/reflect/AccessFlag$3
instanceKlass java/lang/reflect/AccessFlag$2
instanceKlass java/lang/reflect/AccessFlag$1
instanceKlass java/lang/module/ModuleDescriptor$Version
instanceKlass java/lang/module/ModuleDescriptor$Provides
instanceKlass java/lang/module/ModuleDescriptor$Opens
instanceKlass java/util/ImmutableCollections$SetN$SetNIterator
instanceKlass java/lang/module/ModuleDescriptor$Exports
instanceKlass java/lang/module/ModuleDescriptor$Requires
instanceKlass jdk/internal/module/Builder
instanceKlass jdk/internal/module/SystemModules$all
instanceKlass jdk/internal/module/SystemModules
instanceKlass jdk/internal/module/SystemModulesMap
instanceKlass java/net/URI$1
instanceKlass jdk/internal/access/JavaNetUriAccess
instanceKlass java/net/URI
instanceKlass jdk/internal/module/SystemModuleFinders
instanceKlass jdk/internal/module/ArchivedModuleGraph
instanceKlass jdk/internal/module/ArchivedBootLayer
instanceKlass jdk/internal/module/ModuleBootstrap$Counters
instanceKlass jdk/internal/module/ModuleLoaderMap$Modules
instanceKlass jdk/internal/module/ModuleLoaderMap
instanceKlass jdk/internal/module/ModulePatcher
instanceKlass java/io/FileSystem
instanceKlass java/io/DefaultFileSystem
instanceKlass java/io/File
instanceKlass java/lang/module/ModuleDescriptor$1
instanceKlass jdk/internal/access/JavaLangModuleAccess
instanceKlass sun/invoke/util/VerifyAccess
instanceKlass java/util/KeyValueHolder
instanceKlass java/util/ImmutableCollections$MapN$MapNIterator
instanceKlass java/lang/StrictMath
instanceKlass java/lang/invoke/MethodHandles$Lookup
instanceKlass java/lang/invoke/MemberName$Factory
instanceKlass java/lang/invoke/MethodHandles
instanceKlass java/lang/module/ModuleDescriptor
instanceKlass jdk/internal/module/ModuleBootstrap
instanceKlass java/lang/Character$CharacterCache
instanceKlass java/util/HexFormat
instanceKlass jdk/internal/util/ClassFileDumper
instanceKlass sun/security/action/GetPropertyAction
instanceKlass java/lang/invoke/MethodHandleStatics
instanceKlass java/util/concurrent/locks/AbstractQueuedSynchronizer$ConditionObject
instanceKlass java/util/concurrent/locks/Condition
instanceKlass java/util/Collections
instanceKlass java/lang/Thread$ThreadIdentifiers
instanceKlass sun/io/Win32ErrorMode
instanceKlass jdk/internal/misc/OSEnvironment
instanceKlass java/lang/Integer$IntegerCache
instanceKlass jdk/internal/misc/Signal$NativeHandler
instanceKlass java/util/Hashtable$Entry
instanceKlass jdk/internal/misc/Signal
instanceKlass java/lang/Terminator$1
instanceKlass jdk/internal/misc/Signal$Handler
instanceKlass java/lang/Terminator
instanceKlass java/nio/ByteOrder
instanceKlass java/nio/Buffer$2
instanceKlass jdk/internal/access/JavaNioAccess
instanceKlass java/nio/Buffer$1
instanceKlass jdk/internal/misc/ScopedMemoryAccess
instanceKlass java/nio/charset/CodingErrorAction
instanceKlass java/nio/charset/CharsetEncoder
instanceKlass java/io/Writer
instanceKlass java/io/PrintStream$1
instanceKlass jdk/internal/access/JavaIOPrintStreamAccess
instanceKlass jdk/internal/misc/InternalLock
instanceKlass java/io/OutputStream
instanceKlass java/io/Flushable
instanceKlass java/io/FileDescriptor$1
instanceKlass jdk/internal/access/JavaIOFileDescriptorAccess
instanceKlass java/io/FileDescriptor
instanceKlass jdk/internal/util/StaticProperty
instanceKlass jdk/internal/reflect/MethodHandleAccessorFactory
instanceKlass java/lang/reflect/Modifier
instanceKlass java/lang/Class$1
instanceKlass java/lang/Class$Atomic
instanceKlass java/lang/Class$ReflectionData
instanceKlass java/nio/charset/StandardCharsets
instanceKlass sun/nio/cs/HistoricallyNamedCharset
instanceKlass java/nio/charset/spi/CharsetProvider
instanceKlass java/nio/charset/Charset
instanceKlass java/util/HashMap$HashIterator
instanceKlass java/util/concurrent/locks/LockSupport
instanceKlass java/util/concurrent/ConcurrentHashMap$Node
instanceKlass java/util/concurrent/ConcurrentHashMap$CounterCell
instanceKlass java/util/concurrent/locks/ReentrantLock
instanceKlass java/util/concurrent/locks/Lock
instanceKlass java/lang/CharacterData
instanceKlass java/util/Arrays
instanceKlass jdk/internal/util/Preconditions$3
instanceKlass jdk/internal/util/Preconditions$2
instanceKlass jdk/internal/util/Preconditions$4
instanceKlass java/util/function/BiFunction
instanceKlass jdk/internal/util/Preconditions$1
instanceKlass java/util/function/Function
instanceKlass jdk/internal/util/Preconditions
instanceKlass java/lang/Runtime
instanceKlass java/lang/VersionProps
instanceKlass java/lang/StringConcatHelper
instanceKlass java/util/HashMap$Node
instanceKlass java/util/Map$Entry
instanceKlass jdk/internal/util/ArraysSupport
instanceKlass jdk/internal/util/SystemProps$Raw
instanceKlass jdk/internal/util/SystemProps
instanceKlass java/lang/System$2
instanceKlass jdk/internal/access/JavaLangAccess
instanceKlass java/lang/ref/NativeReferenceQueue$Lock
instanceKlass java/lang/ref/ReferenceQueue
instanceKlass java/lang/ref/Reference$1
instanceKlass jdk/internal/access/JavaLangRefAccess
instanceKlass jdk/internal/reflect/ReflectionFactory
instanceKlass java/lang/Math
instanceKlass java/lang/StringLatin1
instanceKlass jdk/internal/reflect/Reflection
instanceKlass jdk/internal/reflect/ReflectionFactory$GetReflectionFactoryAction
instanceKlass java/security/PrivilegedAction
instanceKlass jdk/internal/access/SharedSecrets
instanceKlass java/lang/reflect/ReflectAccess
instanceKlass jdk/internal/access/JavaLangReflectAccess
instanceKlass java/util/ImmutableCollections
instanceKlass java/util/Objects
instanceKlass java/util/Set
instanceKlass jdk/internal/misc/CDS
instanceKlass java/lang/Module$ArchivedData
instanceKlass jdk/internal/misc/VM
instanceKlass java/lang/String$CaseInsensitiveComparator
instanceKlass java/util/Comparator
instanceKlass java/io/ObjectStreamField
instanceKlass jdk/internal/vm/FillerObject
instanceKlass jdk/internal/vm/vector/VectorSupport$VectorPayload
instanceKlass jdk/internal/vm/vector/VectorSupport
instanceKlass java/lang/reflect/RecordComponent
instanceKlass java/util/Iterator
instanceKlass java/lang/Number
instanceKlass java/lang/Character
instanceKlass java/lang/Boolean
instanceKlass java/util/concurrent/locks/AbstractOwnableSynchronizer
instanceKlass java/lang/LiveStackFrame
instanceKlass java/lang/ClassFrameInfo
instanceKlass java/lang/StackWalker$StackFrame
instanceKlass java/lang/StackStreamFactory$AbstractStackWalker
instanceKlass java/lang/StackWalker
instanceKlass java/nio/Buffer
instanceKlass java/lang/StackTraceElement
instanceKlass java/util/RandomAccess
instanceKlass java/util/List
instanceKlass java/util/SequencedCollection
instanceKlass java/util/AbstractCollection
instanceKlass java/util/Collection
instanceKlass java/lang/Iterable
instanceKlass java/util/concurrent/ConcurrentMap
instanceKlass java/util/AbstractMap
instanceKlass java/security/CodeSource
instanceKlass jdk/internal/loader/ClassLoaders
instanceKlass java/util/jar/Manifest
instanceKlass java/lang/Enum
instanceKlass java/net/URL
instanceKlass java/io/InputStream
instanceKlass java/io/Closeable
instanceKlass java/lang/AutoCloseable
instanceKlass jdk/internal/module/Modules
instanceKlass jdk/internal/misc/Unsafe
instanceKlass jdk/internal/misc/UnsafeConstants
instanceKlass java/lang/AbstractStringBuilder
instanceKlass java/lang/Appendable
instanceKlass java/lang/AssertionStatusDirectives
instanceKlass java/lang/invoke/MethodHandleNatives$CallSiteContext
instanceKlass jdk/internal/foreign/abi/ABIDescriptor
instanceKlass jdk/internal/foreign/abi/NativeEntryPoint
instanceKlass java/lang/invoke/CallSite
instanceKlass java/lang/invoke/MethodType
instanceKlass java/lang/invoke/TypeDescriptor$OfMethod
instanceKlass java/lang/invoke/LambdaForm
instanceKlass java/lang/invoke/MethodHandleNatives
instanceKlass java/lang/invoke/ResolvedMethodName
instanceKlass java/lang/invoke/MemberName
instanceKlass java/lang/invoke/VarHandle
instanceKlass java/lang/invoke/MethodHandle
instanceKlass jdk/internal/reflect/ConstructorAccessor
instanceKlass jdk/internal/reflect/CallerSensitive
instanceKlass java/lang/annotation/Annotation
instanceKlass jdk/internal/reflect/ConstantPool
instanceKlass jdk/internal/reflect/MethodAccessor
instanceKlass jdk/internal/reflect/MagicAccessorImpl
instanceKlass jdk/internal/vm/StackChunk
instanceKlass jdk/internal/vm/Continuation
instanceKlass jdk/internal/vm/ContinuationScope
instanceKlass java/lang/reflect/Parameter
instanceKlass java/lang/reflect/Member
instanceKlass java/lang/reflect/AccessibleObject
instanceKlass java/lang/Module
instanceKlass java/util/Map
instanceKlass java/util/Dictionary
instanceKlass java/lang/ThreadGroup
instanceKlass java/lang/Thread$UncaughtExceptionHandler
instanceKlass java/lang/Thread$Constants
instanceKlass java/lang/Thread$FieldHolder
instanceKlass java/lang/Thread
instanceKlass java/lang/Runnable
instanceKlass java/lang/ref/Reference
instanceKlass java/lang/Record
instanceKlass java/security/AccessController
instanceKlass java/security/AccessControlContext
instanceKlass java/security/ProtectionDomain
instanceKlass java/lang/SecurityManager
instanceKlass java/lang/Throwable
instanceKlass java/lang/System
instanceKlass java/lang/ClassLoader
instanceKlass java/lang/Cloneable
instanceKlass java/lang/Class
instanceKlass java/lang/invoke/TypeDescriptor$OfField
instanceKlass java/lang/invoke/TypeDescriptor
instanceKlass java/lang/reflect/Type
instanceKlass java/lang/reflect/GenericDeclaration
instanceKlass java/lang/reflect/AnnotatedElement
instanceKlass java/lang/String
instanceKlass java/lang/constant/ConstantDesc
instanceKlass java/lang/constant/Constable
instanceKlass java/lang/CharSequence
instanceKlass java/lang/Comparable
instanceKlass java/io/Serializable
ciInstanceKlass java/lang/Object 1 1 123 7 1 10 12 1 1 10 7 12 1 1 1 10 7 12 1 1 1 10 12 1 1 8 1 10 12 1 1 10 7 12 1 1 1 10 12 1 10 12 1 1 10 7 12 1 1 1 10 12 1 1 10 12 1 10 100 12 1 1 10 12 1 1 7 1 10 12 1 100 1 8 1 10 12 1 3 8 1 7 1 5 0 1 1 1 1 1 1 1 1 1 1 1 1 1 1 1 1 7 1 1 1 1 1 1 1 1 1 7 1 1 1 1 1 1 1 1 1 1 3 1 1
ciMethod java/lang/Object clone ()Ljava/lang/Object; 256 0 128 0 -1
ciInstanceKlass java/io/Serializable 1 0 7 100 1 100 1 1 1
ciInstanceKlass java/lang/System 1 1 836 10 7 12 1 1 1 9 7 12 1 1 1 10 12 1 10 12 1 1 10 12 1 1 10 12 1 9 12 1 1 10 7 12 1 1 1 11 7 12 1 1 1 10 100 12 1 1 1 10 12 1 1 10 12 1 1 100 1 8 1 10 12 1 10 7 12 1 1 1 10 7 12 1 1 1 18 12 1 1 10 7 12 1 1 1 7 1 10 12 1 1 10 7 12 1 1 1 10 12 1 10 7 12 1 1 1 9 100 12 1 1 1 10 7 12 1 1 1 11 7 12 1 1 1 10 12 1 1 10 7 12 1 1 1 7 1 10 10 12 1 1 8 1 10 12 1 8 1 10 12 1 9 12 1 1 8 1 10 7 12 1 1 1 10 12 1 1 100 1 8 1 10 9 12 1 1 8 1 10 12 1 1 10 100 12 1 1 1 8 1 10 12 1 7 1 10 12 1 8 1 10 12 1 10 12 1 1 100 1 10 12 10 12 1 9 12 1 1 9 12 1 1 10 7 12 1 1 1 10 7 12 1 1 1 10 12 1 1 10 12 1 10 12 1 10 7 12 1 1 1 10 12 1 100 1 100 1 8 1 10 12 1 10 12 1 1 7 1 10 12 1 100 1 8 1 10 10 12 1 100 1 8 1 10 8 1 10 7 12 1 1 8 1 10 12 100 1 8 1 10 10 12 1 1 10 7 12 1 1 1 100 1 18 12 1 100 1 9 100 12 1 1 1 10 12 1 100 1 10 12 1 1 10 12 1 1 10 7 12 1 1 1 10 12 1 1 10 12 1 10 12 1 10 12 1 1 10 12 1 7 1 10 12 1 9 7 12 1 1 1 10 7 12 1 1 1 10 12 1 10 12 1 10 7 12 1 1 1 7 1 8 1 10 9 12 1 9 12 1 10 12 1 10 7 12 1 1 10 12 1 10 12 1 1 8 1 10 12 1 1 8 1 11 12 1 10 12 11 12 1 1 11 7 12 1 1 1 11 7 12 1 1 11 12 1 1 7 1 11 12 1 10 12 1 8 1 10 12 1 1 8 1 8 1 8 1 8 1 11 12 1 10 12 1 10 12 1 10 12 1 8 1 10 12 1 1 8 1 9 12 1 8 1 10 7 12 1 1 8 1 7 1 9 7 12 1 1 1 10 12 1 7 1 9 12 10 9 12 7 1 10 12 9 12 1 1 8 1 10 12 1 1 8 1 10 7 12 1 1 10 12 1 10 12 1 1 11 7 12 1 1 10 12 10 7 12 1 1 1 9 12 1 1 7 1 8 1 10 12 1 1 10 7 12 1 1 1 7 1 10 12 1 1 10 12 1 8 1 8 1 10 8 1 8 1 8 1 8 1 10 10 7 12 1 1 10 12 1 10 12 1 1 10 12 1 1 10 12 1 10 100 12 1 1 1 10 7 1 8 1 10 10 10 12 1 1 10 12 1 1 8 1 10 12 1 8 1 8 1 10 12 1 10 7 12 1 1 1 10 12 1 1 7 1 10 10 12 1 10 12 1 9 12 1 1 1 1 3 1 3 1 1 1 1 1 1 1 1 1 1 100 1 1 100 1 1 1 1 1 1 1 1 1 1 1 100 1 7 1 1 1 1 1 1 1 1 1 1 1 1 1 1 1 1 1 1 1 1 1 1 1 1 1 1 1 1 1 1 1 1 1 1 1 1 1 1 1 1 1 1 1 1 1 1 1 1 1 1 1 1 1 1 1 1 1 1 100 1 1 1 1 1 1 1 1 1 1 1 1 1 1 1 1 1 1 1 1 1 1 1 1 1 1 1 1 1 1 1 1 1 100 1 1 16 15 10 12 1 1 16 15 10 12 16 1 15 10 100 12 1 1 1 1 1 1 1 1 1 1 1 100 1 100 1 1
staticfield java/lang/System in Ljava/io/InputStream; java/io/BufferedInputStream
staticfield java/lang/System out Ljava/io/PrintStream; java/io/PrintStream
staticfield java/lang/System err Ljava/io/PrintStream; java/io/PrintStream
ciInstanceKlass java/lang/SecurityManager 0 0 576 10 7 12 1 1 1 9 7 12 1 1 1 10 7 12 1 1 1 100 1 8 1 10 12 1 10 12 1 1 10 7 12 1 1 1 10 7 1 10 100 1 10 9 100 12 1 1 1 10 7 12 1 1 1 10 12 1 1 10 7 12 1 1 100 1 8 1 10 9 12 1 1 9 12 1 8 1 9 12 1 7 1 10 8 1 10 12 1 1 10 12 1 10 12 1 1 100 1 10 10 12 1 1 100 1 8 1 10 12 1 8 1 8 1 8 1 8 1 8 1 8 1 10 12 1 8 1 8 1 8 1 8 1 8 1 10 7 12 1 1 1 10 12 1 1 8 1 100 1 8 1 10 8 1 8 1 8 1 8 1 8 1 10 100 12 1 1 8 1 100 1 8 1 8 1 10 8 1 10 12 1 100 1 8 1 10 10 12 1 1 10 12 1 10 12 1 10 12 1 10 100 12 1 1 1 10 12 1 10 100 12 1 1 11 100 12 1 1 1 18 12 1 1 11 100 12 1 1 1 18 12 1 1 11 12 1 1 18 18 11 12 1 18 12 1 11 12 1 1 9 12 1 1 9 12 1 9 12 1 9 12 1 100 1 10 100 12 1 1 10 12 1 10 12 1 18 12 1 18 10 100 12 1 1 1 18 12 1 10 12 1 18 18 8 1 10 12 1 9 12 1 1 11 7 12 1 1 1 8 1 100 1 10 12 1 10 12 1 1 10 12 1 1 9 12 1 1 10 12 1 10 12 1 1 8 1 100 1 10 9 12 1 8 1 10 12 1 8 1 100 1 10 10 100 12 1 1 10 100 1 9 7 12 1 1 1 11 12 1 1 10 12 1 11 12 1 10 12 1 7 1 10 10 12 1 1 10 12 1 1 1 1 1 1 1 1 1 1 1 7 1 1 1 1 1 1 1 1 1 1 1 1 1 1 1 1 1 1 1 1 1 1 1 1 1 1 1 1 1 1 1 1 1 1 1 1 1 1 1 1 1 1 1 1 1 1 1 1 1 1 1 1 1 1 1 1 3 1 1 1 1 1 1 1 1 1 1 100 1 1 1 1 1 1 1 1 1 1 1 1 1 1 1 1 1 1 1 1 1 1 1 1 1 1 1 1 1 1 1 1 1 1 1 1 1 1 16 15 10 7 12 1 1 1 16 1 16 15 10 12 16 1 15 10 12 16 15 11 7 1 16 1 16 1 15 10 12 16 15 10 12 16 15 10 12 1 16 1 15 11 12 1 15 10 12 16 15 10 16 1 15 10 100 12 1 1 1 1 1 1 100 1 100 1 1
ciInstanceKlass java/security/AccessController 1 1 295 10 7 12 1 1 1 10 7 12 1 1 1 10 7 12 1 1 1 10 12 1 1 10 12 1 1 10 7 12 1 1 1 10 12 1 1 10 12 1 10 12 1 1 10 12 1 100 1 8 1 10 12 1 10 12 1 10 12 1 1 10 12 1 7 1 7 1 10 12 1 1 10 12 1 10 12 1 10 12 1 1 10 7 12 1 1 1 10 12 1 1 9 100 12 1 1 1 10 7 12 1 1 1 10 12 1 10 12 1 9 100 12 1 1 1 10 12 1 10 12 1 1 9 12 1 1 10 100 1 10 11 7 12 1 1 1 10 7 12 1 1 11 7 1 100 1 10 12 1 10 12 1 10 12 1 8 1 10 12 1 1 8 1 10 100 12 1 1 1 8 1 7 1 10 10 12 1 1 10 12 1 10 7 12 1 1 1 10 12 1 8 1 10 7 12 1 1 8 1 8 1 10 12 1 8 1 10 12 1 10 12 1 1 10 12 1 1 1 1 1 1 1 1 1 1 1 1 1 1 1 1 1 1 1 1 1 1 1 1 1 1 1 1 100 1 1 1 1 1 1 1 1 1 1 1 1 1 1 1 1 1 1 1 1 1 1 1 1 1 1 1 1 1 1 1 1 1 1 100 1 100 1 1 1 1 1 1 1 1 1 3 1 1 1
staticfield java/security/AccessController $assertionsDisabled Z 1
ciInstanceKlass java/security/ProtectionDomain 1 1 348 10 7 12 1 1 1 9 7 12 1 1 1 7 1 10 9 12 1 1 9 12 1 1 9 12 1 1 10 7 12 1 1 7 1 9 12 1 9 12 1 1 7 1 9 12 1 1 9 12 1 10 100 12 1 1 10 100 12 1 1 1 10 12 1 1 10 12 1 9 12 1 9 100 12 1 1 10 12 1 1 10 100 1 10 12 1 1 8 1 7 1 8 1 10 12 1 10 11 10 7 12 1 1 1 10 12 1 1 8 1 11 8 1 10 12 1 8 1 8 1 10 12 1 1 10 12 1 10 12 1 1 10 12 1 8 1 10 12 1 8 1 8 1 10 7 12 1 1 1 9 100 12 1 1 1 10 12 1 1 9 100 12 1 1 1 10 7 12 1 1 1 100 1 18 12 1 1 10 7 12 1 1 1 10 7 1 10 12 1 10 12 1 1 11 100 12 1 1 11 12 1 100 1 11 7 12 1 1 1 10 12 1 10 11 12 1 1 11 12 1 1 10 12 1 10 7 12 1 1 10 100 12 1 1 11 12 1 10 12 10 12 1 8 1 8 1 10 7 12 1 1 1 7 1 10 10 7 12 1 1 1 1 1 1 1 1 1 1 7 1 1 7 1 1 1 1 1 1 1 1 1 1 1 1 1 1 1 1 1 1 1 1 1 1 1 1 1 1 1 1 1 1 1 1 1 1 1 1 1 1 1 1 1 1 1 1 7 1 1 1 1 1 1 100 1 1 16 15 10 12 16 15 10 100 12 1 1 1 1 1 1 1 100 1 100 1 1
staticfield java/security/ProtectionDomain filePermCompatInPD Z 0
ciInstanceKlass java/security/CodeSource 1 1 399 10 7 12 1 1 1 9 7 12 1 1 1 9 12 1 1 9 12 1 1 9 12 1 1 10 7 12 1 1 1 9 12 1 1 10 100 12 1 1 10 100 10 100 12 1 1 1 10 12 1 1 10 12 1 1 7 1 10 10 100 12 1 1 1 10 100 12 1 1 1 10 12 1 1 100 1 10 12 1 1 10 12 1 1 10 12 1 1 10 12 1 10 10 7 1 10 12 1 1 10 7 12 1 1 1 10 12 1 1 10 12 1 10 12 1 8 1 10 12 1 10 12 1 10 12 1 1 10 12 1 8 1 10 12 1 1 10 7 1 10 10 12 1 1 8 1 10 12 1 10 12 1 10 12 1 8 1 8 1 9 12 1 1 100 1 8 1 10 12 1 10 12 1 1 8 1 10 12 1 8 1 8 1 8 1 10 100 12 1 1 10 12 1 1 10 12 1 10 12 1 1 10 12 1 1 10 12 1 1 100 1 100 1 10 12 1 10 12 10 12 1 1 10 100 12 1 1 10 12 1 7 1 10 12 10 100 12 1 1 1 10 8 1 10 12 1 10 12 1 10 12 1 1 100 1 10 12 1 1 100 1 7 1 8 1 8 1 10 10 12 1 1 10 100 12 1 1 1 7 1 10 12 10 12 1 1 11 7 12 1 1 10 10 12 1 11 10 12 1 8 1 100 1 10 12 1 10 12 1 1 10 12 1 11 12 1 1 7 1 1 1 1 5 0 1 1 1 1 1 1 1 1 1 1 1 1 1 1 1 1 1 1 1 1 1 1 1 1 1 1 1 1 1 1 1 1 1 1 1 1 1 1 1 1 1 1 1 1 1 1 1 1 1 1 1 1 1 1 1 1 1 1 1 1 1 1 1 1 1 1 100 1 1 1 1 1 1 1
ciInstanceKlass java/lang/Boolean 1 1 152 10 7 12 1 1 1 9 7 12 1 1 1 10 12 1 1 10 12 1 8 1 10 7 12 1 1 9 12 1 1 9 12 1 10 12 1 1 10 12 1 1 10 12 1 1 10 7 12 1 1 1 100 1 100 1 10 12 1 1 9 100 12 1 1 9 12 10 100 12 1 1 1 10 12 1 1 8 1 10 7 12 1 1 1 9 12 1 1 7 1 7 1 7 1 1 1 1 1 1 5 0 1 1 1 1 1 1 1 1 1 1 3 1 1 1 1 1 1 1 1 1 1 1 1 1 1 1 1 1 1 7 1 1 1 1 1 1 1 1 1 1 100 1 1 1 1 1 1 1 1 1
staticfield java/lang/Boolean TRUE Ljava/lang/Boolean; java/lang/Boolean
staticfield java/lang/Boolean FALSE Ljava/lang/Boolean; java/lang/Boolean
staticfield java/lang/Boolean TYPE Ljava/lang/Class; java/lang/Class
ciInstanceKlass java/lang/Comparable 1 0 12 100 1 100 1 1 1 1 1 1 1 1
ciInstanceKlass java/lang/constant/Constable 1 0 11 100 1 100 1 1 1 1 1 1 1
ciInstanceKlass java/util/Map 1 1 263 11 7 12 1 1 1 11 12 1 1 10 7 12 1 1 11 12 1 1 11 7 12 1 1 1 11 100 12 1 1 1 11 12 1 1 7 1 11 12 1 11 12 1 100 1 100 1 10 12 1 1 11 100 12 1 1 1 11 100 12 1 1 1 11 12 1 11 12 1 10 12 1 1 11 12 1 11 7 12 1 9 7 12 1 1 1 7 1 10 12 7 1 7 1 10 12 1 7 1 10 7 1 11 12 1 11 12 1 1 11 12 1 1 7 1 11 12 1 1 1 1 1 1 1 1 1 1 1 1 1 1 1 1 1 1 1 1 1 1 1 1 1 1 1 1 1 1 1 1 1 1 1 1 1 1 1 1 1 1 1 1 1 1 1 1 1 1 1 1 1 1 1 1 1 1 1 1 1 1 1 1 1 1 1 1 1 1 1 1 1 1 1 1 1 1 1 1 1 1 1 1 1 1 1 1 1 1 1 1 1 1 1 1 1 1 1 1 1 1 1 1 1 1 1 1 1 1 1 1 1 1 1 1 1 1 1 1 1 1 1 1 1 1 100 1 1 1 1 1 1 1 1 1 1 1 1 1 1 1 1 1 1
ciInstanceKlass java/lang/Class 1 1 1747 10 7 12 1 1 1 9 7 12 1 1 1 9 12 1 1 10 12 1 1 8 1 10 12 1 8 1 8 1 10 12 1 1 10 7 12 1 1 1 10 12 1 7 1 10 10 12 1 10 12 1 1 10 12 1 1 10 12 1 1 10 7 12 1 1 10 12 1 10 12 1 10 12 1 1 10 12 1 8 1 10 12 1 8 1 10 12 1 8 1 8 1 10 12 1 1 10 7 12 1 1 1 18 12 1 1 11 7 12 1 1 1 8 1 8 1 8 1 10 7 12 1 1 1 11 12 1 1 8 1 10 12 1 10 10 12 1 1 10 12 1 8 1 10 12 1 1 8 1 10 12 1 10 12 1 1 11 7 12 1 1 1 11 7 12 1 1 1 11 8 1 18 8 1 10 12 1 10 7 12 1 1 10 12 1 1 10 7 12 1 1 1 10 12 1 1 10 12 1 1 10 7 12 1 1 1 10 12 9 100 12 1 1 1 10 7 12 1 1 1 10 12 1 10 7 12 1 1 1 10 12 1 1 18 12 1 1 10 7 12 1 1 1 10 7 12 1 10 12 1 1 10 7 1 10 12 1 8 1 10 8 1 8 1 8 1 8 1 8 1 8 1 8 1 8 1 9 7 12 1 1 9 7 1 9 7 1 9 7 1 9 7 1 9 7 1 9 7 1 9 7 1 9 100 1 7 1 10 12 1 1 9 12 1 1 7 1 8 1 10 12 1 10 12 1 1 10 12 1 1 10 7 12 1 1 1 7 1 10 12 1 7 1 7 1 10 10 12 1 1 10 12 1 1 100 1 10 7 12 1 1 1 10 12 1 1 10 12 1 1 9 12 1 1 10 12 1 10 12 1 1 9 12 1 1 9 12 1 1 10 12 1 1 10 7 1 10 12 1 10 12 1 1 10 9 12 1 10 12 1 8 1 10 12 1 1 10 12 1 1 10 12 1 10 12 1 10 12 1 1 10 12 1 9 7 12 1 1 1 10 7 12 1 1 10 12 1 10 12 1 10 12 1 10 12 1 9 100 12 1 1 1 9 12 1 10 12 1 10 100 12 1 1 1 10 12 1 1 10 100 12 1 1 10 12 1 10 12 1 1 10 100 12 1 1 1 10 12 1 10 12 1 1 10 12 1 10 12 1 10 12 1 1 10 7 1 10 10 12 1 1 10 12 1 1 10 12 10 10 12 1 1 7 1 8 1 10 10 12 1 1 10 12 1 100 1 11 12 1 10 12 1 10 12 1 10 100 12 1 1 10 10 12 1 1 8 1 10 12 1 10 12 1 1 8 1 9 12 1 10 12 1 10 12 1 10 12 1 10 12 7 1 9 12 1 10 12 1 9 12 1 10 12 1 10 12 1 10 12 1 10 10 12 1 10 12 1 10 12 1 10 12 1 10 12 1 10 12 1 100 1 10 12 1 10 12 1 1 10 12 1 1 10 12 1 1 10 12 1 1 10 12 1 1 10 12 1 1 7 1 10 10 12 1 1 10 12 1 1 10 12 1 1 10 10 12 1 10 12 1 1 10 12 1 1 10 12 1 1 10 12 1 1 7 1 10 10 12 11 7 12 1 1 10 12 1 1 10 7 12 1 1 1 10 12 1 10 12 1 10 7 12 1 1 1 10 12 1 1 10 10 12 1 1 7 1 10 10 12 1 1 10 7 12 1 1 1 100 1 7 1 10 12 1 1 10 12 1 10 10 12 1 1 10 12 1 10 12 1 10 12 1 10 100 12 1 1 1 11 7 12 1 1 10 12 1 10 12 1 9 12 1 10 12 1 1 10 12 1 9 12 1 1 7 1 10 9 12 1 1 10 12 7 1 10 12 1 9 12 1 10 100 12 1 1 1 10 12 1 10 12 1 10 100 12 1 1 10 12 1 10 12 10 12 1 1 100 1 10 8 1 10 12 1 11 11 12 1 1 11 7 12 1 1 11 12 1 8 1 10 12 1 10 12 1 1 9 12 1 9 12 1 1 10 7 12 1 1 9 12 1 10 12 1 1 10 10 12 1 10 7 12 1 1 1 10 7 12 1 1 10 7 12 1 1 9 12 1 1 10 12 1 9 12 1 10 12 1 10 12 1 1 9 12 1 1 9 12 1 10 12 1 10 12 1 1 9 12 1 100 1 10 10 12 1 1 7 1 10 12 1 1 100 11 7 1 9 12 1 1 9 12 1 7 1 10 12 1 9 12 1 1 9 12 1 10 12 1 10 12 1 1 9 12 1 7 1 10 10 12 1 1 10 10 12 1 10 12 10 10 12 1 9 12 1 10 12 1 1 10 12 1 8 10 7 8 1 18 8 1 8 1 10 12 1 9 12 1 9 12 1 1 10 12 1 7 1 7 1 10 12 1 9 12 1 1 7 1 10 10 12 1 10 7 1 9 12 1 8 1 10 12 1 7 1 10 12 1 10 12 1 1 100 1 7 1 9 12 1 100 1 8 1 10 10 7 12 1 1 1 10 12 11 7 12 1 1 1 10 12 1 10 12 1 1 10 8 1 10 12 1 8 1 10 12 1 1 9 7 12 1 1 11 12 7 1 11 7 12 1 1 9 12 1 10 100 12 1 1 1 10 7 12 1 1 10 12 1 1 9 12 1 9 10 12 1 1 10 12 1 1 10 12 1 1 10 12 1 1 10 12 1 1 11 12 1 7 1 11 12 1 10 7 12 1 1 1 10 12 1 11 12 1 10 7 12 1 1 1 10 12 1 10 7 12 1 1 1 11 12 1 11 12 1 1 10 12 1 10 12 1 1 9 12 1 1 10 12 1 10 100 12 1 1 1 10 12 1 1 10 12 1 10 12 1 10 12 1 10 7 12 1 1 1 10 12 1 8 1 10 12 1 10 12 1 10 12 1 10 7 12 1 1 100 1 10 12 10 7 12 1 1 1 11 7 12 1 1 1 10 12 1 1 10 12 1 18 12 1 1 11 12 1 1 18 11 12 1 18 12 1 11 12 1 10 12 1 1 10 12 1 10 12 1 10 12 1 10 12 10 12 1 8 1 10 12 1 7 1 9 12 1 1 7 1 7 1 7 1 7 1 1 1 3 1 3 1 3 1 1 1 1 1 1 1 1 1 5 0 1 1 1 1 1 1 1 1 1 1 1 1 1 1 1 1 1 1 1 1 1 1 1 1 100 1 1 1 1 1 1 1 1 1 1 1 100 1 1 1 1 1 7 1 1 1 1 1 1 1 1 1 1 1 1 1 1 1 1 1 1 1 1 1 1 1 1 1 1 1 1 1 1 1 1 1 1 1 1 1 1 1 1 1 1 1 100 1 1 1 1 1 1 1 1 1 1 1 1 1 1 1 1 1 1 1 1 1 1 1 1 1 1 1 1 1 1 1 100 1 1 1 1 1 1 1 1 1 1 1 1 1 1 1 1 1 1 1 1 1 1 1 1 1 1 1 1 1 1 1 1 1 1 1 1 1 1 1 1 1 1 1 1 1 1 1 1 1 1 1 1 1 1 1 1 1 1 1 1 7 1 7 1 1 1 1 1 1 1 1 1 1 1 1 1 1 1 1 1 1 1 1 1 1 1 1 1 1 1 1 1 1 1 1 1 1 1 1 1 1 1 1 1 1 1 1 1 1 1 1 1 1 1 1 1 1 1 1 1 1 1 1 1 1 1 1 1 1 1 1 1 1 1 1 1 1 1 1 1 1 1 1 1 1 1 1 1 1 1 1 1 1 1 1 1 1 1 1 1 1 1 1 1 1 1 1 1 1 1 1 1 1 1 1 1 1 1 1 1 1 1 1 1 1 1 1 1 1 1 16 15 10 12 16 15 11 12 16 1 16 15 16 15 10 12 16 16 15 10 12 16 15 16 1 15 10 12 16 15 10 7 12 1 1 1 1 1 1 1 1 1 1 1 1 7 1 1 100 1 100 1 1 100 1 100 1 1
staticfield java/lang/Class EMPTY_CLASS_ARRAY [Ljava/lang/Class; 0 [Ljava/lang/Class;
staticfield java/lang/Class serialPersistentFields [Ljava/io/ObjectStreamField; 0 [Ljava/io/ObjectStreamField;
ciInstanceKlass java/lang/reflect/AnnotatedElement 1 1 165 11 7 12 1 1 1 11 12 1 1 7 1 10 100 12 1 1 1 10 12 1 1 10 12 1 1 10 12 1 10 100 12 1 1 1 11 12 1 1 11 7 12 1 1 10 7 12 1 1 1 10 12 1 10 100 12 1 1 1 18 12 1 1 11 100 12 1 1 18 12 1 18 12 1 1 10 100 12 1 1 1 11 100 12 1 1 1 7 1 10 100 12 1 1 1 1 1 1 1 1 1 1 1 1 1 1 1 1 1 1 1 1 1 1 1 1 1 1 100 1 1 1 1 1 1 1 1 1 1 1 16 15 16 1 16 1 15 11 12 16 16 1 15 10 100 12 1 1 1 16 1 15 10 100 12 1 1 1 1 100 1 100 1 1
ciInstanceKlass java/lang/invoke/TypeDescriptor 1 0 17 100 1 100 1 1 1 1 1 1 100 1 100 1 1 1 1
ciInstanceKlass java/lang/reflect/GenericDeclaration 1 0 30 7 1 7 1 7 1 1 1 1 1 1 1 1 100 1 8 1 1 12 10 1 1 1 8 1 1 1 8 1
ciInstanceKlass java/lang/reflect/Type 1 1 17 11 100 12 1 1 1 100 1 1 1 1 1 1 1 1 1
ciInstanceKlass java/lang/invoke/TypeDescriptor$OfField 1 0 21 100 1 100 1 100 1 1 1 1 1 1 1 1 1 1 1 1 1 1 1
ciInstanceKlass java/lang/StringBuilder 1 1 425 10 7 12 1 1 1 10 12 1 10 12 1 10 12 1 1 10 7 12 1 1 1 10 7 12 1 1 1 10 12 1 10 12 1 10 12 1 10 12 1 10 12 1 10 12 1 10 12 1 10 12 1 10 12 1 10 12 1 10 12 1 10 12 1 10 12 1 10 12 1 1 10 12 1 10 12 1 1 10 12 1 1 10 12 1 10 12 1 10 12 1 10 12 1 10 12 1 10 12 1 10 12 1 10 12 10 12 1 10 12 1 10 12 1 10 12 1 1 10 12 1 10 12 1 10 12 10 12 1 1 10 12 1 10 12 1 10 12 1 1 8 1 10 12 1 10 100 12 1 1 1 9 12 1 1 10 12 1 10 12 1 10 12 1 1 9 12 1 1 10 100 12 1 1 1 10 100 1 10 12 1 1 10 100 12 1 1 10 12 1 10 12 1 1 100 1 100 1 8 1 10 10 12 1 1 10 12 1 10 12 1 10 12 1 1 10 12 1 10 12 1 10 12 1 10 12 1 10 12 1 10 12 10 12 1 10 12 1 10 12 1 10 12 1 10 12 1 10 12 1 10 12 1 10 12 1 10 12 1 1 10 12 1 1 10 12 1 10 12 1 10 12 1 10 12 10 12 10 12 1 10 12 1 10 12 1 10 12 10 12 1 10 12 1 10 12 1 10 12 1 10 12 1 10 12 1 10 12 1 10 12 1 10 12 1 1 10 12 1 10 12 1 1 10 12 1 10 12 1 1 10 12 1 10 12 1 1 10 12 1 10 12 1 10 12 1 10 10 10 12 1 7 1 7 1 7 1 7 1 1 1 1 5 0 1 1 1 1 1 1 1 1 1 1 1 1 1 1 1 1 1 1 1 1 1 1 1 1 1 1 1 1 1 1 1 1 1 1 1 1 1 1 1 1 1 1 1 1 100 1 1 1 7 1 1 1 1 1 1 1 1 1 1 1
instanceKlass java/lang/StringBuilder
instanceKlass java/lang/StringBuffer
ciInstanceKlass java/lang/AbstractStringBuilder 1 1 613 7 1 10 7 12 1 1 1 9 7 12 1 1 1 9 12 1 9 12 1 1 9 12 1 1 10 7 12 1 1 1 10 12 1 1 7 1 3 3 10 12 1 10 12 1 1 11 7 1 100 1 7 1 10 8 1 10 12 1 10 12 1 10 12 1 1 10 12 1 10 12 1 9 12 1 10 12 1 9 12 1 1 10 12 1 1 10 7 12 1 1 1 10 10 12 1 10 12 1 10 12 1 1 10 12 1 1 10 7 12 1 1 1 10 7 12 1 1 1 7 1 8 1 10 10 12 1 1 100 1 10 12 10 12 1 1 10 10 12 1 1 10 12 1 1 10 12 1 1 10 12 1 1 10 10 7 12 1 1 1 10 12 1 100 1 10 10 7 12 1 1 1 9 12 1 1 9 12 1 10 12 1 1 10 10 12 1 1 10 12 10 12 1 10 12 1 1 10 12 1 1 10 12 1 1 10 12 1 10 12 1 1 10 12 1 1 10 12 1 10 12 1 1 8 1 10 12 1 1 10 12 1 10 12 1 10 12 1 10 12 1 10 12 1 10 12 1 10 7 12 1 1 10 12 1 10 12 1 10 100 12 1 1 1 100 1 100 1 10 12 1 10 7 12 1 1 10 12 1 10 12 1 1 10 12 1 10 12 1 1 10 12 1 10 12 1 1 10 12 1 1 10 10 7 12 1 1 1 10 12 1 10 12 1 10 12 1 1 10 12 1 10 12 1 10 12 1 10 12 1 10 12 1 10 12 1 10 12 1 10 12 1 10 12 1 1 10 12 1 10 12 1 10 12 10 12 1 1 18 12 1 1 100 1 10 100 12 1 1 1 18 10 12 1 1 10 12 1 1 10 12 1 10 12 1 1 11 12 1 1 10 12 1 10 12 1 10 12 10 12 1 10 10 10 12 1 10 5 0 10 10 12 1 1 100 1 8 1 10 10 12 1 1 10 100 12 1 1 1 10 12 1 10 12 1 1 100 1 10 12 100 1 10 100 1 10 7 1 1 1 1 1 1 1 1 1 1 1 100 1 1 1 1 1 1 1 1 1 1 1 1 1 1 1 1 1 1 1 1 1 1 1 1 1 1 1 1 1 1 1 1 1 1 1 1 1 1 1 1 1 1 1 1 1 1 1 1 1 1 1 1 1 1 1 1 1 1 1 1 1 1 1 1 1 1 1 1 1 1 1 1 1 1 1 1 1 1 1 1 1 1 1 1 1 1 1 1 1 1 1 1 1 1 1 1 1 1 1 1 100 1 1 1 1 1 1 1 1 1 1 1 1 1 1 1 1 1 100 1 1 1 1 1 1 7 1 1 16 1 15 10 12 16 15 10 12 15 10 100 12 1 1 1 1 1 1 1 100 1 100 1 1
staticfield java/lang/AbstractStringBuilder EMPTYVALUE [B 0
ciInstanceKlass java/lang/Appendable 1 0 14 100 1 100 1 1 1 1 100 1 1 1 1 1
ciInstanceKlass java/lang/CharSequence 1 1 131 11 7 12 1 1 1 18 12 1 1 100 1 10 100 12 1 1 1 18 10 100 12 1 1 1 11 12 1 1 11 7 1 11 12 1 1 10 100 12 1 1 1 11 12 1 1 100 1 10 12 1 1 10 100 12 1 1 1 100 1 10 10 12 1 1 7 1 1 1 1 1 1 1 1 1 1 1 1 1 1 1 1 1 1 1 1 1 1 1 1 1 1 1 1 1 1 1 1 1 16 1 15 11 12 16 15 11 12 15 10 100 12 1 1 1 1 1 100 1 100 1 1 100 1 1 100 1 100 1 1
ciInstanceKlass java/lang/AutoCloseable 1 0 12 100 1 100 1 1 1 1 7 1 1 1
ciInstanceKlass java/io/Closeable 1 0 14 100 1 100 1 100 1 1 1 1 7 1 1 1
instanceKlass org/eclipse/angus/activation/MailcapParseException
instanceKlass sun/nio/fs/WindowsException
instanceKlass jakarta/activation/MimeTypeParseException
instanceKlass sun/security/pkcs11/wrapper/PKCS11Exception
instanceKlass javax/management/JMException
instanceKlass java/security/GeneralSecurityException
instanceKlass java/security/PrivilegedActionException
instanceKlass jakarta/mail/MessagingException
instanceKlass javax/naming/NamingException
instanceKlass java/beans/IntrospectionException
instanceKlass java/util/concurrent/ExecutionException
instanceKlass org/springframework/expression/AccessException
instanceKlass javax/xml/parsers/ParserConfigurationException
instanceKlass org/xml/sax/SAXException
instanceKlass ch/qos/logback/core/spi/ScanException
instanceKlass java/text/ParseException
instanceKlass java/net/URISyntaxException
instanceKlass java/util/concurrent/TimeoutException
instanceKlass java/lang/InterruptedException
instanceKlass ch/qos/logback/core/boolex/EvaluationException
instanceKlass ch/qos/logback/core/util/DynamicClassLoadingException
instanceKlass ch/qos/logback/core/util/IncompatibleClassException
instanceKlass ch/qos/logback/core/joran/spi/JoranException
instanceKlass java/lang/CloneNotSupportedException
instanceKlass java/io/IOException
instanceKlass java/lang/ReflectiveOperationException
instanceKlass java/lang/RuntimeException
ciInstanceKlass java/lang/Exception 1 1 40 10 7 12 1 1 1 10 12 1 10 12 1 10 12 1 10 12 1 100 1 1 1 1 5 0 1 1 1 1 1 1 1 1 1 1 1 1 1 1
instanceKlass java/lang/Exception
instanceKlass java/lang/Error
ciInstanceKlass java/lang/Throwable 1 1 413 10 7 12 1 1 1 9 7 12 1 1 1 9 12 1 1 9 12 1 9 12 1 1 9 12 1 10 12 1 1 9 12 1 1 10 12 1 1 10 100 12 1 1 1 9 12 1 1 10 12 1 1 10 12 1 100 1 7 1 10 8 1 10 12 1 1 8 1 10 100 12 1 1 10 10 12 1 100 1 8 1 10 10 7 12 1 1 10 12 1 8 1 9 7 12 1 1 1 10 12 1 1 100 1 10 12 10 12 1 10 100 12 1 1 1 100 1 10 12 10 12 1 10 12 1 100 1 10 10 7 12 1 1 1 11 100 12 1 1 1 10 12 1 1 10 12 1 1 8 1 10 12 1 10 12 1 1 8 1 8 1 10 12 1 1 10 12 1 8 1 8 1 9 12 1 10 12 1 1 100 1 10 11 12 1 8 1 8 1 10 7 12 1 1 8 1 10 12 1 8 1 100 1 10 12 1 9 12 1 1 10 12 1 10 7 12 1 9 12 1 1 10 12 1 1 100 1 8 1 10 12 1 10 100 12 1 1 10 12 1 1 7 1 10 100 12 1 1 1 10 12 1 11 7 12 1 1 1 11 7 12 1 1 11 12 1 8 1 10 12 1 1 8 1 10 10 9 100 12 1 1 1 8 1 10 12 1 1 11 10 100 1 8 1 10 11 12 1 1 8 1 9 12 1 10 100 12 1 1 11 9 12 1 1 11 12 1 1 100 10 12 1 10 12 1 1 7 1 1 1 1 5 0 1 1 1 1 1 1 1 1 1 1 1 1 7 1 1 1 1 1 1 1 1 1 1 1 1 1 1 1 1 1 1 1 1 1 1 1 1 1 1 1 1 1 1 1 1 1 1 1 1 1 1 1 1 1 1 1 1 1 100 1 7 1 1 1 1 1 1 1 1 1 1 1 1 1 1 1 1 1 1
staticfield java/lang/Throwable UNASSIGNED_STACK [Ljava/lang/StackTraceElement; 0 [Ljava/lang/StackTraceElement;
staticfield java/lang/Throwable SUPPRESSED_SENTINEL Ljava/util/List; java/util/Collections$EmptyList
staticfield java/lang/Throwable EMPTY_THROWABLE_ARRAY [Ljava/lang/Throwable; 0 [Ljava/lang/Throwable;
staticfield java/lang/Throwable $assertionsDisabled Z 1
instanceKlass org/springframework/beans/factory/support/ManagedProperties
instanceKlass org/springframework/core/SortedProperties
instanceKlass java/security/Provider
ciInstanceKlass java/util/Properties 1 1 690 10 7 12 1 1 1 100 1 10 7 12 1 1 7 1 10 12 1 9 12 1 1 9 12 1 1 9 12 1 1 10 7 12 1 1 1 10 12 1 1 8 1 10 7 12 1 1 1 7 1 10 12 1 10 12 1 1 8 1 10 12 1 7 1 10 12 10 12 1 1 9 12 1 1 10 12 1 1 7 1 10 12 1 10 12 1 10 12 1 1 100 1 8 1 10 12 1 10 12 1 10 12 1 1 10 12 1 7 1 3 10 10 100 12 1 1 1 10 12 1 10 12 1 1 8 1 10 12 1 10 12 1 1 8 1 10 100 12 1 1 10 12 1 1 10 12 1 10 12 1 1 100 1 10 12 1 10 12 1 1 100 1 9 100 12 1 1 1 10 12 1 10 12 1 1 10 12 1 1 10 12 1 1 100 1 9 12 1 1 7 1 7 1 10 12 1 7 1 11 7 12 1 1 1 11 12 1 1 11 7 12 1 1 1 11 7 12 1 1 1 11 12 1 1 11 12 1 11 12 1 10 12 1 1 8 1 10 12 1 10 100 12 1 1 10 12 1 100 1 10 10 12 1 10 12 1 100 1 10 10 12 1 1 10 7 12 1 1 9 100 12 1 1 10 12 1 1 10 100 12 1 1 1 100 1 100 1 100 1 10 8 1 8 1 10 12 1 10 12 1 10 12 1 1 10 10 12 1 1 10 12 1 1 7 1 10 10 12 1 11 7 12 1 1 10 7 12 1 1 1 8 1 10 100 12 1 1 11 11 7 1 8 1 10 100 1 11 10 12 1 10 10 12 1 10 12 1 1 10 12 1 1 10 12 1 1 10 12 1 10 12 1 10 10 12 1 10 12 1 10 12 1 10 10 12 1 1 10 12 1 1 10 10 12 1 10 12 1 10 12 1 10 12 1 10 12 1 1 10 12 1 1 10 12 1 10 12 1 10 12 1 1 10 12 10 12 1 1 10 12 1 1 10 12 1 10 12 1 1 10 12 1 1 10 12 10 11 12 1 4 11 10 12 1 1 10 100 12 1 1 11 12 1 10 12 1 1 10 100 12 1 1 10 12 1 100 1 8 1 10 12 1 10 10 100 12 1 1 1 100 1 6 0 10 12 1 1 11 100 12 1 1 1 10 12 1 10 12 1 1 1 1 1 5 0 1 1 1 1 1 1 1 1 1 1 1 1 1 1 1 1 1 1 1 1 1 1 1 1 1 1 1 1 1 1 1 1 1 1 1 1 1 1 1 100 1 1 1 1 1 1 1 1 1 1 1 1 1 1 1 1 1 1 1 1 100 1 1 1 1 1 1 1 1 1 1 1 1 7 1 7 1 1 1 1 1 100 1 1 1 1 1 1 1 1 1 1 1 1 1 1 1 1 1 1 1 1 1 1 1 1 1 1 1 1 1 1 1 1 1 1 1 1 1 1 1 1 1 1 1 1 1 1 1 1 1 1 1 1 1 1 1 1 1 1 1 1 1 1 1 1 1 1 1 1 1 1 1 1 1 1 1 1 1 7 1 1 1 1 1 1 1 1 1 1 1 100 1 1
staticfield java/util/Properties UNSAFE Ljdk/internal/misc/Unsafe; jdk/internal/misc/Unsafe
instanceKlass java/util/Hashtable
ciInstanceKlass java/util/Dictionary 1 1 36 10 7 12 1 1 1 100 1 1 1 1 1 1 1 1 1 1 1 1 1 1 1 1 1 1 1 1 1 1 1 1 1 1 1 1
instanceKlass org/apache/commons/logging/impl/WeakHashtable
instanceKlass java/util/Properties
ciInstanceKlass java/util/Hashtable 1 1 516 7 1 10 7 12 1 1 1 9 7 12 1 1 1 100 1 7 1 10 8 1 10 12 1 1 10 12 1 10 12 1 1 10 12 1 10 7 12 1 1 1 8 1 10 12 1 9 12 1 1 7 1 9 12 1 1 4 10 7 12 1 1 1 9 12 1 4 10 12 1 11 7 12 1 1 1 10 12 1 1 10 12 1 1 9 12 1 10 12 1 1 100 1 10 9 12 1 1 10 7 12 1 1 1 9 12 1 1 10 12 1 10 12 1 3 9 12 1 9 12 1 3 10 12 1 10 12 1 10 12 1 1 11 12 1 1 11 100 12 1 1 1 11 7 12 1 1 1 11 12 1 100 1 11 12 1 11 12 1 10 12 1 1 10 12 1 1 10 12 1 9 12 1 1 9 12 9 12 1 1 10 100 1 7 1 10 12 1 10 8 1 10 10 12 1 8 1 10 8 1 10 100 12 1 1 1 7 1 10 12 1 10 12 1 100 1 10 12 1 10 12 1 1 100 1 10 100 1 10 10 12 1 1 11 12 1 1 11 12 1 7 1 10 10 10 100 12 1 1 11 100 12 1 1 1 100 1 10 11 100 12 1 1 11 100 12 1 10 12 1 10 12 1 1 10 100 12 1 1 10 12 1 1 10 12 1 1 10 12 1 1 10 100 12 1 1 1 8 10 100 12 1 1 100 1 8 1 10 4 4 10 12 1 1 10 12 1 8 1 4 10 12 10 100 12 1 1 1 100 1 11 100 12 1 1 1 10 100 12 1 1 1 10 12 1 10 12 1 1 10 7 1 7 1 1 1 1 1 1 5 0 1 1 1 1 1 3 1 3 1 3 1 1 1 1 1 1 1 1 1 1 1 1 1 1 1 1 1 1 1 1 1 1 1 1 1 100 1 1 1 1 1 1 1 1 1 1 1 1 1 1 1 1 1 1 1 1 1 1 1 1 1 1 1 1 1 7 1 1 1 1 1 1 1 1 1 1 1 1 1 1 7 1 1 1 1 1 1 1 1 1 1 1 1 1 1 1 1 1 1 1 1 1 1 1 1 1 1 1 1 1 1 1 1 1 1 1 1 1 1 1 1 1 1 1 1 100 1 1 1 7 1 1 1 1 1 7 1 1 1 1 1 1 1 1 1 1 1 1 1 1 1 1 1 1
ciInstanceKlass java/lang/String 1 1 1488 10 7 12 1 1 1 8 1 9 7 12 1 1 1 9 12 1 1 9 12 1 1 9 12 1 1 10 12 1 10 12 1 1 10 12 1 1 9 12 1 10 7 12 1 1 1 10 12 1 1 10 12 1 10 7 12 1 1 1 10 12 1 1 10 12 1 1 10 12 1 10 12 1 1 10 12 1 10 7 12 1 1 1 7 1 9 7 12 1 1 1 10 7 12 1 1 1 10 12 1 1 10 12 1 1 10 7 12 1 1 1 10 12 1 1 9 7 12 1 1 10 12 9 7 12 1 1 10 12 1 1 3 10 12 1 1 7 1 11 12 1 1 11 12 1 11 12 1 1 10 7 12 1 1 1 10 12 1 1 9 100 12 1 1 1 10 12 1 1 10 12 1 11 12 1 1 10 12 1 10 12 10 12 1 1 10 7 12 1 1 1 10 7 12 1 1 1 10 12 1 1 7 1 7 1 10 12 1 10 12 1 10 12 1 1 10 12 1 1 100 1 10 12 1 1 100 1 10 12 1 1 10 12 1 1 10 12 1 10 10 12 1 100 1 100 1 7 1 10 12 1 10 12 1 1 10 12 1 1 10 12 1 10 12 1 1 10 12 1 1 10 7 12 1 1 7 1 11 10 7 12 1 1 11 12 1 11 12 1 10 12 1 1 10 12 1 10 12 10 12 1 1 10 10 7 12 1 1 1 10 7 12 1 1 10 12 1 1 10 7 12 1 1 10 12 1 10 12 1 1 10 12 1 1 10 12 1 10 12 1 10 12 1 1 100 1 10 12 1 1 10 12 10 12 1 10 12 1 1 10 12 1 1 10 7 12 1 1 1 10 12 1 10 12 1 1 10 12 1 10 12 1 3 3 10 12 1 1 10 12 1 10 12 1 1 10 12 1 1 10 12 1 1 10 12 1 10 12 1 1 10 12 1 1 10 12 1 10 12 1 10 12 1 10 12 1 1 10 12 1 10 12 1 10 12 1 10 12 1 10 12 1 10 12 1 10 7 1 10 8 1 10 12 1 1 10 12 1 8 1 10 12 1 1 10 12 10 12 1 8 1 10 10 12 1 1 10 12 1 1 7 1 5 0 7 1 8 1 10 10 12 1 1 5 0 5 0 5 0 10 12 1 1 10 7 1 10 10 12 1 10 12 1 10 12 1 10 10 12 1 10 12 1 10 12 1 10 12 1 10 12 1 10 12 1 10 12 1 1 10 12 1 1 10 12 1 1 10 10 12 1 1 10 10 12 1 100 1 10 9 100 12 1 1 1 11 100 12 1 1 1 10 12 1 1 10 12 1 1 10 7 1 10 12 1 10 12 1 10 7 12 1 1 1 10 12 1 10 12 1 1 10 12 1 11 7 1 11 12 10 12 1 10 12 1 1 10 12 1 1 10 10 12 1 10 12 1 9 12 1 1 11 7 12 1 1 1 10 12 10 10 12 1 10 12 1 1 10 10 12 1 10 12 1 10 12 1 1 10 12 1 1 10 10 12 1 1 10 10 7 12 1 1 1 10 12 1 10 12 1 10 12 10 10 12 10 10 12 1 10 12 1 10 10 12 10 12 1 1 10 12 10 10 12 10 12 1 10 12 10 12 10 10 12 1 10 12 1 1 10 12 1 1 10 10 12 1 10 7 12 1 1 1 10 12 1 1 10 10 7 12 1 1 1 11 10 12 1 10 12 1 1 10 12 1 1 10 7 12 1 1 1 10 12 1 10 12 1 10 12 1 10 12 1 10 12 1 10 12 1 100 1 10 10 12 1 10 12 1 1 8 1 10 12 1 3 3 10 12 1 10 12 1 1 10 12 7 1 10 10 12 1 1 10 12 10 12 1 10 12 1 10 12 1 1 10 12 1 1 11 7 12 1 1 1 7 1 10 12 1 10 12 1 1 8 1 10 12 1 1 10 12 1 11 7 12 1 1 1 11 7 12 1 1 11 12 1 10 12 1 10 12 1 1 10 10 7 12 1 1 1 10 12 1 10 12 1 10 10 12 10 12 1 1 10 10 12 1 10 10 12 1 10 10 12 1 10 10 12 1 10 12 1 1 10 10 12 1 8 1 10 12 1 1 18 12 1 1 11 100 12 1 1 1 3 18 12 1 18 12 1 8 1 10 100 12 1 1 1 11 12 1 1 10 12 10 10 12 1 10 11 12 1 1 10 12 1 1 11 12 1 18 3 11 10 11 11 10 12 1 10 12 1 1 8 1 10 12 1 10 12 1 10 12 1 1 10 10 12 1 11 100 12 1 7 1 100 1 10 12 100 1 10 10 7 12 1 1 1 100 1 10 7 1 10 10 12 1 10 10 12 1 8 1 10 10 12 1 8 1 8 1 10 12 1 10 12 1 10 10 12 10 7 12 1 1 10 7 12 1 1 10 7 12 1 1 8 1 10 12 1 10 12 1 10 9 12 1 10 12 9 7 12 1 1 1 10 12 1 10 12 1 10 12 1 10 12 10 12 1 10 12 1 8 1 10 100 12 1 1 1 10 12 10 12 1 1 10 12 10 12 10 12 7 1 9 12 1 1 7 1 10 7 1 7 1 7 1 7 1 1 1 1 1 1 5 0 1 1 1 1 1 3 1 3 1 1 1 1 1 1 1 1 1 1 1 1 1 1 1 100 1 1 1 1 1 1 1 1 1 1 1 1 1 1 1 1 1 1 1 1 1 1 1 1 1 1 1 1 1 1 1 100 1 1 1 1 1 1 1 1 1 1 1 1 7 1 1 1 1 1 1 1 1 1 1 1 1 1 1 1 1 1 1 1 1 1 1 1 1 1 1 1 1 1 1 1 1 1 1 1 1 1 1 1 1 1 1 1 1 1 1 1 1 1 1 1 1 1 1 1 1 1 1 1 1 1 1 1 1 1 1 1 1 1 1 1 1 1 1 1 1 1 1 1 1 1 1 1 1 1 1 1 1 1 1 1 1 1 1 1 1 1 1 1 1 1 1 1 1 1 1 1 1 1 1 1 1 1 1 1 1 1 1 1 1 1 1 1 1 1 1 1 1 1 1 1 1 1 1 1 1 1 1 1 1 1 1 1 1 1 1 1 1 1 1 1 1 1 1 1 1 1 1 1 1 1 1 1 1 1 1 1 1 1 1 1 1 1 1 1 1 1 1 1 1 1 100 1 1 1 1 1 1 1 1 1 1 1 1 1 1 1 1 1 1 1 1 1 1 1 100 1 1 1 1 1 1 1 1 1 1 1 1 1 1 1 7 1 1 1 1 1 1 1 1 1 1 1 1 1 1 1 16 15 10 12 16 15 10 12 15 10 12 15 10 12 15 10 100 12 1 1 1 1 100 1 1 1 1 1 100 1 100 1 1 1
staticfield java/lang/String COMPACT_STRINGS Z 1
staticfield java/lang/String serialPersistentFields [Ljava/io/ObjectStreamField; 0 [Ljava/io/ObjectStreamField;
staticfield java/lang/String CASE_INSENSITIVE_ORDER Ljava/util/Comparator; java/lang/String$CaseInsensitiveComparator
ciInstanceKlass java/lang/constant/ConstantDesc 1 0 37 100 1 100 1 1 1 1 100 1 1 1 1 100 1 100 1 100 1 100 1 100 1 100 1 100 1 100 1 100 1 1 100 1 100 1 1
ciInstanceKlass sun/nio/cs/UTF_8 1 1 84 8 1 10 7 12 1 1 1 10 7 12 1 1 1 8 1 7 1 10 12 1 7 1 10 10 7 12 1 1 1 10 12 1 1 10 12 1 1 7 1 10 12 1 9 12 1 1 10 7 12 1 1 1 9 12 1 1 1 1 1 1 1 1 1 1 1 1 1 1 1 1 1 1 1 1 1 1 1 1 1 1 1 1
staticfield sun/nio/cs/UTF_8 INSTANCE Lsun/nio/cs/UTF_8; sun/nio/cs/UTF_8
staticfield sun/nio/cs/UTF_8 JLA Ljdk/internal/access/JavaLangAccess; java/lang/System$2
instanceKlass sun/nio/cs/MS1252
instanceKlass sun/nio/cs/US_ASCII
instanceKlass sun/nio/cs/ISO_8859_1
instanceKlass sun/nio/cs/Unicode
ciInstanceKlass java/nio/charset/Charset 1 1 371 10 7 12 1 1 1 100 1 10 12 1 1 10 12 1 1 9 7 12 1 1 1 9 12 1 7 1 100 1 10 12 1 9 100 12 1 1 1 10 100 12 1 1 1 10 12 1 1 10 7 12 1 1 1 10 12 1 100 1 10 10 7 12 1 1 1 10 12 1 9 100 12 1 1 1 10 7 12 1 1 1 100 1 8 1 10 10 12 1 1 10 12 1 9 12 1 1 10 12 1 10 12 1 10 12 1 1 10 12 1 10 12 1 100 1 10 11 7 12 1 1 11 12 1 10 12 1 1 11 7 12 1 1 1 100 1 10 100 1 9 12 1 1 10 7 12 1 1 9 100 12 1 1 1 10 9 12 1 1 10 12 1 1 10 7 12 1 1 1 10 12 1 1 10 100 12 1 1 1 100 8 1 8 1 8 1 9 12 1 9 12 1 9 12 1 1 11 100 12 1 1 1 8 1 10 12 1 1 8 1 10 100 12 1 1 1 9 100 12 1 1 1 10 100 12 1 1 1 10 12 1 10 12 1 1 100 1 7 1 10 12 1 10 12 1 1 10 100 12 1 1 10 12 10 12 1 1 10 100 12 1 1 1 10 10 12 1 1 10 12 1 10 12 1 1 7 1 10 7 1 1 1 1 1 1 1 1 1 1 1 1 1 1 1 1 1 1 1 1 1 1 7 1 1 1 100 1 100 1 1 1 1 1 1 1 1 1 1 1 1 1 1 1 1 1 1 1 1 1 1 1 1 1 1 1 1 1 1 1 1 1 1 1 1 1 1 1 1 1 1 1 1 1 1 1 1 1 1 1 1 1 1 1 1 1 100 1 1 1 1
staticfield java/nio/charset/Charset standardProvider Ljava/nio/charset/spi/CharsetProvider; sun/nio/cs/StandardCharsets
staticfield java/nio/charset/Charset zeroAliases [Ljava/lang/String; 0 [Ljava/lang/String;
ciInstanceKlass sun/nio/cs/HistoricallyNamedCharset 1 0 9 100 1 100 1 1 1 1 1
ciInstanceKlass java/lang/InternalError 1 1 34 10 7 12 1 1 1 10 12 1 10 12 1 10 12 1 100 1 1 1 1 5 0 1 1 1 1 1 1 1 1 1 1 1
instanceKlass java/lang/AssertionError
instanceKlass java/lang/ThreadDeath
instanceKlass java/util/ServiceConfigurationError
instanceKlass java/lang/VirtualMachineError
instanceKlass java/lang/LinkageError
ciInstanceKlass java/lang/Error 1 1 58 10 7 12 1 1 1 9 12 1 1 10 100 12 1 1 1 10 100 12 1 1 1 10 12 1 10 12 1 10 12 1 10 12 1 100 1 1 1 1 5 0 1 1 1 1 1 1 1 1 100 1 1 1 1 1 1 1
instanceKlass java/lang/StackOverflowError
instanceKlass java/lang/OutOfMemoryError
instanceKlass java/lang/InternalError
ciInstanceKlass java/lang/VirtualMachineError 1 1 34 10 7 12 1 1 1 10 12 1 10 12 1 10 12 1 100 1 1 1 1 5 0 1 1 1 1 1 1 1 1 1 1 1
ciInstanceKlass java/util/Iterator 1 1 53 100 1 8 1 10 12 1 1 10 7 12 1 1 1 11 7 12 1 1 1 11 12 1 1 11 7 12 1 1 1 7 1 1 1 1 1 1 1 1 1 1 1 1 1 1 1 1 1 1 1 1 1
instanceKlass sun/security/ssl/SSLSocketImpl$AppInputStream
instanceKlass java/io/PipedInputStream
instanceKlass sun/nio/ch/ChannelInputStream
instanceKlass sun/nio/ch/NioSocketImpl$1
instanceKlass java/net/Socket$SocketInputStream
instanceKlass java/util/zip/ZipFile$ZipFileInputStream
instanceKlass java/io/FilterInputStream
instanceKlass java/io/FileInputStream
instanceKlass java/io/ByteArrayInputStream
ciInstanceKlass java/io/InputStream 1 1 195 7 1 10 7 12 1 1 1 100 1 10 10 7 12 1 1 1 10 7 12 1 1 1 10 12 1 100 1 3 10 12 1 1 100 1 8 1 10 12 1 10 7 12 1 1 1 3 7 1 8 1 10 10 100 12 1 1 1 7 1 10 11 7 12 1 1 1 10 12 1 1 11 12 1 1 11 7 12 1 1 1 11 12 1 1 7 1 10 7 12 1 1 1 5 0 10 12 1 10 12 1 1 100 1 10 8 1 10 8 1 8 1 10 12 1 1 10 100 12 1 1 1 7 1 5 0 10 12 1 100 1 7 1 1 1 1 3 1 3 1 1 1 1 1 1 1 1 1 1 1 1 1 1 1 1 1 1 1 1 1 1 1 1 1 1 1 1 1 1 1 1 1 1 1 1 1 1 1 1 1 1 1 1 1 1 1 1 1 1 1 1 1 1 1
ciInstanceKlass jdk/internal/misc/Unsafe 1 1 1242 10 7 12 1 1 1 9 7 12 1 1 1 9 12 1 1 10 12 1 1 10 7 12 1 1 1 10 12 1 1 10 12 1 1 10 12 1 1 10 12 1 1 10 12 1 1 10 12 1 1 10 12 1 1 10 12 1 1 10 12 1 1 10 12 1 1 10 12 1 1 10 12 1 1 10 12 1 1 10 12 1 10 12 1 100 1 10 10 12 1 1 10 12 1 1 5 0 10 12 1 1 10 12 1 1 10 7 12 1 1 1 10 12 1 1 10 12 1 10 12 1 10 12 1 1 10 12 1 1 10 12 1 10 12 1 7 1 7 1 10 8 1 10 12 1 1 10 12 1 8 1 10 12 1 1 10 12 1 10 12 1 10 12 1 1 10 12 1 10 12 1 1 10 12 1 1 10 12 1 10 12 1 10 12 1 10 12 1 1 10 12 1 10 12 1 10 12 1 1 10 12 1 5 0 5 0 5 0 10 12 1 10 12 1 10 12 1 10 12 1 10 12 1 10 12 1 10 12 1 10 12 1 10 12 1 1 10 12 1 10 12 1 7 1 8 1 10 100 1 10 10 12 1 1 10 12 1 1 10 12 1 10 12 1 1 10 12 1 1 10 12 1 10 12 1 1 10 12 1 9 7 12 1 1 9 12 1 100 1 10 10 12 1 1 8 1 10 8 1 8 1 10 12 1 1 9 7 12 1 1 1 9 7 1 9 7 1 9 7 1 9 9 7 1 9 7 1 9 7 1 10 12 1 1 10 12 1 1 10 12 1 1 10 12 1 1 5 0 5 0 9 12 1 1 10 12 1 10 12 1 10 12 1 1 10 12 1 1 10 12 1 8 1 3 10 12 1 1 10 12 1 1 10 12 1 10 12 1 1 10 12 1 1 10 12 1 10 12 1 10 12 1 10 12 1 10 12 1 10 12 1 1 10 12 1 1 10 12 1 10 12 1 10 12 1 10 12 1 10 12 1 10 12 1 1 10 12 1 1 10 12 1 10 12 1 10 12 1 10 12 1 10 12 1 10 12 1 1 10 12 1 1 10 12 1 1 10 12 1 1 10 12 1 10 12 1 10 12 1 10 12 1 10 12 1 10 12 1 10 12 1 1 10 12 1 1 10 12 1 10 12 1 10 12 1 10 12 1 10 12 1 10 12 1 10 12 1 1 10 12 1 1 10 12 1 10 12 1 10 12 1 10 12 1 10 12 1 10 12 1 10 12 1 10 12 1 1 10 12 1 10 12 1 10 12 1 10 12 1 10 12 1 1 10 12 1 10 12 1 10 12 1 10 12 1 10 12 1 10 12 1 10 12 1 10 12 1 1 10 12 1 10 12 1 10 12 1 10 12 1 10 12 1 10 12 1 1 10 12 1 10 12 1 10 12 1 1 10 12 1 10 12 1 10 12 1 10 12 1 10 12 1 10 12 1 10 12 1 10 12 1 10 12 1 10 12 1 10 12 1 10 12 1 10 12 1 10 12 1 10 12 1 10 12 1 10 12 1 10 12 1 10 12 1 10 12 1 10 12 1 10 12 1 10 12 1 100 1 10 100 1 10 9 12 1 5 0 10 12 1 1 5 0 10 12 1 5 0 10 12 1 10 12 1 10 12 1 1 10 12 1 1 10 12 1 10 12 1 10 12 1 10 12 1 1 10 12 1 10 12 1 10 12 1 10 12 1 10 12 1 1 10 12 1 10 12 1 10 12 1 10 12 1 1 10 12 1 10 12 1 10 12 1 1 10 12 1 10 12 1 10 12 1 10 12 1 1 10 12 1 10 10 12 1 1 10 12 1 10 12 1 1 10 12 1 10 12 5 0 5 0 5 0 10 12 1 1 10 12 1 10 12 1 10 12 10 100 12 1 1 8 1 100 1 11 12 1 1 8 1 11 12 1 1 10 100 12 1 1 10 12 1 10 7 1 10 12 1 9 12 1 7 1 9 12 1 7 1 9 12 1 7 1 9 12 1 7 1 9 12 1 7 1 9 12 1 7 1 9 12 1 7 1 9 12 1 7 1 9 12 1 10 12 1 9 12 1 9 12 1 9 12 1 9 12 1 9 12 1 9 12 1 9 12 1 9 12 1 9 12 1 9 12 1 1 1 3 1 1 1 1 1 1 1 1 1 1 1 1 1 1 1 1 1 1 1 1 1 1 1 1 1 1 1 1 1 1 1 1 1 1 1 1 1 1 1 1 1 1 1 1 1 1 1 1 1 1 1 1 1 1 1 1 1 1 1 1 1 1 1 1 1 1 1 1 1 1 1 1 1 1 1 1 1 1 1 1 1 1 1 1 1 1 1 1 1 1 100 1 1 1 1 1 1 1 1 1 1 1 1 1 1 1 1 1 1 1 1 1 1 1 1 1 1 1 1 1 1 1 1 1 1 1 1 1 1 1 1 1 1 1 1 1 1 1 1 1 1 1 1 1 1 1 1 1 1 1 1 1 1 1 1 1 1 1 1 1 1 1 1 1 1 1 1 1 1 1 1 1 1 1 1 1 1 1 1 1 1 1 1 1 1 1 1 1 1 1 1 1 1 1 1 1 1 1 1 1 1 1 1 1 1 1 1 1 1 1 1 1 1 1 1 1 1 1 1 1 1 1 1 1 1 1 1 1 1 1 1 1 1 1 1 1 1 1 1 1 1 1 1 1 1 1 1 1 1 1 1 1 1 1 1 1 1 1 1 1 1 1 1 1 1 1 1 1 1 1 1 1 1 1 1 1 1 1 1 1 1 1 1 1 1 1 1 1 1 1 1 1 1 1 1 1 1 1 1 1 1 1 1 1
staticfield jdk/internal/misc/Unsafe theUnsafe Ljdk/internal/misc/Unsafe; jdk/internal/misc/Unsafe
staticfield jdk/internal/misc/Unsafe ARRAY_BOOLEAN_BASE_OFFSET I 16
staticfield jdk/internal/misc/Unsafe ARRAY_BYTE_BASE_OFFSET I 16
staticfield jdk/internal/misc/Unsafe ARRAY_SHORT_BASE_OFFSET I 16
staticfield jdk/internal/misc/Unsafe ARRAY_CHAR_BASE_OFFSET I 16
staticfield jdk/internal/misc/Unsafe ARRAY_INT_BASE_OFFSET I 16
staticfield jdk/internal/misc/Unsafe ARRAY_LONG_BASE_OFFSET I 16
staticfield jdk/internal/misc/Unsafe ARRAY_FLOAT_BASE_OFFSET I 16
staticfield jdk/internal/misc/Unsafe ARRAY_DOUBLE_BASE_OFFSET I 16
staticfield jdk/internal/misc/Unsafe ARRAY_OBJECT_BASE_OFFSET I 16
staticfield jdk/internal/misc/Unsafe ARRAY_BOOLEAN_INDEX_SCALE I 1
staticfield jdk/internal/misc/Unsafe ARRAY_BYTE_INDEX_SCALE I 1
staticfield jdk/internal/misc/Unsafe ARRAY_SHORT_INDEX_SCALE I 2
staticfield jdk/internal/misc/Unsafe ARRAY_CHAR_INDEX_SCALE I 2
staticfield jdk/internal/misc/Unsafe ARRAY_INT_INDEX_SCALE I 4
staticfield jdk/internal/misc/Unsafe ARRAY_LONG_INDEX_SCALE I 8
staticfield jdk/internal/misc/Unsafe ARRAY_FLOAT_INDEX_SCALE I 4
staticfield jdk/internal/misc/Unsafe ARRAY_DOUBLE_INDEX_SCALE I 8
staticfield jdk/internal/misc/Unsafe ARRAY_OBJECT_INDEX_SCALE I 4
staticfield jdk/internal/misc/Unsafe ADDRESS_SIZE I 8
instanceKlass org/springframework/core/DecoratingClassLoader
instanceKlass jdk/internal/reflect/DelegatingClassLoader
instanceKlass java/security/SecureClassLoader
ciInstanceKlass java/lang/ClassLoader 1 1 1108 9 7 12 1 1 1 10 7 12 1 1 1 9 12 1 1 10 7 12 1 1 1 7 1 10 12 1 1 10 12 1 1 9 12 1 1 10 12 1 1 100 1 10 12 1 10 12 1 1 10 7 12 1 1 1 100 1 8 1 10 12 1 10 7 12 1 1 1 10 7 12 1 10 7 1 10 7 1 7 1 7 1 10 12 1 10 12 1 9 12 1 1 10 10 7 12 1 1 1 9 12 1 1 9 12 1 9 12 1 1 9 12 1 9 12 1 1 9 12 1 1 7 1 10 12 1 9 12 1 1 10 12 1 1 10 7 12 1 1 1 9 12 1 9 12 1 1 9 12 1 10 12 1 1 9 12 10 12 1 1 7 1 10 8 1 10 12 1 1 10 12 1 10 7 1 7 1 10 12 1 1 10 7 12 1 1 1 8 1 10 12 1 10 12 1 10 12 1 1 10 12 1 1 10 12 1 1 10 12 1 1 10 12 1 1 10 12 1 7 1 10 12 1 10 100 12 1 1 1 10 12 1 1 10 12 1 10 12 1 10 12 1 10 12 1 10 12 1 1 10 10 12 1 10 12 1 10 100 12 1 1 10 12 1 1 10 12 1 1 10 12 1 100 1 10 12 1 7 1 10 12 1 10 7 12 1 1 1 10 10 12 1 1 10 12 1 1 7 1 8 1 10 8 1 10 12 1 10 12 1 100 1 8 1 10 12 1 1 10 12 1 1 10 10 12 1 1 10 12 1 1 10 12 1 1 10 7 1 10 12 1 1 10 12 1 1 10 12 1 1 10 12 1 1 10 12 1 1 10 12 1 1 10 12 1 10 7 12 1 1 1 10 12 1 10 12 1 10 12 1 1 10 12 1 10 12 1 10 12 1 10 12 1 1 10 12 1 10 12 1 1 8 1 9 12 1 10 12 1 1 8 1 8 1 10 7 12 1 1 100 1 10 10 12 10 12 1 10 12 1 10 12 1 10 12 1 1 10 7 12 1 1 10 12 1 10 7 1 7 1 10 12 1 1 10 12 1 10 7 1 10 12 1 100 1 18 12 1 10 100 12 1 1 1 10 100 12 1 1 1 10 7 12 1 1 10 12 1 10 12 1 100 1 10 12 1 8 1 10 10 12 1 1 10 12 1 10 12 1 1 7 1 10 12 1 10 12 1 1 10 7 12 1 1 10 12 1 8 1 100 1 10 10 12 1 9 12 1 10 7 12 1 1 10 12 1 7 1 8 1 10 12 1 10 8 1 8 1 10 12 1 1 10 12 1 1 10 12 1 1 10 7 12 1 1 7 1 100 1 10 12 1 1 7 1 7 1 10 7 12 1 1 10 12 1 10 12 1 1 10 12 1 10 12 1 1 10 12 1 1 9 100 12 1 1 1 10 12 1 1 10 12 1 10 12 1 10 12 1 1 10 12 1 8 1 7 1 18 12 1 1 10 12 1 1 10 12 1 10 12 1 10 12 1 8 1 10 12 1 10 12 1 18 12 1 11 100 12 1 1 1 100 1 10 12 1 1 10 12 1 10 11 12 1 1 10 18 10 12 1 1 11 7 12 1 18 12 1 11 12 1 1 10 12 10 12 1 1 10 12 1 1 100 1 8 1 10 10 12 1 8 1 8 1 10 100 12 1 1 10 12 1 100 1 10 10 12 1 8 1 8 1 8 1 10 12 1 10 12 1 1 10 12 1 10 7 12 1 1 1 11 7 12 1 1 100 1 10 11 10 12 1 10 12 1 10 12 1 1 9 7 12 1 1 9 12 1 1 9 12 9 12 1 9 12 1 9 12 1 8 10 12 1 1 10 7 12 1 1 1 10 12 1 1 10 12 1 1 10 12 1 10 10 12 1 11 12 1 1 10 100 12 1 1 1 100 1 10 12 1 10 12 1 10 12 1 1 1 1 1 1 1 1 1 1 1 1 1 1 1 1 1 1 1 1 1 1 1 1 1 1 1 1 100 1 1 1 1 1 1 1 1 1 1 1 1 1 1 1 1 1 1 1 1 1 100 1 1 1 1 1 1 1 1 1 1 7 1 1 1 1 1 1 1 1 1 1 1 1 1 1 1 1 1 1 1 1 1 1 1 1 1 1 1 1 1 1 1 1 1 1 1 1 1 1 1 1 1 100 1 1 1 1 1 1 1 1 1 1 1 1 1 1 1 1 1 1 1 7 1 1 1 1 1 1 1 1 1 1 1 1 1 1 1 1 1 1 1 1 1 1 1 1 1 1 1 1 1 1 1 1 1 1 1 1 1 1 1 1 1 1 1 1 1 1 1 1 1 1 100 1 1 1 1 1 1 1 1 1 1 1 1 1 1 1 1 1 1 1 1 1 1 1 1 1 1 1 1 1 1 1 1 1 1 1 1 1 1 1 1 1 1 1 1 1 1 16 1 15 10 12 16 1 16 15 10 12 16 1 16 1 15 10 12 16 15 10 12 16 15 10 12 16 15 10 100 12 1 1 1 1 1 100 1 100 1 1
staticfield java/lang/ClassLoader nocerts [Ljava/security/cert/Certificate; 0 [Ljava/security/cert/Certificate;
staticfield java/lang/ClassLoader $assertionsDisabled Z 1
ciInstanceKlass java/lang/reflect/Constructor 1 1 439 10 7 12 1 1 1 10 7 12 1 1 9 7 12 1 1 1 10 12 1 1 10 12 1 1 10 7 12 1 1 9 12 1 1 10 7 12 1 1 1 9 12 1 1 9 12 1 1 9 12 1 9 12 1 1 9 12 1 9 12 1 1 9 12 1 1 9 12 1 100 1 8 1 10 12 1 10 12 1 9 12 1 1 10 7 12 1 1 10 7 12 1 1 1 10 12 1 1 10 12 1 1 10 12 1 7 1 100 1 8 1 10 10 12 1 10 12 1 10 12 1 1 10 12 1 1 9 100 12 1 1 1 10 7 12 1 1 10 12 1 1 10 12 1 10 12 1 1 10 7 12 1 1 1 10 100 12 1 1 10 12 1 1 10 12 1 10 7 12 1 1 1 8 1 10 10 12 1 100 1 8 1 10 12 1 10 12 1 1 10 12 1 1 10 12 1 10 12 1 10 12 1 1 10 12 1 1 9 12 1 1 10 12 1 1 10 12 1 1 10 12 1 1 11 7 12 1 1 1 10 12 1 1 10 12 1 10 12 1 10 12 1 8 1 9 12 1 1 10 7 12 1 1 1 10 7 12 1 1 10 12 1 1 10 12 1 1 10 12 1 1 10 12 1 1 10 12 1 9 7 12 1 1 10 12 1 10 12 1 10 12 1 100 1 8 1 10 10 12 1 1 10 12 1 10 10 12 1 1 10 12 1 1 10 100 12 1 1 1 11 100 12 1 1 1 10 12 1 1 9 100 12 1 1 1 10 100 12 1 1 1 10 12 1 1 1 1 1 1 1 1 1 1 1 1 1 1 1 1 1 1 1 1 1 1 1 1 1 1 1 1 1 1 1 1 1 1 1 1 1 1 1 1 1 1 1 1 1 1 1 1 1 1 1 1 100 1 100 1 100 1 100 1 1 1 1 1 1 1 1 1 1 1 1 1 1 1 1 1 1 1 1 1 1 1 1 1 1 1 1 1 1 1 1 1 100 1 1
instanceKlass java/lang/reflect/Executable
instanceKlass java/lang/reflect/Field
ciInstanceKlass java/lang/reflect/AccessibleObject 1 1 402 10 7 12 1 1 1 9 100 12 1 1 1 10 7 12 1 1 1 10 7 12 1 1 10 7 12 1 1 1 10 100 12 1 1 1 10 12 1 1 10 12 1 1 9 12 1 1 7 1 10 7 12 1 1 1 11 12 1 7 1 10 12 1 7 1 100 1 10 12 1 10 12 1 1 10 12 1 1 10 12 1 1 10 12 1 1 7 1 10 7 12 1 1 1 10 12 1 1 11 10 7 12 1 1 1 10 12 1 1 10 12 1 10 12 1 10 12 1 1 10 12 1 8 1 7 1 7 1 10 10 12 1 1 8 1 10 12 1 10 12 1 8 1 8 1 8 1 8 1 8 1 8 1 8 1 8 1 8 1 100 1 10 12 1 10 12 1 9 12 1 1 10 12 1 1 10 12 1 10 7 1 100 1 8 1 10 8 1 10 12 1 8 1 10 12 1 10 12 1 1 10 100 1 8 1 10 11 7 12 1 1 1 10 12 1 1 10 12 1 1 10 12 1 1 9 12 1 1 100 1 10 12 1 7 1 10 12 1 10 12 1 1 10 100 1 10 12 1 10 12 10 12 1 10 12 1 10 12 1 1 10 12 1 9 12 1 10 100 12 1 1 8 1 10 100 12 1 1 1 8 1 10 7 12 1 1 1 9 12 1 7 1 10 7 1 10 10 7 12 1 1 1 7 1 10 10 7 12 1 1 1 7 1 9 12 1 1 1 1 1 1 1 1 1 1 1 1 1 1 1 1 1 1 1 1 1 1 1 1 1 1 1 1 1 1 1 1 1 1 1 1 1 1 1 1 1 1 1 1 1 1 1 1 1 1 1 1 1 1 1 1 1 1 1 1 1 1 1 1 1 1 1 1 1 1 1 1 1 1 1 1 1 1 1 1 1 1 1 1 1 1
staticfield java/lang/reflect/AccessibleObject reflectionFactory Ljdk/internal/reflect/ReflectionFactory; jdk/internal/reflect/ReflectionFactory
instanceKlass java/lang/reflect/Constructor
instanceKlass java/lang/reflect/Method
ciInstanceKlass java/lang/reflect/Executable 1 1 581 10 7 12 1 1 1 10 7 12 1 1 1 10 7 12 1 1 1 11 7 12 1 1 1 10 7 12 1 1 1 10 12 1 1 10 7 12 1 1 1 10 7 12 1 1 1 10 12 1 8 1 10 10 12 1 1 10 12 1 1 10 7 12 1 1 1 18 12 1 1 11 7 12 1 1 1 8 1 8 1 8 1 10 7 12 1 1 1 11 12 1 1 7 1 8 1 8 1 10 12 1 7 1 8 1 10 12 1 8 1 11 100 12 1 1 1 7 1 11 7 12 1 1 1 11 12 1 8 1 18 8 1 10 12 1 10 12 1 1 18 8 1 10 12 1 100 1 10 12 1 10 12 1 11 12 1 10 12 1 1 8 1 8 1 10 12 1 1 10 12 1 1 10 10 12 1 9 100 12 1 1 1 10 100 12 1 1 1 10 12 1 10 12 1 1 10 7 12 1 1 10 12 1 10 12 1 10 12 1 10 7 12 1 1 7 1 10 100 12 1 1 1 10 12 1 1 10 7 12 1 1 10 12 1 10 12 1 1 9 7 12 1 1 1 10 7 10 12 1 8 1 10 12 1 10 12 1 3 100 1 8 1 10 12 1 10 12 1 10 10 12 1 10 12 1 1 8 1 8 1 8 1 9 12 1 1 9 12 1 10 12 1 100 1 8 1 10 12 1 10 12 1 10 12 1 1 10 12 1 1 10 12 1 10 12 10 12 1 7 1 10 12 1 10 12 1 1 100 1 10 7 12 1 1 1 7 1 10 7 12 1 1 1 10 12 1 1 11 7 12 1 1 10 12 1 10 100 12 1 1 1 10 12 1 1 9 12 1 10 12 1 1 10 12 1 10 12 1 1 9 100 12 1 1 1 10 100 12 1 1 1 10 12 1 10 12 1 1 9 12 1 10 10 10 10 100 12 1 1 1 10 12 1 9 12 1 10 12 1 1 9 12 1 7 1 7 1 1 1 1 1 1 1 1 1 1 1 1 1 1 1 1 1 1 1 1 1 1 1 1 1 1 1 1 1 1 1 1 1 1 1 1 100 1 1 1 1 1 1 1 1 1 1 1 1 1 1 1 1 1 1 1 100 1 1 1 1 1 1 1 1 1 1 1 1 1 1 1 1 1 1 1 1 1 1 1 1 1 1 1 1 1 1 1 1 1 1 1 1 1 1 1 1 1 1 1 7 1 1 1 1 1 1 1 1 1 1 1 1 1 1 1 1 1 1 1 1 1 1 7 1 1 16 15 16 1 16 1 15 10 12 16 15 10 7 12 1 1 1 1 1 1 100 1 1 100 1 100 1 1
ciInstanceKlass java/lang/reflect/Member 1 1 37 100 1 10 12 1 1 100 1 100 1 1 1 1 3 1 3 1 1 1 1 1 1 1 1 1 1 1 1 1 1 1 1 1 1 1 1
instanceKlass org/apache/kafka/common/utils/KafkaThread
instanceKlass org/springframework/boot/autoconfigure/ssl/FileWatcher$WatcherThread
instanceKlass org/springframework/context/support/AbstractApplicationContext$1
instanceKlass java/util/logging/LogManager$Cleaner
instanceKlass com/intellij/rt/execution/application/AppMainV2$1
instanceKlass jdk/internal/misc/InnocuousThread
instanceKlass java/lang/ref/Finalizer$FinalizerThread
instanceKlass java/lang/ref/Reference$ReferenceHandler
instanceKlass java/lang/BaseVirtualThread
ciInstanceKlass java/lang/Thread 1 1 872 10 7 12 1 1 1 9 12 1 1 10 7 12 1 1 10 12 1 10 100 12 1 1 100 1 8 1 10 12 1 1 9 12 1 1 9 12 1 9 12 1 1 7 1 10 12 1 1 10 12 1 10 7 12 1 1 1 10 12 9 12 1 1 10 12 1 7 1 10 12 1 10 12 1 1 10 12 1 1 10 12 1 10 12 1 1 100 1 8 1 10 9 7 12 1 1 1 10 12 1 1 10 3 8 1 7 1 5 0 10 7 12 1 1 1 9 12 1 10 12 1 1 10 7 12 1 1 1 10 7 12 1 1 1 10 12 1 1 10 12 1 1 9 12 1 1 10 7 1 8 1 10 7 1 10 12 1 9 12 1 1 10 7 12 1 1 1 10 10 12 1 1 9 100 12 1 1 1 10 12 1 1 10 12 1 1 10 7 12 1 1 10 12 1 10 12 1 10 7 12 1 1 9 12 1 10 7 12 1 1 1 10 12 1 1 9 12 1 1 9 12 1 1 10 7 12 1 1 1 9 12 1 1 10 100 12 1 1 10 100 12 1 1 1 10 12 1 10 12 1 10 7 12 1 1 9 12 1 8 1 9 7 12 1 1 9 12 1 1 5 0 100 1 10 100 1 10 100 1 10 7 1 10 8 1 10 12 1 1 10 7 12 1 10 12 1 10 12 1 100 1 8 1 10 10 12 1 10 12 1 1 10 100 12 1 1 1 10 100 12 1 1 1 10 12 1 7 1 9 12 1 1 100 1 10 10 12 1 9 12 1 1 10 12 1 1 10 12 1 1 10 12 1 10 12 1 9 12 1 1 10 10 12 1 1 10 12 1 1 11 7 12 1 1 10 7 12 1 1 9 12 1 9 12 1 1 9 12 1 1 10 100 12 1 1 10 12 1 1 9 7 12 1 1 1 10 7 12 1 1 10 12 1 10 12 1 100 1 10 10 12 9 12 1 1 10 12 1 11 100 12 1 1 11 12 1 10 12 1 10 12 1 10 12 1 9 12 1 10 10 12 1 10 12 1 1 9 12 1 9 12 10 12 1 8 1 10 12 1 10 12 1 10 12 1 10 12 1 10 12 1 1 10 12 1 10 12 1 1 10 12 1 10 12 1 10 12 1 10 12 1 10 12 1 1 9 7 12 1 1 1 8 1 10 9 12 1 10 12 1 7 1 8 1 10 10 12 1 8 1 10 12 1 1 9 12 10 12 8 1 10 10 12 1 10 12 1 8 1 10 12 1 10 8 1 10 100 12 1 1 10 12 1 1 100 1 8 1 10 9 12 1 9 12 1 1 10 12 1 1 10 10 12 1 10 12 1 100 10 7 12 1 1 1 9 12 1 10 12 1 1 10 12 1 1 10 100 12 1 1 1 11 7 12 1 1 1 9 100 12 1 1 1 10 100 12 1 1 1 7 1 10 12 1 100 1 10 12 1 10 12 1 1 10 12 1 1 8 1 9 12 1 10 12 1 10 12 1 1 11 7 12 1 1 1 10 12 1 1 1 1 3 1 3 1 3 1 3 1 1 1 1 1 1 1 1 1 1 1 1 1 1 1 1 1 1 1 1 1 7 1 1 1 1 1 1 1 1 1 1 1 1 1 1 1 1 1 1 1 1 100 1 1 1 1 1 1 1 1 1 1 1 1 1 1 1 1 1 1 7 1 7 1 1 1 1 1 1 1 1 1 1 1 1 1 1 1 1 1 1 1 1 1 1 1 1 1 1 1 1 1 1 1 1 1 1 1 1 1 1 1 1 1 1 1 1 1 1 1 1 1 1 1 1 1 1 1 1 1 1 1 1 1 1 1 1 1 1 1 1 1 1 1 1 1 1 100 100 1 1 1 1 1 1 1 1 1 1 1 1 1 1 1 1 1 1 1 1 1 1 1 1 1 1 100 1 100 1 100 1 100 1 100 1 1 100 1 1 1 1 1 1 1 1 1 1 1 1 1 1 1
staticfield java/lang/Thread NEW_THREAD_BINDINGS Ljava/lang/Object; java/lang/Class
staticfield java/lang/Thread EMPTY_STACK_TRACE [Ljava/lang/StackTraceElement; 0 [Ljava/lang/StackTraceElement;
ciInstanceKlass java/lang/Runnable 1 0 11 100 1 100 1 1 1 1 1 1 1
ciInstanceKlass java/net/URL 1 1 771 10 7 12 1 1 1 10 12 1 10 7 12 1 1 9 12 1 1 9 12 1 10 7 12 1 1 1 10 12 1 1 10 12 1 1 9 12 1 1 10 7 12 1 1 1 8 1 10 12 1 1 7 1 10 10 12 1 1 8 1 10 12 1 1 9 12 1 7 1 8 1 10 12 1 10 12 1 8 1 9 12 1 10 12 1 1 9 12 1 10 12 1 10 12 1 9 12 1 9 12 1 8 1 9 12 1 10 12 1 1 8 1 9 12 1 1 10 12 1 1 10 7 12 1 1 1 8 1 10 12 1 7 1 10 12 1 10 12 1 10 12 1 10 12 1 1 10 12 1 1 8 1 10 12 1 1 10 12 1 8 1 9 12 1 8 1 10 12 1 10 7 12 1 1 1 7 1 10 12 1 10 12 1 1 10 7 12 1 1 1 7 1 8 1 10 10 12 1 8 1 10 12 1 1 10 12 1 10 12 1 10 12 1 10 12 1 10 12 1 10 12 1 8 1 10 12 1 8 1 10 10 100 1 10 10 12 1 8 1 10 7 12 1 1 1 10 12 1 9 100 12 1 1 1 10 7 12 1 1 1 9 12 1 1 10 12 1 10 100 12 1 1 1 100 1 100 1 10 12 1 10 12 1 10 12 1 10 12 1 10 12 1 10 12 10 10 12 1 10 12 1 10 12 1 1 8 1 9 100 12 1 1 1 10 100 12 1 1 1 10 12 1 1 9 100 12 1 1 1 10 12 1 1 100 1 10 12 1 10 12 1 10 10 12 1 1 10 12 1 1 10 12 1 10 12 1 10 12 1 10 7 12 1 1 1 10 12 1 1 10 12 1 9 12 1 1 9 12 1 1 7 1 8 1 10 10 12 1 9 12 1 1 10 7 12 1 1 8 1 10 7 12 1 1 8 1 10 12 1 1 10 12 1 8 1 8 1 10 7 12 1 1 1 7 1 10 7 12 1 1 1 10 12 1 10 12 1 7 1 10 9 7 12 1 1 1 10 7 12 1 1 10 12 1 1 10 12 1 8 1 7 1 10 10 7 12 1 1 1 10 12 1 8 9 100 12 1 1 1 10 12 1 1 10 12 1 10 12 1 1 10 100 12 1 1 11 7 12 1 1 10 12 1 10 12 1 9 12 1 10 12 1 1 10 100 12 1 1 10 100 12 1 1 1 8 10 100 12 1 1 100 1 10 8 8 10 12 1 8 8 8 100 1 10 12 1 9 12 1 1 10 12 1 10 12 1 1 10 12 1 10 12 10 12 1 1 10 12 1 1 10 10 10 12 1 10 12 1 10 12 1 10 12 1 10 12 1 10 10 12 1 100 1 8 1 10 10 10 12 1 1 10 12 1 10 12 1 1 8 1 7 1 10 10 7 1 10 12 1 9 7 12 1 1 1 9 12 1 1 7 1 10 10 7 12 1 1 1 7 1 1 1 1 1 5 0 1 1 1 1 1 1 1 1 1 1 1 1 1 1 1 1 1 1 1 1 1 1 1 1 1 1 1 1 1 1 1 1 1 1 1 1 1 1 1 1 1 1 1 1 1 1 1 1 7 1 1 1 1 1 1 1 1 1 1 1 1 1 1 1 1 1 1 1 1 1 1 1 1 1 1 1 1 1 1 1 1 1 1 1 1 1 100 1 1 1 1 1 1 1 1 1 1 1 1 1 1 1 1 1 100 1 1 1 1 1 1 1 1 1 1 1 1 1 1 1 1 1 1 1
staticfield java/net/URL defaultFactory Ljava/net/URLStreamHandlerFactory; java/net/URL$DefaultFactory
staticfield java/net/URL handlers Ljava/util/Hashtable; java/util/Hashtable
staticfield java/net/URL streamHandlerLock Ljava/lang/Object; java/lang/Object
staticfield java/net/URL serialPersistentFields [Ljava/io/ObjectStreamField; 7 [Ljava/io/ObjectStreamField;
ciMethod java/lang/System identityHashCode (Ljava/lang/Object;)I 256 0 128 0 -1
ciMethod java/lang/System arraycopy (Ljava/lang/Object;ILjava/lang/Object;II)V 256 0 128 0 -1
ciInstanceKlass java/lang/Module 1 1 1066 10 7 12 1 1 1 9 7 12 1 1 1 10 7 12 1 1 1 9 12 1 9 12 1 1 9 12 1 1 10 12 1 1 10 12 1 10 12 1 1 10 7 12 1 1 1 7 1 10 7 12 1 1 1 10 12 1 1 11 7 12 1 1 1 10 12 1 1 10 7 12 1 1 1 9 100 12 1 1 1 10 7 12 1 1 1 10 12 1 8 1 10 7 12 1 1 1 10 7 12 1 1 1 10 7 12 1 1 1 10 12 1 1 10 12 1 9 12 1 1 10 100 12 1 1 100 1 7 1 10 8 1 10 12 1 1 10 12 1 10 12 10 12 1 10 7 12 1 1 8 1 8 1 10 8 1 8 1 8 1 9 12 1 1 8 1 10 100 12 1 1 1 10 12 1 9 12 1 1 11 12 1 9 7 12 1 1 10 7 12 1 1 1 10 100 12 1 1 1 10 12 1 1 8 1 10 12 1 1 10 12 1 10 12 1 1 9 7 12 1 1 1 10 12 1 1 10 12 1 1 9 12 1 10 12 1 10 12 1 9 12 1 1 11 7 12 1 1 10 12 1 1 9 12 1 9 12 1 10 12 1 10 12 1 100 1 8 1 10 10 12 1 1 10 12 1 8 1 10 12 1 1 8 1 8 1 10 12 1 1 10 12 1 10 12 1 1 18 12 1 1 10 12 1 1 11 12 1 9 12 1 11 12 10 100 12 1 1 100 1 8 1 10 11 12 1 1 10 7 12 1 1 1 10 12 1 10 12 1 1 11 12 1 1 11 7 12 1 1 11 12 1 1 9 12 1 11 12 1 10 12 1 1 10 12 1 1 9 12 1 10 12 10 7 12 1 1 10 7 1 18 12 1 1 11 100 12 1 1 1 18 12 1 11 12 1 1 10 100 12 1 1 1 11 12 1 1 10 7 12 1 1 7 1 11 12 1 7 1 7 1 10 12 1 10 7 12 1 1 1 10 7 12 1 1 1 10 11 7 12 1 8 1 10 10 12 1 1 10 7 12 1 1 10 12 1 10 12 1 7 1 10 12 1 10 11 12 1 1 10 12 10 12 1 1 9 12 1 1 100 1 10 10 12 1 1 11 7 1 10 12 1 1 11 12 1 10 10 12 1 11 10 12 1 1 10 12 1 1 10 12 1 1 10 7 12 1 1 10 12 1 10 12 1 1 10 10 12 1 1 10 12 1 18 12 1 11 12 1 18 12 1 10 12 1 10 12 1 10 12 7 1 10 12 1 10 12 1 10 12 1 9 12 1 7 1 10 10 10 10 12 1 10 12 1 10 12 1 10 12 1 1 10 12 1 1 10 12 1 9 12 1 18 12 1 1 10 7 12 1 1 1 100 1 8 1 10 12 1 1 10 12 1 1 10 7 12 1 1 7 1 10 12 1 1 7 1 8 1 100 1 9 100 12 1 1 1 11 100 12 1 1 10 12 1 1 11 12 1 1 18 12 1 1 11 12 1 1 100 1 10 12 1 10 12 1 1 7 1 7 1 10 12 8 1 10 12 1 1 10 12 1 1 10 100 12 1 1 10 12 1 1 10 12 1 10 12 10 12 1 1 7 1 10 10 12 1 1 10 7 12 1 1 1 100 1 10 12 1 1 10 7 12 1 1 8 1 18 12 1 1 100 1 100 1 9 12 1 1 9 12 1 9 12 1 11 100 12 1 1 1 100 1 11 12 1 1 100 1 10 12 1 8 1 10 12 1 10 12 10 12 1 8 1 10 10 100 12 1 1 7 1 10 10 12 1 10 7 12 1 1 9 12 1 9 12 1 9 12 1 9 12 1 10 12 11 12 1 10 12 1 7 1 1 1 1 1 1 1 1 1 1 1 1 1 1 1 1 1 1 1 1 1 1 1 1 1 1 1 1 1 1 1 1 1 1 1 1 1 1 1 1 1 1 1 1 1 1 1 1 1 1 1 1 1 1 1 1 1 1 1 1 1 1 1 1 1 1 1 1 1 1 1 1 1 1 1 1 1 1 1 1 1 1 1 1 1 1 1 1 1 1 1 1 1 1 1 1 1 1 1 1 1 1 1 1 1 1 1 1 1 1 1 100 100 1 1 1 1 1 1 1 1 1 1 1 1 1 1 1 1 1 1 1 1 1 1 1 1 1 1 1 1 1 100 1 100 1 1 1 1 1 1 1 1 1 1 1 1 1 1 1 1 1 1 1 1 100 1 1 1 1 1 1 1 1 1 1 1 1 1 1 1 1 1 1 1 1 1 1 1 16 15 10 12 16 16 15 10 12 16 16 15 10 16 1 15 10 12 16 1 15 10 12 16 1 16 15 10 12 16 16 1 15 10 12 16 15 10 7 12 1 1 1 15 10 100 12 1 1 1 1 1 1 1 1 1 1 1 1 100 1 100 1 1
staticfield java/lang/Module ALL_UNNAMED_MODULE Ljava/lang/Module; java/lang/Module
staticfield java/lang/Module ALL_UNNAMED_MODULE_SET Ljava/util/Set; java/util/ImmutableCollections$Set12
staticfield java/lang/Module EVERYONE_MODULE Ljava/lang/Module; java/lang/Module
staticfield java/lang/Module EVERYONE_SET Ljava/util/Set; java/util/ImmutableCollections$Set12
staticfield java/lang/Module $assertionsDisabled Z 1
ciInstanceKlass java/lang/Integer 1 1 442 7 1 7 1 7 1 7 1 10 12 1 1 9 12 1 1 9 12 1 1 10 7 12 1 1 1 10 12 1 1 10 100 12 1 1 1 10 10 12 1 1 10 7 12 1 1 1 10 12 1 10 12 1 1 10 7 12 1 1 1 10 12 1 1 10 12 1 1 10 12 1 10 12 1 10 12 1 1 10 10 12 1 100 1 8 1 10 12 1 8 1 7 1 10 12 1 1 10 12 1 1 8 1 10 12 1 1 8 1 10 12 1 1 10 12 1 1 10 12 1 1 3 3 10 7 12 1 1 1 11 7 1 10 12 1 1 11 10 12 1 1 10 12 1 1 8 1 10 12 1 10 12 1 8 1 7 1 10 12 1 8 1 10 12 1 1 10 12 1 8 1 10 12 1 10 12 1 7 1 9 12 1 1 9 12 1 1 10 12 1 10 7 1 9 12 1 10 12 1 10 12 1 10 12 1 1 10 7 12 1 1 1 100 1 100 1 10 12 1 1 10 12 1 1 8 1 8 1 10 12 1 1 8 1 8 1 8 1 8 1 8 1 8 1 10 12 1 10 12 1 10 12 1 5 0 3 3 3 3 10 12 1 10 12 1 3 10 12 1 10 100 12 1 1 1 10 12 1 1 10 12 1 1 8 1 10 7 12 1 1 1 9 12 1 1 7 1 7 1 7 1 1 1 1 3 1 1 1 3 1 3 1 1 5 0 1 1 1 1 1 1 1 1 1 1 100 1 1 1 1 1 1 1 1 1 1 1 1 1 1 1 1 1 1 1 1 1 1 1 1 1 1 1 1 1 1 1 1 1 1 1 1 1 3 1 1 1 1 1 1 1 1 1 1 1 1 1 1 1 1 7 1 1 1 1 1 1 1 1 1 1 1 1 1 1 1 1 1 1 1 1 1 1 1 1 1 1 1 1 1 1 1 1 1 1 1 1 1 1 1 1 1 1 1 1 1 7 1 1 1 1 1 1 1 1 1 100 1 100 1 1
staticfield java/lang/Integer TYPE Ljava/lang/Class; java/lang/Class
staticfield java/lang/Integer digits [C 36
instanceKlass java/math/BigDecimal
instanceKlass java/math/BigInteger
instanceKlass java/util/concurrent/atomic/Striped64
instanceKlass java/util/concurrent/atomic/AtomicLong
instanceKlass java/util/concurrent/atomic/AtomicInteger
instanceKlass java/lang/Long
instanceKlass java/lang/Integer
instanceKlass java/lang/Short
instanceKlass java/lang/Byte
instanceKlass java/lang/Double
instanceKlass java/lang/Float
ciInstanceKlass java/lang/Number 1 1 37 10 7 12 1 1 1 10 100 12 1 1 1 100 1 1 1 1 5 0 1 1 1 1 1 1 1 1 1 1 1 1 1 1 1 1 1
ciInstanceKlass java/lang/Math 1 1 458 7 1 10 7 12 1 1 1 10 7 12 1 1 1 10 12 1 10 12 1 10 12 1 10 12 1 10 12 1 6 0 6 0 10 12 1 10 12 1 10 12 1 10 12 1 10 12 1 10 12 1 1 10 12 1 10 12 1 10 12 1 10 12 1 10 12 1 10 7 12 1 1 1 100 1 3 3 3 10 7 12 1 1 1 100 1 5 0 5 0 5 0 5 0 5 0 9 100 12 1 1 1 10 100 12 1 1 1 100 1 8 1 10 12 1 8 1 10 12 1 1 10 12 1 1 7 1 5 0 5 0 7 1 3 5 0 3 5 0 10 12 1 10 12 1 10 12 1 10 12 1 10 12 1 8 1 10 12 1 8 1 10 12 1 1 10 12 1 1 9 12 1 1 9 12 1 100 1 7 1 10 10 12 1 1 8 1 10 12 1 10 12 1 1 10 10 12 1 10 12 1 10 12 1 10 12 1 1 8 1 8 1 10 12 1 1 10 12 1 10 12 10 12 10 12 1 10 12 1 10 12 1 10 12 1 10 12 6 0 10 12 1 9 12 1 1 100 1 10 10 12 1 100 1 10 12 1 10 12 1 1 10 12 1 10 12 1 10 12 10 12 1 1 10 12 1 1 10 12 1 1 10 12 6 0 10 12 1 1 10 12 10 12 1 4 10 12 1 10 12 1 10 12 10 12 1 10 12 1 10 12 1 10 12 1 10 12 1 10 12 1 5 0 6 0 4 6 0 4 6 0 4 10 12 1 6 0 10 12 6 0 10 7 12 1 1 1 4 6 0 1 1 1 6 0 1 6 0 1 6 0 1 1 1 1 1 1 1 1 1 1 1 1 1 1 1 1 1 1 1 1 1 1 1 1 1 1 1 1 1 1 1 1 1 1 1 1 1 1 1 1 1 1 1 1 1 1 1 1 1 1 1 1 1 1 1 1 1 1 1 1 1 1 1 1 1 1 1 1 1 1 1 1 1 1 1 1 1 1 1 1 1 1 1 1 1 1 1 1 1 1 1 1 1 1 1 1
staticfield java/lang/Math negativeZeroFloatBits J -2147483648
staticfield java/lang/Math negativeZeroDoubleBits J -9223372036854775808
staticfield java/lang/Math $assertionsDisabled Z 1
ciInstanceKlass jdk/internal/util/ArraysSupport 1 1 396 7 1 7 1 8 1 10 12 1 1 10 12 1 1 10 7 12 1 1 9 7 12 1 1 1 9 12 1 1 10 7 12 1 1 1 9 12 1 1 10 7 12 1 1 1 9 12 1 10 12 9 12 1 10 12 1 1 10 12 10 12 1 1 10 7 12 1 1 1 9 12 1 1 11 100 12 1 1 1 10 7 12 1 1 1 7 1 10 12 1 1 10 12 1 100 1 10 12 1 10 12 100 1 10 12 1 100 1 10 12 1 100 1 7 1 10 8 1 10 12 1 1 10 12 1 10 12 1 1 10 9 12 1 9 12 1 10 12 1 1 9 12 1 9 12 1 9 12 1 9 12 1 9 12 1 9 12 1 9 12 1 10 12 1 1 10 7 12 1 1 1 9 12 1 9 12 1 10 12 1 1 10 12 1 9 12 1 10 12 1 10 7 12 1 1 1 9 12 1 9 12 1 10 12 1 10 12 1 10 7 12 1 1 1 3 10 12 1 7 1 8 1 8 1 8 1 10 10 100 12 1 1 1 11 7 12 1 1 1 10 12 1 10 7 12 1 1 1 10 12 1 1 10 12 1 1 9 12 1 10 12 1 9 12 1 9 12 1 9 12 1 9 12 1 9 12 1 9 12 1 9 12 1 10 7 12 1 1 1 1 1 3 1 3 1 3 1 3 1 3 1 3 1 3 1 3 1 1 1 1 1 1 1 1 1 1 1 1 1 1 1 1 1 1 1 1 1 1 1 1 1 1 1 1 1 1 1 1 1 1 1 1 1 1 1 1 1 1 1 1 1 1 1 1 1 1 1 1 1 1 1 1 1 1 1 1 1 1 1 1 1 1 1 1 1 1 1 1 1 1 1 1 1 1 1 1 1 1 1 1 100 1 1 1 1
staticfield jdk/internal/util/ArraysSupport U Ljdk/internal/misc/Unsafe; jdk/internal/misc/Unsafe
staticfield jdk/internal/util/ArraysSupport BIG_ENDIAN Z 0
staticfield jdk/internal/util/ArraysSupport LOG2_ARRAY_BOOLEAN_INDEX_SCALE I 0
staticfield jdk/internal/util/ArraysSupport LOG2_ARRAY_BYTE_INDEX_SCALE I 0
staticfield jdk/internal/util/ArraysSupport LOG2_ARRAY_CHAR_INDEX_SCALE I 1
staticfield jdk/internal/util/ArraysSupport LOG2_ARRAY_SHORT_INDEX_SCALE I 1
staticfield jdk/internal/util/ArraysSupport LOG2_ARRAY_INT_INDEX_SCALE I 2
staticfield jdk/internal/util/ArraysSupport LOG2_ARRAY_LONG_INDEX_SCALE I 3
staticfield jdk/internal/util/ArraysSupport LOG2_ARRAY_FLOAT_INDEX_SCALE I 2
staticfield jdk/internal/util/ArraysSupport LOG2_ARRAY_DOUBLE_INDEX_SCALE I 3
staticfield jdk/internal/util/ArraysSupport LOG2_BYTE_BIT_SIZE I 3
staticfield jdk/internal/util/ArraysSupport JLA Ljdk/internal/access/JavaLangAccess; java/lang/System$2
ciInstanceKlass java/lang/Character 1 1 604 7 1 7 1 100 1 9 12 1 1 8 1 9 12 1 1 7 1 9 12 1 1 10 7 12 1 1 1 10 100 12 1 1 1 10 100 12 1 1 1 10 7 12 1 1 1 9 7 12 1 1 1 10 12 1 10 12 1 1 10 12 1 1 10 7 12 1 1 10 12 1 1 3 3 3 3 3 10 12 1 1 10 12 1 3 11 7 12 1 1 1 11 12 1 1 10 12 1 1 10 12 1 1 100 1 10 10 12 1 3 10 12 1 1 10 12 1 10 12 1 1 100 1 8 1 10 12 1 1 10 12 1 10 12 1 10 12 1 10 100 12 1 1 1 10 12 1 10 12 1 10 12 1 1 10 12 1 10 7 12 1 1 10 10 12 1 10 10 12 1 10 12 1 1 10 12 1 10 10 12 1 10 12 1 10 12 1 10 12 1 10 12 1 10 12 1 10 12 1 10 12 10 10 12 10 10 12 1 10 10 12 1 10 10 12 1 10 10 12 1 10 12 1 10 12 1 10 12 1 10 12 1 10 12 1 10 12 1 10 10 12 1 10 10 12 1 10 10 12 1 1 10 10 12 1 10 5 0 10 12 1 10 12 1 10 10 12 1 10 10 12 1 1 10 10 12 1 10 10 12 1 9 12 1 1 100 1 10 10 12 1 10 12 1 1 3 10 100 12 1 1 1 10 12 1 10 100 12 1 1 7 1 10 10 12 1 1 10 12 1 1 10 12 1 1 8 1 10 12 1 9 100 12 1 1 1 10 12 1 10 10 12 1 10 12 1 1 10 12 1 10 10 12 1 1 10 10 12 1 1 7 1 8 1 10 12 1 1 10 7 12 1 1 1 8 1 10 12 1 1 9 12 1 1 7 1 7 1 7 1 1 1 1 3 1 3 1 3 1 3 1 1 1 1 1 3 1 1 3 1 3 1 3 1 3 1 3 1 3 1 3 1 3 1 3 1 3 1 3 1 3 1 3 1 3 1 3 1 3 1 3 1 3 1 3 1 3 1 3 1 3 1 3 1 3 1 3 1 3 1 3 1 3 1 1 1 1 1 1 1 1 1 1 1 1 1 1 1 1 1 1 1 3 1 1 1 1 1 1 1 3 1 1 3 1 1 1 1 1 3 1 1 5 0 1 1 1 1 1 1 1 1 1 1 1 1 1 1 1 1 1 1 1 1 1 1 1 1 1 1 1 1 1 1 1 1 1 1 1 1 1 1 1 1 1 1 1 1 1 1 1 1 1 1 1 1 1 1 1 1 1 1 1 1 1 1 1 1 1 1 1 1 1 1 1 1 1 1 1 1 1 1 1 1 1 1 1 1 1 1 1 1 1 1 100 1 100 1 1 1 1 1 1
staticfield java/lang/Character TYPE Ljava/lang/Class; java/lang/Class
staticfield java/lang/Character $assertionsDisabled Z 1
ciInstanceKlass java/util/Arrays 1 1 1020 10 7 12 1 1 1 10 7 12 1 1 1 10 7 12 1 1 1 10 12 1 10 12 1 10 12 1 10 12 1 10 12 1 10 12 1 10 100 12 1 1 1 100 1 7 1 10 8 1 10 12 1 1 10 12 1 8 1 8 1 10 12 1 1 10 12 1 100 1 10 12 1 9 100 12 1 1 1 10 7 12 1 1 100 1 10 12 1 1 10 7 12 1 1 10 7 12 1 1 1 100 1 10 12 1 10 12 1 1 7 1 9 7 12 1 1 1 10 12 1 1 10 7 12 1 1 10 12 1 10 12 1 1 10 12 1 10 12 1 1 7 1 11 12 1 1 10 12 1 10 7 12 1 1 1 10 12 10 12 1 10 12 1 10 12 10 12 1 11 7 12 1 1 1 10 7 12 1 1 1 100 1 10 12 1 10 100 1 10 12 1 10 100 1 10 12 1 10 100 1 10 12 1 10 10 12 1 1 10 12 1 10 12 1 10 12 1 10 12 1 10 12 1 10 7 12 1 1 1 10 12 1 10 7 12 1 1 1 10 12 1 10 12 1 10 7 12 1 1 1 10 12 1 10 12 1 10 12 1 10 12 1 10 12 1 10 12 1 10 12 1 10 12 1 10 12 1 10 12 1 10 12 1 10 12 1 10 12 1 10 12 1 10 12 1 10 12 1 1 10 12 1 1 10 7 12 1 1 1 10 7 1 10 100 1 10 7 1 10 100 1 10 100 1 10 100 1 10 100 1 10 100 1 10 12 1 8 1 7 1 10 12 10 7 12 1 1 1 10 12 10 12 1 10 12 1 10 12 1 10 7 12 1 1 10 12 10 12 1 10 12 1 10 12 10 12 1 1 10 12 1 1 9 7 12 1 1 1 10 12 1 9 7 1 10 12 1 9 10 12 1 9 7 1 10 12 1 9 7 1 10 12 1 9 10 12 1 9 10 12 1 10 12 1 10 12 1 9 12 1 100 1 10 10 12 1 1 10 12 1 10 12 1 10 12 1 10 12 1 10 12 1 10 12 1 10 12 1 10 12 1 10 12 1 8 1 8 1 10 12 1 10 12 1 8 1 10 12 1 10 12 1 10 12 1 10 7 12 1 1 1 3 10 100 1 10 10 12 1 1 11 100 12 1 1 10 12 1 1 10 12 1 10 12 1 10 12 1 10 12 1 10 12 1 10 12 1 10 12 1 10 12 1 11 12 1 8 1 10 11 12 1 11 100 12 1 1 1 11 100 12 1 1 1 11 12 1 1 18 12 1 1 11 12 1 1 11 100 12 1 1 1 18 12 1 11 100 12 1 1 1 18 12 1 11 100 12 1 1 1 18 12 1 100 1 10 7 12 1 1 1 10 12 1 10 12 1 10 12 1 10 12 1 10 12 1 10 12 1 10 12 1 10 12 1 1 10 12 1 10 7 12 1 1 10 12 1 10 12 1 10 12 1 1 10 12 1 10 12 1 10 12 1 1 10 12 1 10 12 1 10 12 1 1 10 12 1 10 12 1 10 12 1 10 12 1 10 12 10 12 1 10 12 10 12 10 12 1 10 12 10 12 1 10 12 1 10 12 1 1 1 1 3 1 3 1 1 1 1 1 1 1 1 1 1 1 1 1 1 1 1 1 1 1 1 1 1 1 1 1 1 1 1 1 1 1 1 1 1 1 1 1 1 1 1 1 1 1 1 1 1 1 1 1 1 1 1 1 1 1 1 1 1 1 1 1 1 1 1 1 1 1 1 1 1 1 1 1 1 1 1 1 1 1 1 1 1 1 1 1 1 1 1 1 1 1 1 1 1 1 1 1 1 1 1 1 1 1 1 1 1 1 1 1 1 1 1 1 1 1 1 1 1 1 1 1 1 1 1 1 1 1 1 1 1 1 1 1 1 1 1 1 1 1 1 1 1 1 1 1 1 1 1 1 1 1 1 1 1 1 1 1 1 1 1 1 1 1 1 1 1 1 1 1 1 1 1 1 1 1 1 1 1 1 1 1 1 1 1 1 1 1 1 1 1 1 1 1 1 1 1 1 1 1 1 1 1 1 1 1 1 1 1 1 1 1 1 1 1 1 1 1 1 1 1 1 1 1 1 1 1 1 1 1 1 1 1 1 1 1 1 1 1 1 1 1 1 1 1 1 1 1 1 1 1 1 1 1 1 1 1 1 1 1 1 100 1 1 16 15 10 12 15 10 12 15 10 12 15 10 12 15 10 100 12 1 1 1 1 1 100 1 100 1 1 1 1 100 1 1 1 1 1 1 100 1 1 100 1 1 100 1 1 1 100 1 100 1 1
staticfield java/util/Arrays $assertionsDisabled Z 1
ciInstanceKlass java/lang/OutOfMemoryError 1 1 26 10 100 12 1 1 1 10 12 1 100 1 1 1 1 5 0 1 1 1 1 1 1 1 1 1
ciInstanceKlass java/lang/StringUTF16 1 1 638 7 1 7 1 10 7 12 1 1 1 10 7 12 1 1 1 100 1 10 3 7 1 7 1 10 8 1 10 12 1 1 10 12 1 8 1 10 12 1 1 10 12 1 9 12 1 1 10 12 1 1 100 1 8 1 10 12 1 9 12 1 1 9 12 1 10 10 12 1 1 10 12 1 1 10 7 12 1 1 1 10 12 1 10 12 1 1 10 12 1 1 10 12 1 1 10 12 1 1 10 12 1 10 12 1 1 10 12 1 1 10 12 1 1 10 12 1 1 10 12 1 1 10 12 1 10 100 12 1 1 1 10 12 1 1 10 100 12 1 1 1 10 12 1 1 10 12 1 10 12 1 1 10 12 1 1 10 12 1 1 10 12 1 10 12 1 100 1 10 12 1 10 10 12 1 10 12 1 1 10 12 1 10 100 12 1 1 1 10 12 1 1 10 12 10 12 1 1 10 12 1 10 12 1 1 10 12 1 10 12 1 10 12 1 10 12 1 10 100 12 1 1 1 3 10 12 1 10 12 1 10 12 1 10 12 1 10 12 1 10 12 1 1 9 12 1 10 12 1 10 12 10 12 1 1 10 12 1 10 12 1 10 12 1 10 10 12 10 12 10 10 12 1 1 10 12 1 10 12 1 10 12 1 100 1 8 1 8 1 10 12 1 1 100 1 10 10 7 12 1 1 1 10 100 12 1 1 8 1 8 1 8 1 10 12 1 1 10 12 1 1 10 12 10 100 12 1 1 10 12 1 1 10 12 1 1 10 12 1 10 12 10 12 10 12 1 10 12 10 12 1 10 12 1 10 12 1 10 12 1 10 100 12 1 1 1 10 100 12 1 1 1 10 12 1 1 10 12 1 1 11 7 12 1 1 10 12 1 10 12 1 10 12 1 1 10 12 1 5 0 5 0 10 100 12 1 1 1 10 12 1 10 12 10 12 10 7 12 1 1 1 10 7 12 1 1 1 10 12 1 1 1 1 1 1 1 1 1 1 1 1 1 1 1 1 1 1 1 1 1 1 1 1 1 1 1 1 1 1 100 1 1 1 1 1 1 1 1 1 1 1 1 1 1 1 1 1 1 1 1 1 1 1 1 1 1 1 1 1 1 1 1 1 1 1 1 1 1 1 1 1 1 1 1 1 1 1 1 1 1 1 1 1 1 1 1 1 1 1 1 1 1 1 1 1 1 1 1 1 1 1 1 1 1 1 1 1 1 1 1 1 1 1 1 1 1 1 1 1 100 1 1 1 1 1 1 1 1 1 1 1 1 1 1 1 1 1 100 1 1 1 1 1 1 1 1 1 1 1 1 1 1 1 1 1 1 1 1 1 1 1 1 1 1 1 1 1 1 1 1 1 1 1 1 1 1 1 1 1 1 1 1 1 1 1 1 1 1 1 1 1 1 1 1 1 1 1 1 1 100 1 100 1 1 1 1 1
staticfield java/lang/StringUTF16 HI_BYTE_SHIFT I 0
staticfield java/lang/StringUTF16 LO_BYTE_SHIFT I 8
staticfield java/lang/StringUTF16 $assertionsDisabled Z 1
ciMethod java/lang/StringUTF16 newBytesFor (I)[B 0 0 7 0 -1
ciInstanceKlass java/lang/Thread$FieldHolder 1 1 48 10 7 12 1 1 1 9 7 12 1 1 1 9 12 1 1 9 12 1 1 9 12 1 1 9 12 1 1 1 1 1 1 1 1 1 1 100 1 100 1 1 1 1 100 1 1 1
ciInstanceKlass java/lang/Thread$Constants 0 0 59 7 1 10 7 12 1 1 1 100 1 10 10 7 12 1 1 1 7 1 8 1 10 12 1 9 7 12 1 1 1 7 1 7 1 10 12 1 10 12 1 9 12 1 1 1 1 1 1 1 1 1 1 1 1 1 1 1 1
ciInstanceKlass java/lang/ThreadGroup 1 1 404 10 7 12 1 1 1 9 7 12 1 1 1 8 1 9 12 1 1 7 1 9 12 1 1 9 12 1 1 10 7 12 1 1 1 10 12 1 1 10 12 1 10 12 1 10 12 1 10 12 1 1 10 12 1 1 10 12 1 10 12 1 1 10 12 1 10 12 1 10 100 12 1 1 1 10 12 1 1 18 12 1 1 11 7 12 1 1 1 10 7 12 1 1 1 10 7 12 1 10 12 1 1 10 12 1 1 10 12 1 1 10 100 12 1 1 1 10 12 1 11 12 1 1 11 7 12 1 1 11 12 1 1 10 12 1 1 10 12 1 10 12 1 11 12 1 11 12 1 1 10 12 1 100 1 10 18 12 1 1 11 7 12 1 1 1 11 12 1 1 9 12 1 1 10 12 1 1 8 1 10 7 12 1 1 1 10 100 12 1 1 1 10 12 1 1 11 12 10 12 1 1 10 12 1 1 11 7 1 9 12 1 7 1 10 8 1 10 12 1 1 10 12 1 1 8 1 10 12 1 10 7 12 1 1 1 10 12 1 1 10 7 1 8 1 10 8 1 10 12 1 10 12 1 8 1 9 12 1 1 9 12 1 10 100 12 1 1 1 100 9 12 1 1 7 1 9 12 1 10 12 10 12 1 1 100 10 12 9 12 1 10 12 1 100 1 10 11 12 1 1 7 1 10 10 12 1 10 12 1 1 1 1 1 1 1 1 1 1 1 1 1 1 1 1 1 1 3 1 1 1 1 1 1 1 1 1 1 1 1 100 1 1 1 1 1 1 1 1 1 1 1 1 1 1 1 1 1 1 1 1 1 1 1 1 1 1 1 1 1 1 1 1 1 1 1 1 1 1 1 16 15 10 12 16 16 15 10 12 16 15 10 100 12 1 1 1 1 1 100 1 100 1 1
staticfield java/lang/ThreadGroup $assertionsDisabled Z 1
ciInstanceKlass java/lang/Thread$UncaughtExceptionHandler 1 0 16 100 1 100 1 1 1 1 1 1 1 1 100 1 1 1
ciInstanceKlass java/security/AccessControlContext 1 1 375 9 7 12 1 1 1 9 12 1 1 10 100 12 1 1 1 8 1 10 100 12 1 1 1 10 7 12 1 1 1 9 12 1 9 12 1 1 9 12 1 1 10 7 12 1 1 7 1 10 12 1 11 7 12 1 1 1 11 12 1 11 12 1 11 12 1 1 7 1 11 12 1 1 10 12 1 10 7 12 1 1 1 9 100 12 1 1 1 10 7 12 1 1 1 11 100 12 1 1 1 10 7 1 100 1 8 1 10 12 1 10 12 1 1 7 1 10 7 12 1 1 1 9 12 1 9 12 1 9 12 1 9 12 1 1 9 12 1 1 9 12 1 9 12 1 10 7 12 1 1 1 9 12 1 10 12 1 1 10 12 1 1 8 1 10 12 1 1 10 12 1 1 10 7 12 1 1 1 7 1 10 10 12 1 1 10 7 12 1 1 1 10 8 1 10 7 12 1 1 8 1 10 7 12 1 1 8 1 8 1 10 12 1 8 1 10 12 1 8 1 10 12 1 10 12 1 10 12 1 1 8 1 8 1 100 1 10 12 1 10 12 1 1 100 1 10 12 1 8 1 10 12 1 10 12 1 10 8 1 10 12 1 1 10 12 1 1 10 12 1 1 10 12 1 1 10 12 1 10 12 1 11 10 12 1 10 12 1 1 10 10 10 12 1 1 1 1 1 1 1 1 1 1 1 1 1 1 1 1 1 1 1 1 1 1 1 1 100 1 1 1 1 1 1 1 1 1 1 1 1 1 1 1 1 1 1 1 1 1 1 1 1 1 1 1 1 1 1 1 1 1 1 1 1 1 1 1 1 1 1 1 1 1 1 1 1 1 1 1 1 1 3 1 1
instanceKlass java/lang/ThreadBuilders$BoundVirtualThread
instanceKlass java/lang/VirtualThread
ciInstanceKlass java/lang/BaseVirtualThread 0 0 36 10 100 12 1 1 1 100 1 1 1 1 1 1 1 1 1 1 1 1 1 1 1 1 1 1 1 1 100 1 100 1 1 100 1 1
ciInstanceKlass java/lang/VirtualThread 0 0 922 9 7 12 1 1 1 10 7 12 1 1 1 10 100 12 1 1 1 10 7 12 1 1 1 9 12 1 1 9 12 1 1 100 1 10 12 1 9 12 1 1 18 12 1 1 9 12 1 1 10 12 1 1 100 1 10 12 1 10 12 1 1 10 12 1 1 10 12 1 1 10 12 1 10 7 12 1 10 12 1 10 12 1 10 12 1 10 12 1 11 100 12 1 1 1 100 1 10 12 1 1 10 100 12 1 1 1 10 100 12 1 1 1 10 12 1 100 1 10 10 12 1 10 12 1 1 9 12 1 1 10 12 1 1 9 12 1 1 10 12 1 9 12 1 1 9 12 1 100 1 10 10 12 1 10 100 12 1 1 10 9 10 10 12 1 1 10 12 1 1 10 100 12 1 1 10 100 1 10 9 10 10 12 1 7 1 10 12 1 1 10 12 1 10 12 1 10 12 1 1 9 12 1 10 12 1 10 12 1 9 12 1 1 10 12 1 10 12 1 9 12 1 1 10 12 1 10 12 1 10 12 1 11 100 12 1 1 10 12 1 1 10 12 1 1 10 100 1 10 12 1 10 12 1 1 9 12 1 10 12 1 1 10 12 1 1 10 12 1 10 12 1 10 12 1 10 12 9 12 1 1 10 100 12 1 1 10 12 1 10 12 1 1 10 100 12 1 1 10 12 1 100 1 8 1 10 12 1 10 12 1 1 10 12 1 10 12 1 10 100 12 1 1 10 12 1 10 12 1 1 10 12 1 10 12 1 1 10 7 12 1 1 10 12 1 1 10 12 1 1 100 1 10 10 12 1 7 1 9 12 1 1 10 7 12 1 1 10 9 12 1 1 18 9 100 12 1 1 1 11 100 12 1 1 1 11 100 1 11 12 10 12 1 10 12 1 10 12 1 1 10 12 1 100 1 10 10 12 1 10 12 1 1 10 12 1 1 10 12 1 10 12 1 10 12 1 1 10 12 1 10 12 1 1 11 100 12 1 1 11 12 1 10 12 9 100 12 1 1 1 9 12 1 10 12 1 1 9 12 1 9 12 1 9 12 1 7 1 10 10 12 1 1 10 12 1 10 12 7 1 7 1 10 8 1 10 12 1 1 10 12 1 10 12 1 10 10 12 1 8 1 10 10 12 1 10 12 1 10 7 12 1 1 8 1 8 1 10 9 100 12 1 1 1 10 12 1 1 10 12 1 10 10 10 12 9 12 1 10 12 1 1 9 12 1 10 12 1 1 9 12 1 10 12 1 1 18 12 1 1 18 12 1 10 7 12 1 1 1 8 1 10 100 12 1 1 1 10 7 12 1 1 1 18 12 1 10 100 12 1 1 1 100 1 10 12 1 8 1 10 12 1 8 1 10 12 1 1 8 1 8 1 10 100 12 1 1 8 1 10 12 1 8 1 8 1 10 100 12 1 1 1 10 12 1 10 12 1 1 10 12 1 18 12 1 1 18 12 1 1 5 0 9 12 1 10 12 1 18 12 1 100 1 10 12 10 7 12 1 1 10 12 1 1 7 1 8 1 10 10 12 1 10 12 1 1 10 12 1 9 12 1 8 10 12 1 1 8 8 9 12 1 8 10 12 1 1 3 1 3 1 3 1 3 1 3 1 3 1 3 1 3 1 3 1 3 1 3 1 3 3 1 3 1 1 1 1 1 1 1 1 1 1 1 1 1 1 7 1 1 1 1 1 1 1 1 1 1 1 1 1 1 7 1 1 1 1 1 1 1 1 1 1 1 7 1 1 1 1 1 1 1 1 1 1 1 1 1 1 1 1 1 1 1 1 1 1 1 1 1 1 1 1 1 1 1 1 1 1 1 1 1 1 1 1 1 100 1 1 1 1 1 1 1 1 1 1 1 1 1 1 1 1 1 1 1 1 1 1 1 1 1 1 1 1 1 1 1 1 1 1 1 100 1 1 1 1 1 1 1 1 1 1 1 1 1 1 100 1 1 16 15 10 12 15 16 15 10 12 16 15 10 12 16 16 15 10 12 16 15 10 12 16 15 10 12 16 15 10 12 16 1 15 10 100 12 1 1 1 1 1 1 1 7 1 1 100 1 100 1 1
ciInstanceKlass java/lang/ThreadBuilders$BoundVirtualThread 0 0 132 10 7 12 1 1 1 9 7 12 1 1 1 10 7 12 1 1 1 9 12 1 1 10 12 1 1 10 12 1 1 9 12 1 1 10 7 12 1 1 1 10 12 1 1 7 1 8 1 10 12 1 10 12 1 1 10 12 1 1 10 12 1 1 10 7 12 1 1 1 8 1 10 12 1 8 1 10 12 1 1 10 100 12 1 1 9 100 12 1 1 1 10 12 1 1 10 10 12 1 1 1 1 1 1 1 1 1 1 1 1 1 1 1 1 1 1 1 1 1 1 1 1 1 1 1 1 100 1 1 1 1
ciInstanceKlass jdk/internal/vm/ContinuationScope 0 0 50 10 100 12 1 1 1 10 100 12 1 1 1 100 1 9 100 12 1 1 1 10 12 1 1 10 100 12 1 1 1 10 12 1 1 10 12 1 1 1 1 1 1 1 1 1 1 1 1 1
ciInstanceKlass jdk/internal/vm/StackChunk 1 1 32 10 100 12 1 1 1 9 100 12 1 1 1 9 12 1 1 9 12 1 1 1 1 1 1 1 1 1 1 1 1 1
ciInstanceKlass java/lang/Float 1 1 279 7 1 7 1 10 100 12 1 1 1 10 100 12 1 1 1 4 7 1 10 12 1 1 10 12 1 1 8 1 8 1 10 7 12 1 1 1 10 12 1 1 10 12 1 1 10 100 1 4 10 7 12 1 1 9 12 1 1 10 12 1 1 10 12 1 10 10 12 1 1 10 12 1 10 12 1 3 3 100 1 4 4 4 3 10 12 1 1 9 12 1 1 100 1 10 3 3 4 4 10 12 1 3 3 3 10 12 1 1 10 12 1 1 10 12 1 10 100 12 1 1 1 10 12 1 1 10 12 1 1 10 7 12 1 1 1 8 1 10 12 1 1 9 12 1 1 7 1 7 1 7 1 1 1 1 4 1 4 1 1 1 4 1 1 3 1 3 1 3 1 3 1 3 1 1 1 1 5 0 1 1 1 1 1 1 1 1 1 1 100 1 1 1 1 1 1 1 1 1 1 1 1 1 3 1 1 1 1 1 1 1 1 1 1 1 1 1 1 1 1 1 1 1 1 1 1 1 1 1 1 1 1 1 1 1 1 1 1 1 1 1 1 1 1 1 1 1 1 1 1 1 1 1 1 1 1 1 1 1 1 1 1 1 1 1 7 1 1 1 1 1 1 1 100 1 100 1 1
staticfield java/lang/Float TYPE Ljava/lang/Class; java/lang/Class
staticfield java/lang/Float $assertionsDisabled Z 1
ciInstanceKlass java/lang/Double 1 1 290 7 1 7 1 10 7 12 1 1 1 10 12 1 1 10 7 1 10 12 1 1 10 100 12 1 1 1 6 0 8 1 10 12 1 1 8 1 10 12 1 1 8 1 6 0 10 12 1 1 100 1 5 0 5 0 8 1 8 1 10 7 12 1 1 1 10 7 12 1 1 1 8 1 10 12 1 1 8 1 8 1 8 1 10 12 1 1 10 12 1 10 12 1 1 10 12 1 10 12 1 10 12 1 1 10 12 1 10 7 1 6 0 10 7 12 1 1 9 12 1 1 10 12 1 10 12 1 10 12 1 10 12 1 10 12 1 5 0 10 12 1 1 10 12 1 10 12 1 10 100 12 1 1 1 10 12 1 1 10 12 1 1 8 1 10 7 12 1 1 1 9 12 1 1 7 1 7 1 7 1 1 1 6 0 1 6 0 1 6 0 1 1 1 6 0 1 1 3 1 3 1 3 1 3 1 3 1 1 1 1 5 0 1 1 1 1 1 1 1 1 1 1 1 1 1 1 1 1 100 1 1 1 1 1 1 1 1 1 1 1 1 3 1 1 1 1 1 1 1 1 1 1 1 1 1 1 1 1 1 1 1 1 1 1 1 1 1 1 1 1 1 1 1 1 1 1 7 1 1 1 1 1 1 1 100 1 100 1 1
staticfield java/lang/Double TYPE Ljava/lang/Class; java/lang/Class
ciInstanceKlass java/lang/Byte 1 1 213 7 1 100 1 10 7 12 1 1 1 9 12 1 1 8 1 9 12 1 1 7 1 10 12 1 1 10 12 1 1 10 100 12 1 1 1 10 100 12 1 1 1 9 7 12 1 1 1 10 12 1 1 100 1 7 1 10 12 1 1 8 1 10 12 1 1 8 1 10 12 1 10 12 1 10 12 1 10 12 1 1 10 12 1 10 12 1 10 12 1 1 10 8 1 8 1 10 7 1 9 12 1 1 10 12 1 1 10 12 1 1 10 12 1 1 10 12 1 5 0 10 12 1 1 8 1 10 7 12 1 1 1 9 12 1 1 7 1 7 1 1 1 3 1 3 1 1 1 1 3 1 3 1 1 5 0 1 1 1 1 1 1 1 1 1 1 1 1 1 1 1 1 1 1 1 1 1 1 1 1 1 1 1 1 1 1 1 1 1 1 1 1 1 1 1 1 1 1 1 1 1 1 1 1 1 1 1 1 1 1 1 1
staticfield java/lang/Byte TYPE Ljava/lang/Class; java/lang/Class
ciInstanceKlass java/lang/Short 1 1 222 7 1 7 1 100 1 10 7 12 1 1 1 10 12 1 1 100 1 7 1 10 12 1 1 8 1 10 12 1 1 8 1 10 12 1 10 12 1 10 12 1 10 12 1 1 10 12 1 1 10 12 1 9 12 1 1 8 1 9 12 1 1 7 1 10 12 1 1 10 12 1 10 100 12 1 1 1 10 100 12 1 1 1 9 7 12 1 1 1 10 12 1 10 12 1 1 10 8 1 8 1 10 7 1 9 12 1 1 10 12 1 1 10 12 1 1 10 12 1 1 10 12 1 3 3 5 0 10 12 1 1 8 1 10 7 12 1 1 1 9 12 1 1 7 1 7 1 1 1 3 1 3 1 1 1 1 3 1 3 1 1 5 0 1 1 1 1 1 1 1 1 1 1 1 1 1 1 1 1 1 1 1 1 1 1 1 1 1 1 1 3 1 1 1 1 1 1 1 1 1 1 1 1 1 1 1 1 1 1 1 1 1 1 1 1 1 1 1 1 1 1
staticfield java/lang/Short TYPE Ljava/lang/Class; java/lang/Class
ciMethod java/lang/Short reverseBytes (S)S 1024 0 11011 0 -1
ciInstanceKlass java/lang/Long 1 1 506 7 1 7 1 7 1 7 1 10 12 1 1 9 12 1 1 9 7 12 1 1 1 10 7 12 1 1 1 10 12 1 1 10 100 12 1 1 1 10 10 12 10 12 1 10 12 1 10 12 1 5 0 5 0 7 1 10 12 1 1 10 12 1 1 10 12 1 10 12 1 10 12 1 10 12 1 1 10 100 12 1 1 10 12 1 10 12 1 1 10 12 1 1 10 12 1 1 10 12 1 1 10 100 12 1 1 1 10 12 1 1 10 12 1 10 12 1 10 12 1 10 12 1 1 10 10 12 1 5 0 100 1 8 1 10 12 1 8 1 7 1 10 12 1 10 12 1 1 8 1 10 12 1 1 8 1 10 12 1 1 10 12 1 1 10 12 1 1 5 0 5 0 10 100 12 1 1 1 11 7 1 10 12 1 1 11 10 12 1 1 10 12 1 1 8 1 5 0 10 12 1 1 10 12 1 1 8 1 8 1 10 12 1 8 1 10 12 1 10 12 1 5 0 5 0 9 7 12 1 1 1 10 12 1 10 12 1 1 8 1 8 1 10 12 1 1 8 1 8 1 8 1 8 1 8 1 8 1 10 12 1 10 12 1 10 7 1 9 12 1 1 10 12 1 10 12 1 1 10 12 1 1 10 7 12 1 1 1 100 1 100 1 10 12 1 1 10 12 1 10 12 1 10 12 1 5 0 5 0 5 0 10 12 1 1 10 12 1 5 0 5 0 10 12 10 12 1 10 100 12 1 1 1 10 12 1 1 10 12 1 1 8 1 10 7 12 1 1 1 9 12 1 1 7 1 7 1 7 1 1 1 1 5 0 1 1 1 1 3 1 3 1 5 0 1 1 1 1 1 1 1 1 1 1 100 1 1 1 1 1 1 1 1 1 1 1 1 1 1 1 1 1 1 1 1 1 1 1 1 1 1 1 1 1 1 1 1 1 1 1 1 1 1 1 1 1 1 1 1 1 3 1 1 1 1 1 1 1 1 1 1 1 1 1 1 1 7 1 1 1 1 1 1 1 1 1 1 1 1 1 1 1 1 1 1 1 1 1 1 1 1 1 1 1 1 1 1 1 1 1 1 1 1 1 1 1 1 1 1 1 7 1 1 1 1 1 1 1 1 1 100 1 100 1 1
staticfield java/lang/Long TYPE Ljava/lang/Class; java/lang/Class
ciInstanceKlass jdk/internal/vm/vector/VectorSupport 0 0 575 100 1 10 100 12 1 1 1 9 12 1 1 10 12 1 1 100 1 10 12 1 11 100 12 1 1 1 11 100 12 1 1 1 11 100 12 1 1 11 100 12 1 1 11 100 12 1 1 1 11 100 12 1 1 11 100 12 1 1 11 100 12 1 1 11 100 12 1 1 11 100 12 1 1 11 100 12 1 1 11 100 12 1 1 1 11 100 12 1 1 11 100 12 1 1 1 11 100 12 1 1 1 11 100 12 1 1 11 100 12 1 1 1 11 100 12 1 1 100 1 10 12 1 1 11 100 12 1 1 11 100 12 1 1 11 100 12 1 1 11 100 12 1 1 11 100 12 1 1 11 100 12 1 1 9 12 1 1 10 100 12 1 1 11 100 12 1 1 10 12 1 1 10 100 12 1 1 1 10 12 1 10 12 1 1 10 12 1 1 1 1 1 3 1 3 1 3 1 3 1 3 1 3 1 3 1 3 1 3 1 3 1 3 1 3 1 3 1 3 1 3 1 3 1 3 1 3 1 3 1 3 1 3 1 3 1 3 1 3 1 3 1 3 1 3 1 3 1 3 1 3 1 3 1 3 1 3 1 3 1 3 1 3 1 3 1 3 1 3 1 3 1 3 1 3 1 3 1 3 1 3 1 3 1 3 1 3 1 3 1 3 1 3 1 3 1 3 1 1 1 1 1 1 1 1 1 1 1 1 1 1 1 1 1 1 1 1 1 1 1 1 1 1 1 1 1 1 1 1 1 1 1 1 1 1 1 1 1 1 1 1 1 1 1 1 1 1 1 1 1 1 1 1 1 1 1 1 1 1 1 1 1 1 1 1 1 1 1 1 1 1 1 1 1 1 1 1 1 1 1 1 1 1 1 1 1 1 1 1 1 1 1 1 1 1 1 1 1 1 1 1 1 1 1 1 1 1 1 1 1 1 1 1 1 1 1 1 1 1 1 1 1 1 1 1 1 1 1 1 1 1 1 1 1 1 1 1 1 1 1 1 1 1 1 1 1 1 1 1 1 1 1 1 1 1 1 1 1 1 1 1 1 1 1 1 1 1 1 1 1 1 1 1 1 1 1 1 1 1 1 1 1 1 1 1 1 1 1 1 1 1 1 1 1 1 1 1 1 1 1 1 1 1 1 1 1 1 1 1 1 1 1 1 1 1 1 1 1 1 1 1 1 1 1 1 1 1 1 1 1 1 1 1 1 100 1 100 1 100 1 100 1 100 1 1 1 1 1 1 1 1 1 1 1 1 1 1 1 1 1 1 1 1 1 1 1 1 1 1 1 1 1 1 1
instanceKlass jdk/internal/vm/vector/VectorSupport$VectorShuffle
instanceKlass jdk/internal/vm/vector/VectorSupport$VectorMask
instanceKlass jdk/internal/vm/vector/VectorSupport$Vector
ciInstanceKlass jdk/internal/vm/vector/VectorSupport$VectorPayload 0 0 32 10 100 12 1 1 1 9 100 12 1 1 1 10 100 12 1 1 1 1 1 1 1 1 1 1 1 1 1 1 1 1
ciInstanceKlass jdk/internal/vm/vector/VectorSupport$Vector 0 0 28 10 100 12 1 1 1 100 1 1 1 1 1 1 1 1 1 1 1 1 1 1 1 100 1 1 1 1
ciInstanceKlass jdk/internal/vm/vector/VectorSupport$VectorMask 0 0 28 10 100 12 1 1 1 100 1 1 1 1 1 1 1 1 1 1 1 1 1 1 1 100 1 1 1 1
ciInstanceKlass jdk/internal/vm/vector/VectorSupport$VectorShuffle 0 0 28 10 100 12 1 1 1 100 1 1 1 1 1 1 1 1 1 1 1 1 1 1 1 100 1 1 1 1
ciInstanceKlass jdk/internal/vm/FillerObject 0 0 16 10 100 12 1 1 1 100 1 1 1 1 1 1 1 1
instanceKlass java/lang/ref/PhantomReference
instanceKlass java/lang/ref/FinalReference
instanceKlass java/lang/ref/WeakReference
instanceKlass java/lang/ref/SoftReference
ciInstanceKlass java/lang/ref/Reference 1 1 190 9 7 12 1 1 1 9 7 12 1 1 10 12 1 1 10 12 1 1 9 12 1 1 10 12 1 1 9 12 1 1 9 12 1 1 7 1 10 12 1 10 7 12 1 1 10 12 1 10 12 1 1 10 12 1 7 1 8 1 10 12 1 1 7 1 10 12 1 1 10 12 1 1 10 12 1 9 12 1 10 12 1 1 10 12 1 10 12 1 9 12 1 7 1 100 1 10 12 9 12 1 9 12 1 100 1 10 10 12 1 10 10 7 12 1 1 7 1 10 10 7 12 1 1 1 1 1 1 1 1 1 1 1 1 1 1 1 1 1 1 1 7 1 1 1 100 1 1 1 1 1 1 1 1 1 1 1 1 1 1 1 1 1 1 1 1 1 1 1 1 1 1 1 1 1 1 1 1 1 1 1 7 1 7 1 7 1 1 1
staticfield java/lang/ref/Reference processPendingLock Ljava/lang/Object; java/lang/Object
staticfield java/lang/ref/Reference $assertionsDisabled Z 1
ciMethod java/lang/ref/Reference reachabilityFence (Ljava/lang/Object;)V 512 0 159253 0 -1
instanceKlass sun/security/util/MemoryCache$SoftCacheEntry
instanceKlass sun/util/locale/provider/LocaleResources$ResourceReference
instanceKlass sun/util/resources/Bundles$BundleReference
instanceKlass org/springframework/util/ConcurrentReferenceHashMap$SoftEntryReference
instanceKlass jdk/internal/util/SoftReferenceKey
instanceKlass java/lang/invoke/LambdaFormEditor$Transform
ciInstanceKlass java/lang/ref/SoftReference 1 1 47 10 7 12 1 1 1 9 7 12 1 1 1 9 12 1 10 12 1 10 12 1 1 1 1 1 1 1 1 1 1 1 1 1 1 1 1 1 1 1 1 100 1 1 1 1 1
instanceKlass javax/crypto/JceSecurity$WeakIdentityWrapper
instanceKlass com/sun/jmx/mbeanserver/WeakIdentityHashMap$IdentityWeakReference
instanceKlass org/springframework/cglib/core/WeakCacheKey
instanceKlass java/util/logging/LogManager$LoggerWeakRef
instanceKlass java/util/logging/Level$KnownLevel
instanceKlass java/lang/WeakPairMap$WeakRefPeer
instanceKlass org/apache/commons/logging/impl/WeakHashtable$WeakKey
instanceKlass java/lang/ClassValue$Entry
instanceKlass java/lang/ThreadLocal$ThreadLocalMap$Entry
instanceKlass jdk/internal/util/WeakReferenceKey
instanceKlass java/util/WeakHashMap$Entry
ciInstanceKlass java/lang/ref/WeakReference 1 1 31 10 7 12 1 1 1 10 12 1 100 1 1 1 1 1 1 1 1 1 1 1 1 1 1 1 1 1 1 1 1
instanceKlass java/lang/ref/Finalizer
ciInstanceKlass java/lang/ref/FinalReference 1 1 50 10 7 12 1 1 1 10 7 12 1 1 1 10 12 1 1 7 1 8 1 10 12 1 1 1 1 1 1 1 1 1 1 1 1 1 1 1 1 1 1 1 1 1 1 1 1 1 7 1
instanceKlass jdk/internal/ref/PhantomCleanable
instanceKlass jdk/internal/ref/Cleaner
ciInstanceKlass java/lang/ref/PhantomReference 1 1 39 10 100 12 1 1 1 10 7 12 1 1 1 1 1 1 1 1 1 1 1 1 1 1 1 1 1 1 1 1 1 1 1 1 1 1 1 1 1
ciInstanceKlass java/lang/ref/Finalizer 1 1 155 9 7 12 1 1 1 10 7 12 1 1 1 9 12 1 1 9 12 1 1 9 12 1 9 12 1 9 12 1 1 10 12 1 7 1 8 1 10 12 1 10 12 1 1 9 12 1 100 1 10 12 1 7 1 11 7 12 1 1 10 12 1 7 1 10 12 1 100 1 10 12 1 10 7 12 1 1 1 10 100 12 1 1 1 100 1 10 10 12 1 7 1 10 12 1 7 1 10 12 1 1 10 12 1 1 10 12 1 10 7 12 1 1 1 7 1 10 7 1 10 10 12 1 1 1 1 1 1 1 1 1 1 1 1 1 1 1 1 1 1 1 1 1 1 1 1 1 1 1 1 1 1 1 1
staticfield java/lang/ref/Finalizer lock Ljava/lang/Object; java/lang/Object
staticfield java/lang/ref/Finalizer ENABLED Z 1
staticfield java/lang/ref/Finalizer $assertionsDisabled Z 1
instanceKlass sun/security/ssl/Alert$Level
instanceKlass sun/security/ssl/Alert
instanceKlass jakarta/mail/util/StreamProvider$EncoderTypes
instanceKlass javax/net/ssl/SSLEngineResult$HandshakeStatus
instanceKlass sun/security/ssl/X509Authentication
instanceKlass sun/security/ssl/Finished$VerifyDataScheme
instanceKlass sun/security/validator/CADistrustPolicy
instanceKlass jdk/internal/icu/util/CodePointTrie$ValueWidth
instanceKlass jdk/internal/icu/util/CodePointTrie$Type
instanceKlass java/text/Normalizer$Form
instanceKlass sun/security/ssl/SSLTrafficKeyDerivation$KeySchedule
instanceKlass sun/security/ssl/SSLTrafficKeyDerivation
instanceKlass sun/security/ssl/SSLSecretDerivation$SecretSchedule
instanceKlass sun/security/ssl/ContentType
instanceKlass sun/security/ssl/SSLKeyExchange$T12KeyAgreement
instanceKlass sun/security/ssl/PskKeyExchangeModesExtension$PskKeyExchangeMode
instanceKlass sun/security/ssl/ECPointFormatsExtension$ECPointFormat
instanceKlass sun/security/ssl/CertStatusExtension$CertStatusRequestType
instanceKlass sun/security/ssl/SSLExtension
instanceKlass sun/security/ssl/SignatureScheme$SigAlgParamSpec
instanceKlass sun/security/ssl/SignatureScheme
instanceKlass sun/security/ssl/ClientAuthType
instanceKlass sun/security/ssl/SSLHandshake
instanceKlass sun/security/rsa/RSAUtil$KeyType
instanceKlass sun/security/ssl/NamedGroup
instanceKlass sun/security/ssl/NamedGroup$NamedGroupSpec
instanceKlass sun/security/ssl/CipherSuite$KeyExchange
instanceKlass sun/security/ssl/CipherSuite$MacAlg
instanceKlass sun/security/ssl/CipherSuite$HashAlg
instanceKlass sun/security/ssl/CipherType
instanceKlass sun/security/ssl/SSLCipher
instanceKlass sun/security/ssl/CipherSuite
instanceKlass java/security/CryptoPrimitive
instanceKlass sun/security/util/DisabledAlgorithmConstraints$Constraint$Operator
instanceKlass sun/security/ssl/ProtocolVersion
instanceKlass com/fasterxml/jackson/core/JsonParser$NumberTypeFP
instanceKlass com/fasterxml/jackson/core/StreamReadCapability
instanceKlass org/springframework/kafka/support/micrometer/KafkaListenerObservation
instanceKlass org/apache/kafka/common/record/TimestampType
instanceKlass org/apache/kafka/common/record/CompressionType
instanceKlass org/apache/kafka/common/network/Selector$CloseMode
instanceKlass org/apache/kafka/common/utils/AbstractIterator$State
instanceKlass org/apache/kafka/clients/consumer/internals/SubscriptionState$FetchStates
instanceKlass org/apache/kafka/common/protocol/Errors
instanceKlass org/apache/kafka/common/network/ChannelState$State
instanceKlass org/apache/kafka/common/network/KafkaChannel$ChannelMuteState
instanceKlass org/apache/kafka/clients/ConnectionState
instanceKlass org/apache/kafka/common/message/ApiMessageType$ListenerType
instanceKlass org/apache/kafka/common/message/ApiMessageType
instanceKlass org/apache/kafka/common/protocol/ApiKeys
instanceKlass org/apache/kafka/common/requests/FindCoordinatorRequest$CoordinatorType
instanceKlass org/apache/kafka/clients/consumer/ConsumerPartitionAssignor$RebalanceProtocol
instanceKlass org/apache/kafka/clients/consumer/internals/AbstractCoordinator$MemberState
instanceKlass org/apache/kafka/clients/NetworkClient$State
instanceKlass org/apache/kafka/common/network/ConnectionMode
instanceKlass org/apache/kafka/common/security/JaasContext$Type
instanceKlass org/apache/kafka/clients/consumer/internals/SubscriptionState$SubscriptionType
instanceKlass com/sun/management/VMOption$Origin
instanceKlass com/sun/management/HotSpotDiagnosticMXBean$ThreadDumpFormat
instanceKlass java/lang/management/MemoryType
instanceKlass org/apache/kafka/shaded/com/google/protobuf/Extension$ExtensionType
instanceKlass org/apache/kafka/common/telemetry/ClientTelemetryState
instanceKlass org/apache/kafka/clients/GroupRebalanceConfig$ProtocolType
instanceKlass org/springframework/kafka/listener/ListenerType
instanceKlass org/apache/kafka/clients/consumer/internals/ShareAcknowledgementMode$AcknowledgementMode
instanceKlass org/apache/kafka/common/security/auth/SecurityProtocol
instanceKlass org/apache/kafka/common/metrics/Sensor$RecordingLevel
instanceKlass org/apache/kafka/clients/consumer/internals/AutoOffsetResetStrategy$StrategyType
instanceKlass org/apache/kafka/clients/MetadataRecoveryStrategy
instanceKlass org/apache/kafka/clients/ClientDnsLookup
instanceKlass org/apache/kafka/common/config/ConfigDef$Width
instanceKlass org/apache/kafka/common/config/ConfigDef$Type
instanceKlass org/apache/kafka/common/config/ConfigDef$Importance
instanceKlass org/apache/kafka/common/IsolationLevel
instanceKlass org/apache/kafka/clients/consumer/GroupProtocol
instanceKlass org/springframework/kafka/KafkaException$Level
instanceKlass org/springframework/kafka/listener/ContainerProperties$EOSMode
instanceKlass org/springframework/kafka/listener/ContainerProperties$AssignmentCommitOption
instanceKlass org/springframework/kafka/listener/ContainerProperties$AckMode
instanceKlass org/springframework/kafka/support/LogIfLevelEnabled$Level
instanceKlass org/springframework/core/ResolvableType$WildcardBounds$Kind
instanceKlass org/springframework/util/ConcurrentLruCache$DrainStatus
instanceKlass org/springframework/kafka/security/jaas/KafkaJaasLoginModuleInitializer$ControlFlag
instanceKlass org/springframework/boot/kafka/autoconfigure/KafkaProperties$Listener$Type
instanceKlass org/springframework/boot/kafka/autoconfigure/KafkaProperties$IsolationLevel
instanceKlass org/springframework/boot/availability/LivenessState
instanceKlass org/springframework/boot/availability/ReadinessState
instanceKlass com/fasterxml/jackson/annotation/JsonTypeInfo$As
instanceKlass com/fasterxml/jackson/core/JsonToken
instanceKlass com/fasterxml/jackson/databind/ObjectMapper$DefaultTyping
instanceKlass com/fasterxml/jackson/annotation/PropertyAccessor
instanceKlass com/fasterxml/jackson/core/JsonEncoding
instanceKlass com/fasterxml/jackson/core/StreamReadFeature
instanceKlass com/fasterxml/jackson/core/StreamWriteFeature
instanceKlass com/fasterxml/jackson/core/JsonParser$NumberType
instanceKlass com/fasterxml/jackson/databind/DeserializationFeature
instanceKlass com/fasterxml/jackson/databind/cfg/JsonNodeFeature
instanceKlass com/fasterxml/jackson/databind/cfg/EnumFeature
instanceKlass com/fasterxml/jackson/databind/SerializationFeature
instanceKlass com/fasterxml/jackson/core/util/Separators$Spacing
instanceKlass com/fasterxml/jackson/databind/MapperFeature
instanceKlass com/fasterxml/jackson/annotation/JsonFormat$Shape
instanceKlass com/fasterxml/jackson/databind/cfg/CoercionInputShape
instanceKlass com/fasterxml/jackson/databind/cfg/CoercionAction
instanceKlass com/fasterxml/jackson/databind/type/LogicalType
instanceKlass com/fasterxml/jackson/annotation/JsonAutoDetect$Visibility
instanceKlass com/fasterxml/jackson/annotation/Nulls
instanceKlass com/fasterxml/jackson/annotation/JsonInclude$Include
instanceKlass com/fasterxml/jackson/core/JsonGenerator$Feature
instanceKlass com/fasterxml/jackson/core/JsonParser$Feature
instanceKlass com/fasterxml/jackson/core/JsonFactory$Feature
instanceKlass com/fasterxml/jackson/core/Base64Variant$PaddingReadBehaviour
instanceKlass java/math/RoundingMode
instanceKlass com/fasterxml/jackson/databind/util/internal/PrivateMaxEntriesMap$DrainStatus
instanceKlass org/springframework/kafka/support/TopicPartitionOffset$SeekPosition
instanceKlass org/springframework/boot/autoconfigure/task/TaskExecutionProperties$Mode
instanceKlass org/springframework/transaction/annotation/RollbackOn
instanceKlass org/springframework/context/annotation/AdviceMode
instanceKlass org/springframework/boot/thread/Threading
instanceKlass org/springframework/boot/autoconfigure/condition/SearchStrategy
instanceKlass org/springframework/boot/autoconfigure/condition/ConditionMessage$Style
instanceKlass org/springframework/boot/autoconfigure/condition/FilteringSpringBootCondition$ClassNameFilter
instanceKlass org/springframework/context/annotation/Bean$Bootstrap
instanceKlass java/nio/file/FileTreeWalker$EventType
instanceKlass java/nio/file/FileVisitOption
instanceKlass java/nio/file/AccessMode
instanceKlass java/util/Comparators$NaturalOrderComparator
instanceKlass org/springframework/context/annotation/ConfigurationCondition$ConfigurationPhase
instanceKlass org/springframework/beans/factory/support/DefaultListableBeanFactory$PreInstantiation
instanceKlass org/springframework/expression/spel/SpelCompilerMode
instanceKlass sun/util/locale/provider/LocaleProviderAdapter$Type
instanceKlass org/springframework/context/annotation/FilterType
instanceKlass org/springframework/context/annotation/ScopedProxyMode
instanceKlass org/springframework/core/annotation/MergedAnnotation$Adapt
instanceKlass java/lang/invoke/MethodHandleImpl$ArrayAccess
instanceKlass org/springframework/boot/Banner$Mode
instanceKlass ch/qos/logback/core/pattern/parser/TokenStream$TokenizerState
instanceKlass ch/qos/logback/core/subst/Node$Type
instanceKlass ch/qos/logback/core/subst/Token$Type
instanceKlass ch/qos/logback/core/subst/Tokenizer$TokenizerState
instanceKlass org/springframework/boot/ansi/AnsiStyle
instanceKlass org/springframework/boot/logging/logback/RollingPolicySystemProperty
instanceKlass org/springframework/boot/logging/LoggingSystemProperty
instanceKlass org/springframework/boot/ansi/AnsiColor
instanceKlass org/springframework/boot/ansi/AnsiOutput$Enabled
instanceKlass org/springframework/boot/context/config/Profiles$Type
instanceKlass org/yaml/snakeyaml/tokens/Token$ID
instanceKlass org/yaml/snakeyaml/events/Event$ID
instanceKlass org/yaml/snakeyaml/comments/CommentType
instanceKlass org/yaml/snakeyaml/introspector/BeanAccess
instanceKlass org/yaml/snakeyaml/DumperOptions$NonPrintableStyle
instanceKlass org/yaml/snakeyaml/DumperOptions$LineBreak
instanceKlass org/yaml/snakeyaml/DumperOptions$FlowStyle
instanceKlass org/yaml/snakeyaml/DumperOptions$ScalarStyle
instanceKlass org/yaml/snakeyaml/nodes/NodeId
instanceKlass org/springframework/beans/factory/config/YamlProcessor$ResolutionMethod
instanceKlass org/springframework/boot/context/config/LocationResourceLoader$ResourceType
instanceKlass org/springframework/boot/bootstrap/BootstrapRegistry$Scope
instanceKlass org/springframework/boot/context/config/ConfigDataEnvironmentContributor$ImportPhase
instanceKlass org/springframework/boot/context/config/ConfigDataEnvironmentContributor$Kind
instanceKlass org/springframework/boot/context/config/ConfigData$Option
instanceKlass org/springframework/boot/context/properties/source/ConfigurationPropertyState
instanceKlass org/springframework/boot/context/config/ConfigDataNotFoundAction
instanceKlass org/springframework/boot/context/properties/bind/BindMethod
instanceKlass org/springframework/boot/context/config/ConfigDataEnvironmentContributors$BinderOption
instanceKlass org/springframework/boot/context/properties/source/ConfigurationPropertyName$Form
instanceKlass org/springframework/boot/cloud/CloudPlatform
instanceKlass java/security/DrbgParameters$Capability
instanceKlass sun/security/util/KnownOIDs
instanceKlass org/springframework/core/NativeDetector$Context
instanceKlass java/nio/file/attribute/PosixFilePermission
instanceKlass java/time/Month
instanceKlass org/springframework/format/annotation/DurationFormat$Style
instanceKlass java/time/format/FormatStyle
instanceKlass org/springframework/format/datetime/standard/DateTimeFormatterRegistrar$Type
instanceKlass sun/util/logging/PlatformLogger$Level
instanceKlass java/lang/System$Logger$Level
instanceKlass jdk/internal/logger/BootstrapLogger$LoggingBackend
instanceKlass java/util/stream/MatchOps$MatchKind
instanceKlass java/lang/annotation/ElementType
instanceKlass org/springframework/core/annotation/IntrospectionFailureLogger
instanceKlass org/springframework/boot/context/properties/bind/Bindable$BindRestriction
instanceKlass org/springframework/boot/context/properties/source/ConfigurationPropertyName$ToStringFormat
instanceKlass org/springframework/boot/context/properties/source/ConfigurationPropertyName$ElementType
instanceKlass java/lang/classfile/attribute/StackMapFrameInfo$SimpleVerificationTypeInfo
instanceKlass java/lang/reflect/ProxyGenerator$PrimitiveTypeInfo
instanceKlass java/lang/classfile/Opcode$Kind
instanceKlass java/lang/classfile/Opcode
instanceKlass java/lang/classfile/TypeKind
instanceKlass jdk/internal/classfile/impl/AbstractPoolEntry$Utf8EntryImpl$State
instanceKlass java/lang/classfile/AttributeMapper$AttributeStability
instanceKlass java/lang/classfile/ClassFile$DeadLabelsOption
instanceKlass java/lang/classfile/ClassFile$DeadCodeOption
instanceKlass java/lang/classfile/ClassFile$ShortJumpsOption
instanceKlass java/lang/classfile/ClassFile$ConstantPoolSharingOption
instanceKlass java/lang/classfile/ClassFile$AttributesProcessingOption
instanceKlass java/lang/classfile/ClassFile$LineNumbersOption
instanceKlass java/lang/classfile/ClassFile$DebugElementsOption
instanceKlass java/lang/classfile/ClassFile$StackMapsOption
instanceKlass java/lang/annotation/RetentionPolicy
instanceKlass org/springframework/core/annotation/MergedAnnotations$SearchStrategy
instanceKlass org/springframework/boot/logging/LogLevel
instanceKlass ch/qos/logback/core/spi/FilterReply
instanceKlass org/springframework/util/ConcurrentReferenceHashMap$TaskOption
instanceKlass org/springframework/util/ConcurrentReferenceHashMap$Restructure
instanceKlass org/springframework/util/ConcurrentReferenceHashMap$ReferenceType
instanceKlass org/springframework/boot/WebApplicationType
instanceKlass org/slf4j/helpers/Reporter$Level
instanceKlass org/slf4j/helpers/Reporter$TargetChoice
instanceKlass ch/qos/logback/core/util/ReentryGuardFactory$GuardType
instanceKlass java/time/format/TextStyle
instanceKlass java/time/format/DateTimeFormatterBuilder$SettingsParser
instanceKlass java/time/format/ResolverStyle
instanceKlass java/time/format/SignStyle
instanceKlass java/time/temporal/JulianFields$Field
instanceKlass java/time/temporal/IsoFields$Unit
instanceKlass java/time/temporal/IsoFields$Field
instanceKlass java/time/temporal/ChronoUnit
instanceKlass java/time/temporal/ChronoField
instanceKlass ch/qos/logback/core/joran/spi/ConsoleTarget
instanceKlass ch/qos/logback/classic/spi/Configurator$ExecutionStatus
instanceKlass java/util/Locale$Category
instanceKlass java/lang/StackStreamFactory$WalkerState
instanceKlass java/lang/StackWalker$ExtendedOption
instanceKlass java/lang/StackWalker$Option
instanceKlass java/util/regex/Pattern$Qtype
instanceKlass org/apache/logging/log4j/spi/StandardLevel
instanceKlass java/net/Proxy$Type
instanceKlass java/net/StandardProtocolFamily
instanceKlass jdk/internal/util/OperatingSystem
instanceKlass java/util/zip/ZipCoder$Comparison
instanceKlass java/nio/file/LinkOption
instanceKlass sun/nio/fs/WindowsPathType
instanceKlass java/nio/file/StandardOpenOption
instanceKlass jdk/internal/vm/Continuation$Pinned
instanceKlass java/util/stream/Collector$Characteristics
instanceKlass java/util/concurrent/TimeUnit
instanceKlass java/util/stream/StreamShape
instanceKlass java/lang/invoke/MethodHandles$Lookup$ClassOption
instanceKlass java/lang/invoke/VarHandle$AccessType
instanceKlass java/lang/invoke/VarHandle$AccessMode
instanceKlass java/lang/invoke/MethodHandleImpl$Intrinsic
instanceKlass java/lang/invoke/LambdaForm$BasicType
instanceKlass java/lang/invoke/LambdaForm$Kind
instanceKlass java/lang/constant/DirectMethodHandleDesc$Kind
instanceKlass sun/invoke/util/Wrapper
instanceKlass java/util/stream/StreamOpFlag$Type
instanceKlass java/util/stream/StreamOpFlag
instanceKlass java/io/File$PathStatus
instanceKlass java/lang/module/ModuleDescriptor$Requires$Modifier
instanceKlass java/lang/reflect/AccessFlag$Location
instanceKlass java/lang/reflect/AccessFlag
instanceKlass java/lang/module/ModuleDescriptor$Modifier
instanceKlass java/util/HexFormat$Case
instanceKlass java/lang/reflect/ClassFileFormatVersion
instanceKlass java/lang/Thread$State
ciInstanceKlass java/lang/Enum 1 1 204 9 7 12 1 1 1 9 12 1 1 10 7 12 1 1 1 9 12 1 10 7 12 1 1 1 100 1 10 10 12 1 1 10 12 1 7 1 10 10 7 12 1 1 10 12 1 1 18 12 1 1 10 100 12 1 1 1 10 12 1 1 11 7 12 1 1 1 100 1 8 1 10 12 1 100 1 7 1 10 8 1 10 12 1 1 10 12 1 1 8 1 10 12 1 10 100 1 8 1 10 10 12 1 1 10 100 12 1 1 1 7 1 7 1 7 1 1 1 1 1 1 1 1 1 1 1 1 1 1 1 1 1 1 1 1 1 1 1 1 1 1 1 1 1 1 1 1 1 1 1 1 1 1 1 1 1 1 1 1 1 1 1 3 1 1 1 1 100 1 7 1 1 100 1 1 1 1 1 1 1 1 1 1 1 16 15 10 12 16 15 10 100 12 1 1 1 1 1 100 1 100 1 1
ciInstanceKlass java/lang/reflect/Method 1 1 472 9 7 12 1 1 1 10 7 12 1 1 1 10 7 12 1 1 9 12 1 1 10 12 1 1 10 12 1 1 10 7 12 1 1 10 7 12 1 1 1 9 12 1 1 9 12 1 9 12 1 1 9 12 1 9 12 1 9 12 1 1 9 12 1 9 12 1 1 9 12 1 9 12 1 9 12 1 1 100 1 8 1 10 12 1 10 12 1 9 12 1 1 8 1 10 7 12 1 1 10 7 12 1 1 1 10 12 1 1 10 12 1 1 10 12 1 10 12 1 1 10 12 1 1 9 7 12 1 1 1 10 12 1 1 10 12 10 7 12 1 1 10 12 1 1 10 12 1 10 12 1 10 12 1 10 7 12 1 1 1 10 12 1 1 10 7 1 10 7 12 1 1 1 10 7 12 1 1 10 12 1 1 10 12 1 1 10 12 1 10 7 12 1 1 1 10 12 1 10 8 1 10 12 1 10 12 1 7 1 8 1 8 1 8 1 10 12 1 10 12 1 1 10 12 1 1 10 10 12 1 1 10 12 1 11 7 1 10 12 1 9 12 1 1 10 12 1 1 10 12 1 10 12 1 1 10 12 1 1 11 7 12 1 1 1 11 12 1 9 12 1 1 10 12 1 10 12 1 10 12 1 10 12 1 10 12 1 10 12 1 9 12 1 1 10 7 12 1 1 1 10 7 12 1 1 10 12 1 1 10 7 12 1 1 1 10 7 12 1 1 1 10 7 12 1 1 1 11 7 12 1 1 1 10 7 12 1 1 1 7 1 100 1 100 1 10 12 1 10 12 1 1 10 12 1 100 1 8 1 10 12 1 10 10 12 1 1 10 12 1 1 10 12 1 1 10 12 1 1 8 1 10 12 1 1 1 1 1 1 1 1 1 1 1 1 1 1 1 1 1 1 1 1 1 1 1 1 1 1 1 1 1 1 1 1 1 1 1 1 1 1 1 1 1 1 1 1 1 1 1 1 1 1 1 1 1 100 1 100 1 100 1 1 1 1 1 1 1 1 1 1 1 1 1 1 1 1 1 1 1 1 1 1 1 1 1 1 1 1 1 1
ciInstanceKlass java/lang/reflect/Field 1 1 457 9 7 12 1 1 1 10 12 1 1 10 100 12 1 1 1 10 100 12 1 1 9 12 1 1 10 12 1 1 10 12 1 1 10 100 12 1 1 10 7 12 1 1 1 9 12 1 1 9 12 1 9 12 1 9 12 1 1 9 12 1 1 9 12 1 9 12 1 1 9 12 1 1 100 1 8 1 10 12 1 10 12 1 9 12 1 1 9 12 1 10 12 1 10 7 12 1 1 10 12 1 1 10 12 1 1 10 12 1 10 12 1 1 9 100 12 1 1 1 10 100 12 1 1 1 7 1 10 12 1 1 10 12 1 1 10 12 1 1 10 12 1 10 12 1 10 7 1 10 7 12 1 1 7 1 10 8 1 10 12 1 1 10 12 1 1 8 1 10 12 10 12 1 8 1 8 1 10 11 7 1 9 12 1 10 12 1 1 10 12 1 1 11 7 12 1 1 1 10 12 1 11 12 1 1 11 12 1 1 11 12 1 1 11 12 1 1 11 12 1 1 11 12 1 1 11 12 1 1 11 12 1 1 11 12 1 1 11 12 1 1 11 12 1 1 11 12 1 1 11 12 1 1 11 12 1 1 11 12 1 1 11 12 1 1 11 12 1 1 10 12 1 10 7 12 1 1 10 12 1 10 12 1 10 12 1 9 12 1 1 10 7 12 1 1 1 10 12 1 1 10 12 1 10 7 12 1 1 10 12 1 1 11 7 1 10 12 1 7 1 10 100 12 1 1 1 10 7 12 1 1 1 9 12 1 10 7 12 1 1 1 11 7 12 1 1 1 10 12 1 1 10 12 1 1 9 100 12 1 1 10 100 12 1 1 1 10 12 1 1 7 1 1 1 1 1 1 1 1 1 1 1 1 1 1 1 1 1 1 1 1 1 1 1 1 1 1 1 1 1 1 1 1 1 1 1 1 1 1 1 100 1 1 1 1 1 1 1 1 1 1 1 1 1 1 1 1 1 1 1 1 1 1 1 1 1 1 1 1 1 1 1 1 7 1 1 1 1 1 1 1 1 1 100 1 1
ciInstanceKlass java/lang/reflect/Parameter 1 1 243 10 7 12 1 1 1 9 7 12 1 1 1 9 12 1 1 9 12 1 1 9 12 1 10 12 1 1 10 12 1 1 10 7 12 1 1 1 7 1 10 10 12 1 1 11 7 12 1 1 1 10 12 1 10 100 12 1 1 1 10 12 1 1 10 12 1 10 12 1 8 1 8 1 10 7 12 1 1 1 10 12 1 10 12 9 100 12 1 1 1 10 100 12 1 1 1 10 12 1 8 1 10 12 1 9 12 1 1 10 12 1 1 9 12 1 1 10 12 1 1 10 12 1 1 10 12 1 1 10 12 1 10 10 12 1 10 100 12 1 1 1 10 12 1 1 11 7 12 1 1 10 7 12 1 1 7 1 10 100 12 1 1 1 10 12 1 1 10 12 1 1 10 12 1 1 10 12 1 1 9 12 1 100 1 10 11 12 1 1 11 12 1 1 7 1 1 1 1 1 1 1 1 1 1 1 1 1 1 1 1 1 1 1 1 1 1 1 1 1 1 1 1 1 1 1 1 1 1 1 1 1 1 1 1 1 100 1 1 1 1 1 1
ciInstanceKlass java/lang/reflect/RecordComponent 0 0 196 10 7 12 1 1 1 9 7 12 1 1 1 9 12 1 1 9 12 1 10 12 1 1 10 12 1 1 10 100 12 1 1 1 10 12 1 1 9 12 1 1 10 12 1 1 10 12 1 1 10 12 1 10 100 12 1 1 10 100 12 1 1 9 12 1 1 10 100 12 1 1 1 11 100 12 1 1 1 10 9 100 12 1 1 1 10 100 12 1 1 1 9 12 1 1 10 100 12 1 1 1 10 12 1 1 11 7 12 1 1 10 7 12 1 1 7 1 9 12 1 9 12 1 1 9 12 1 10 100 12 1 1 1 10 12 1 1 10 12 1 1 7 1 10 10 12 1 10 12 1 1 8 1 10 12 1 10 12 1 9 12 1 7 1 1 1 1 1 1 1 1 1 1 1 1 1 1 1 1 1 1 1 1 1 1 7 1 1 1 1 1 1 100 1 1
ciInstanceKlass java/lang/StringBuffer 1 1 487 10 7 12 1 1 1 10 12 1 10 12 1 10 12 1 1 9 7 12 1 1 1 10 12 1 1 10 12 1 10 12 1 1 9 12 1 1 10 12 1 10 12 1 1 10 12 1 1 10 12 1 10 12 1 1 10 12 1 10 12 1 1 10 12 1 1 10 7 12 1 1 1 10 12 1 1 10 12 1 10 12 1 10 12 1 10 12 1 10 12 1 10 12 1 10 12 1 10 12 1 10 12 1 10 12 1 10 12 1 10 12 1 10 12 1 10 12 1 1 10 12 1 10 12 1 1 10 12 1 1 10 10 12 1 1 10 12 1 10 12 1 10 12 1 10 12 1 10 12 1 10 12 1 10 12 10 12 1 10 12 1 10 12 1 10 12 1 1 10 12 1 10 12 1 10 10 12 1 1 10 12 1 10 12 1 10 12 1 8 1 10 12 1 10 10 100 12 1 1 1 10 10 12 1 1 9 12 1 1 10 100 12 1 1 10 100 1 8 10 100 12 1 1 1 8 10 12 1 8 1 10 12 1 10 12 1 10 100 12 1 1 1 10 100 12 1 1 1 7 1 10 12 100 1 8 1 10 10 12 1 1 10 12 1 1 10 12 1 10 12 1 10 12 1 1 10 12 1 10 12 1 10 12 1 10 12 1 10 12 1 10 12 10 12 1 10 12 1 10 12 1 10 12 1 10 12 1 10 12 1 10 12 1 10 12 1 10 12 1 10 12 1 10 12 10 12 10 12 1 10 12 1 10 12 1 10 12 10 12 1 10 12 1 10 12 1 10 12 1 10 12 1 10 12 1 10 12 1 10 12 1 10 12 1 10 12 1 10 12 1 7 1 10 12 1 9 7 12 1 1 1 9 7 1 9 12 1 1 7 1 7 1 7 1 7 1 1 1 1 5 0 1 1 1 1 1 1 1 1 1 1 1 1 1 1 1 1 1 1 1 1 1 1 1 1 1 1 1 1 1 1 1 1 1 1 1 1 1 1 1 1 1 1 1 1 1 1 1 1 1 1 1 1 1 1 1 1 1 1 1 1 100 1 1 1 1 1 7 1 1 1 1 1 1 1 1 1 1 1 1 1 1 1 1 1 1
staticfield java/lang/StringBuffer serialPersistentFields [Ljava/io/ObjectStreamField; 3 [Ljava/io/ObjectStreamField;
instanceKlass jdk/internal/loader/BuiltinClassLoader
instanceKlass java/net/URLClassLoader
ciInstanceKlass java/security/SecureClassLoader 1 1 102 10 7 12 1 1 1 7 1 10 12 1 9 7 12 1 1 1 10 12 1 10 12 1 10 12 1 1 10 12 1 1 10 12 1 7 1 10 7 1 10 12 1 7 1 10 12 1 11 7 12 1 1 1 7 1 11 12 1 10 12 1 1 1 1 1 1 1 1 1 1 1 1 1 1 1 1 1 1 1 1 1 1 1 1 1 1 1 1 1 1 1 1 1 1 1 1 100 1 1 1 1
ciInstanceKlass java/net/URLClassLoader 0 0 600 10 7 12 1 1 1 100 1 10 12 1 9 7 12 1 1 1 10 7 12 1 1 1 9 12 1 1 100 1 10 12 1 9 12 1 1 10 12 1 10 10 12 1 10 100 12 1 1 1 10 12 1 1 10 7 12 1 1 1 10 100 12 1 1 1 100 1 10 12 1 1 10 12 1 1 10 12 1 1 100 1 100 1 10 7 12 1 1 1 100 1 8 1 10 12 1 10 7 12 1 1 1 10 12 1 1 10 12 1 1 11 100 12 1 1 1 11 7 12 1 1 1 11 12 1 1 7 1 11 12 1 11 7 12 1 1 10 12 1 11 12 1 11 12 1 1 11 10 12 1 1 10 12 1 1 10 12 1 1 100 1 10 12 1 10 12 1 1 7 1 100 1 10 12 1 1 7 1 10 10 12 1 1 10 100 12 1 1 10 12 1 100 1 7 1 10 8 1 10 12 1 1 8 1 10 12 1 1 10 10 12 1 8 1 8 1 10 12 1 1 10 7 12 1 1 1 10 100 12 1 1 1 10 12 1 1 10 12 1 1 10 12 1 1 10 12 1 10 12 1 100 1 100 1 8 1 10 12 1 10 12 1 1 10 12 1 1 7 1 10 12 1 10 100 12 1 1 1 10 12 1 1 10 12 1 1 10 12 1 1 10 12 1 10 100 12 1 1 1 10 12 1 1 8 1 10 12 1 1 11 100 12 1 1 1 9 100 12 1 1 1 10 100 12 1 1 1 9 12 1 9 12 1 9 12 1 9 12 1 9 12 1 9 12 1 10 7 12 1 1 1 8 1 10 12 1 1 100 1 10 10 12 1 10 12 1 1 10 12 1 1 100 1 10 12 1 10 12 1 1 10 12 1 10 12 1 1 100 1 10 100 12 1 1 9 100 12 1 1 1 10 12 1 8 1 100 1 8 1 10 12 1 10 12 1 8 1 10 12 1 10 12 1 9 12 1 1 10 100 12 1 1 10 12 1 10 12 1 10 100 1 8 1 10 100 1 10 12 1 10 100 12 1 100 1 10 12 1 10 12 1 100 1 10 10 7 12 1 1 1 1 1 1 1 1 1 1 1 1 1 1 1 1 1 1 1 1 1 1 1 1 1 1 1 1 1 1 1 1 1 1 1 1 1 7 1 100 1 7 1 7 1 1 1 1 1 1 1 1 1 1 1 1 1 1 1 1 1 1 1 1 1 1 1 1 1 1 1 1 1 1 1 1 1 1 1 1 1 1 1 1 1 1 1 1 1 1 100 1 1 1 1 1 1 1 1 1 1 1 1 1 1 1 1 1 1 1 1 1 1 1 1 1 1 1 1 1 1 1 1 1 1 1 1 1 100 1 1 1
ciInstanceKlass java/util/jar/Manifest 1 1 320 10 7 12 1 1 1 7 1 10 9 7 12 1 1 1 7 1 10 9 12 1 1 9 12 1 1 10 12 1 10 12 1 1 10 12 1 1 10 12 1 1 10 12 1 1 11 7 1 11 12 1 1 10 12 1 1 10 100 12 1 1 1 100 1 7 1 10 8 1 10 12 1 1 10 12 1 1 10 12 1 10 12 1 11 100 1 10 12 1 10 12 1 1 11 12 1 1 10 12 1 11 12 1 1 11 100 12 1 1 1 11 7 12 1 1 11 12 1 1 100 1 10 12 1 8 1 11 12 1 7 1 10 12 1 1 11 12 1 10 12 1 10 12 1 10 9 100 12 1 1 1 10 12 1 1 10 100 12 1 10 12 1 10 12 1 9 100 12 1 1 1 8 1 10 12 1 8 1 8 1 7 1 10 12 1 10 12 1 10 12 1 1 100 1 8 1 10 12 1 1 8 1 10 10 12 1 1 8 1 10 12 1 1 10 7 12 1 1 1 10 12 1 10 11 12 1 1 10 12 1 1 10 100 12 1 1 1 10 12 1 1 10 12 1 10 12 1 1 11 10 12 1 11 10 12 1 7 1 1 1 1 1 1 1 1 1 1 1 1 1 1 1 1 1 1 1 1 1 1 1 1 1 1 1 1 1 1 1 1 1 1 1 100 1 1 1 1 1 1 1 1 1 1 1 1 1 1 7 1 1 1 1 1 1 1 1 1 1 1
instanceKlass jakarta/mail/util/SharedByteArrayInputStream
ciInstanceKlass java/io/ByteArrayInputStream 1 1 135 10 7 12 1 1 1 9 7 12 1 1 1 9 12 1 1 9 12 1 9 12 1 10 100 12 1 1 1 10 7 12 1 1 1 10 7 12 1 1 1 10 7 12 1 1 1 10 12 1 1 10 100 12 1 1 1 100 1 100 1 100 1 3 10 100 1 10 100 12 1 1 1 9 12 1 1 100 1 10 10 7 12 1 1 1 1 1 1 1 1 1 1 1 1 1 1 1 1 1 1 1 1 1 1 1 1 1 1 1 1 1 1 1 1 1 1 1 100 1 100 1 1 1 1 1 1 1 1 1 1 1 1 1 1
staticfield java/io/ByteArrayInputStream $assertionsDisabled Z 1
instanceKlass java/nio/IntBuffer
instanceKlass java/nio/CharBuffer
instanceKlass java/nio/LongBuffer
instanceKlass java/nio/ByteBuffer
ciInstanceKlass java/nio/Buffer 1 1 256 100 1 10 7 12 1 1 1 9 7 12 1 1 1 9 12 1 9 12 1 1 9 12 1 9 12 1 1 10 12 1 1 10 12 1 1 10 12 100 1 7 1 10 8 1 10 12 1 1 10 12 1 8 1 8 1 10 12 1 1 10 12 1 8 1 9 12 1 1 100 1 8 1 10 12 1 8 1 8 1 9 12 10 12 1 8 1 8 1 8 1 10 12 1 8 1 8 1 8 1 100 1 10 100 1 10 100 1 10 9 12 1 1 10 7 12 1 1 1 100 1 10 12 1 1 10 12 1 10 100 12 1 1 10 7 12 1 1 1 10 7 12 1 1 1 9 12 1 1 10 7 12 1 1 1 9 12 1 1 7 1 10 10 12 1 1 7 1 10 10 7 12 1 1 1 1 1 3 1 1 1 1 1 1 1 1 1 1 1 1 1 1 100 1 1 1 1 1 1 1 7 1 1 1 1 1 1 1 1 1 1 1 1 1 1 1 1 1 1 1 1 1 1 1 1 1 1 1 1 1 1 1 1 1 1 1 1 1 1 1 100 1 100 1 100 1 100 1 100 1 100 1 100 1 1
staticfield java/nio/Buffer UNSAFE Ljdk/internal/misc/Unsafe; jdk/internal/misc/Unsafe
staticfield java/nio/Buffer SCOPED_MEMORY_ACCESS Ljdk/internal/misc/ScopedMemoryAccess; jdk/internal/misc/ScopedMemoryAccess
staticfield java/nio/Buffer IOOBE_FORMATTER Ljava/util/function/BiFunction; jdk/internal/util/Preconditions$4
staticfield java/nio/Buffer $assertionsDisabled Z 1
ciMethod java/nio/Buffer reset ()Ljava/nio/Buffer; 1024 0 5548 0 0
ciMethod java/nio/Buffer position (I)Ljava/nio/Buffer; 522 0 5386 0 176
ciMethod java/nio/Buffer limit (I)Ljava/nio/Buffer; 774 0 5509 0 192
ciMethod java/nio/Buffer mark ()Ljava/nio/Buffer; 768 0 5504 0 0
ciMethod java/nio/Buffer <init> (IIIILjava/lang/foreign/MemorySegment;)V 828 0 6148 0 0
ciMethod java/nio/Buffer position ()I 288 0 144 0 0
ciMethod java/nio/Buffer limit ()I 424 0 212 0 0
ciMethod java/nio/Buffer remaining ()I 512 0 30317 0 96
ciMethod java/nio/Buffer capacity ()I 258 0 129 0 0
ciMethod java/nio/Buffer createCapacityException (I)Ljava/lang/IllegalArgumentException; 0 0 1 0 -1
ciMethod java/nio/Buffer createPositionException (I)Ljava/lang/IllegalArgumentException; 0 0 1 0 -1
ciMethod java/nio/Buffer createLimitException (I)Ljava/lang/IllegalArgumentException; 0 0 1 0 -1
ciMethod java/nio/Buffer session ()Ljdk/internal/foreign/MemorySessionImpl; 578 0 131609 0 -1
ciMethod java/nio/Buffer nextPutIndex (I)I 520 0 10953 0 0
ciMethod java/nio/Buffer nextPutIndex ()I 512 0 10482 0 0
ciMethod java/nio/Buffer checkSession ()V 512 0 11418 0 0
ciInstanceKlass jdk/internal/util/Preconditions 1 1 194 10 7 12 1 1 1 11 7 12 1 1 1 11 7 12 1 1 1 7 1 100 1 10 7 12 1 1 1 10 12 1 8 1 7 1 10 7 12 1 1 1 10 12 1 1 8 1 8 1 10 7 12 1 1 7 1 10 12 1 8 1 10 7 12 1 1 1 8 1 10 12 1 1 10 12 1 1 11 12 1 8 1 8 1 11 12 1 1 8 1 8 1 8 1 10 12 1 1 10 12 1 1 10 12 1 10 12 1 10 12 1 10 12 7 1 10 10 12 1 1 9 12 1 1 7 1 10 9 12 1 7 1 10 9 12 1 1 1 1 1 1 1 1 1 1 1 1 1 1 1 1 1 1 1 1 1 1 1 1 1 1 1 1 1 1 1 1 1 1 1 1 1 1 1 1 1 1 1 1 1 1 1 1 1 1 1 1 1 1 1 1 1 1
staticfield jdk/internal/util/Preconditions SIOOBE_FORMATTER Ljava/util/function/BiFunction; jdk/internal/util/Preconditions$4
staticfield jdk/internal/util/Preconditions AIOOBE_FORMATTER Ljava/util/function/BiFunction; jdk/internal/util/Preconditions$4
staticfield jdk/internal/util/Preconditions IOOBE_FORMATTER Ljava/util/function/BiFunction; jdk/internal/util/Preconditions$4
ciInstanceKlass java/util/List 1 1 251 10 100 12 1 1 1 11 100 12 1 1 1 11 100 12 1 1 1 11 12 1 1 11 100 12 1 1 11 12 1 1 11 12 1 1 10 100 12 1 1 1 7 1 7 1 10 12 1 1 100 1 10 7 12 1 1 1 11 12 1 1 11 12 1 11 12 1 100 1 10 12 1 11 12 1 1 11 12 1 1 11 12 1 10 7 12 1 1 1 9 7 12 1 1 1 7 1 10 12 10 12 1 7 1 10 12 1 1 10 12 1 10 12 1 1 11 12 1 1 100 1 1 1 1 1 1 1 1 1 1 1 1 1 1 1 1 1 1 1 1 1 1 1 1 1 1 1 1 1 1 1 1 1 1 1 1 1 1 1 1 1 1 1 1 100 1 100 1 1 1 1 1 1 1 1 1 1 1 1 1 1 1 1 1 1 1 1 1 1 1 1 1 1 1 1 1 1 1 1 1 1 1 1 1 1 1 1 1 1 1 1 1 1 1 1 1 1 1 1 1 1 1 1 1 1 1 1 1 1 1 1 1 1 1 1 1 1 1 1 1 1 1 1 100 1 1 100 1 1 1
instanceKlass java/security/ProviderException
instanceKlass org/apache/kafka/shaded/com/google/protobuf/UninitializedMessageException
instanceKlass java/nio/BufferUnderflowException
instanceKlass org/apache/kafka/common/KafkaException
instanceKlass org/springframework/kafka/core/KafkaTemplate$SkipAbortException
instanceKlass org/springframework/boot/context/properties/source/MutuallyExclusiveConfigurationPropertiesException
instanceKlass org/springframework/boot/autoconfigure/ssl/BundleContentNotWatchableException
instanceKlass org/springframework/boot/ssl/NoSuchSslBundleException
instanceKlass org/springframework/context/NoSuchMessageException
instanceKlass org/springframework/cglib/core/ClassNameReader$EarlyExitException
instanceKlass org/springframework/objenesis/ObjenesisException
instanceKlass org/springframework/cglib/core/CodeGenerationException
instanceKlass org/springframework/boot/autoconfigure/condition/OnBeanCondition$BeanTypeDeductionException
instanceKlass org/springframework/expression/ExpressionException
instanceKlass java/util/concurrent/CompletionException
instanceKlass java/nio/file/FileSystemNotFoundException
instanceKlass org/yaml/snakeyaml/error/YAMLException
instanceKlass org/springframework/boot/context/properties/bind/UnboundConfigurationPropertiesException
instanceKlass org/springframework/boot/context/config/ConfigDataException
instanceKlass org/springframework/boot/context/properties/bind/BindException
instanceKlass java/time/DateTimeException
instanceKlass org/springframework/boot/context/properties/source/InvalidConfigurationPropertyValueException
instanceKlass java/util/MissingResourceException
instanceKlass java/lang/reflect/InaccessibleObjectException
instanceKlass java/util/concurrent/RejectedExecutionException
instanceKlass org/springframework/core/NestedRuntimeException
instanceKlass java/lang/TypeNotPresentException
instanceKlass org/springframework/boot/context/properties/source/InvalidConfigurationPropertyNameException
instanceKlass java/lang/reflect/UndeclaredThrowableException
instanceKlass java/io/UncheckedIOException
instanceKlass ch/qos/logback/core/LogbackException
instanceKlass java/lang/IndexOutOfBoundsException
instanceKlass java/util/ConcurrentModificationException
instanceKlass java/lang/UnsupportedOperationException
instanceKlass java/util/NoSuchElementException
instanceKlass org/apache/logging/log4j/util/InternalException
instanceKlass org/apache/logging/log4j/LoggingException
instanceKlass org/apache/commons/logging/LogConfigurationException
instanceKlass java/lang/SecurityException
instanceKlass org/springframework/boot/AotInitializerNotFoundException
instanceKlass java/lang/IllegalStateException
instanceKlass org/springframework/boot/SpringApplication$AbandonedRunException
instanceKlass java/lang/IllegalArgumentException
instanceKlass java/lang/ArithmeticException
instanceKlass java/lang/NullPointerException
instanceKlass java/lang/IllegalMonitorStateException
instanceKlass java/lang/ArrayStoreException
instanceKlass java/lang/ClassCastException
ciInstanceKlass java/lang/RuntimeException 1 1 40 10 7 12 1 1 1 10 12 1 10 12 1 10 12 1 10 12 1 100 1 1 1 1 5 0 1 1 1 1 1 1 1 1 1 1 1 1 1 1
ciInstanceKlass java/util/function/BiFunction 1 1 65 10 100 12 1 1 1 18 12 1 1 11 7 12 1 1 11 100 12 1 7 1 1 1 1 1 1 1 1 1 1 1 1 1 1 1 1 1 1 1 1 1 1 1 1 1 1 1 16 15 11 12 15 10 100 12 1 1 1 1 100 1 100 1 1
ciMethod jdk/internal/util/Preconditions checkFromIndexSize (IIILjava/util/function/BiFunction;)I 772 0 83652 0 168
ciMethod jdk/internal/util/Preconditions outOfBoundsCheckFromIndexSize (Ljava/util/function/BiFunction;III)Ljava/lang/RuntimeException; 0 0 1 0 -1
ciInstanceKlass java/lang/AssertionStatusDirectives 0 0 24 10 100 12 1 1 1 100 1 1 1 1 1 1 1 1 1 1 1 1 1 1 1 1
instanceKlass sun/security/pkcs/PKCS9Attribute$AttributeInfo
instanceKlass jdk/internal/misc/ThreadTracker$ThreadRef
instanceKlass jdk/jfr/internal/jfc/model/Constraint
instanceKlass jdk/jfr/internal/query/ViewFile$ViewConfiguration
instanceKlass jdk/jfr/internal/dcmd/Argument
instanceKlass org/springframework/context/support/DefaultLifecycleProcessor$LifecycleGroupMember
instanceKlass org/springframework/kafka/annotation/KafkaListenerAnnotationBeanPostProcessor$BytesToStringConverter
instanceKlass org/springframework/kafka/config/KafkaListenerEndpointRegistrar$KafkaListenerEndpointDescriptor
instanceKlass org/springframework/boot/autoconfigure/ssl/BundleContentProperty
instanceKlass org/springframework/boot/autoconfigure/ssl/SslPropertiesBundleRegistrar$Bundle
instanceKlass org/springframework/aop/framework/autoproxy/AbstractAutoProxyCreator$ComposedCacheKey
instanceKlass org/springframework/cglib/core/MethodWrapper$MethodWrapperKey
instanceKlass org/springframework/cglib/proxy/Enhancer$EnhancerKey
instanceKlass org/springframework/util/PlaceholderParser$ParsedValue
instanceKlass org/springframework/util/PlaceholderParser$ParsedSection
instanceKlass org/springframework/boot/autoconfigure/condition/OnBeanCondition$BeanType
instanceKlass org/springframework/boot/context/properties/bind/JavaBeanBinder$Bean$CacheKey
instanceKlass org/springframework/boot/autoconfigure/preinitialize/BackgroundPreinitializingApplicationListener$Runner
instanceKlass org/springframework/boot/SpringApplicationShutdownHook$Handler
instanceKlass java/lang/reflect/Executable$ParameterData
instanceKlass org/springframework/boot/context/properties/bind/ValueObjectBinder$ValueObject$CacheKey
instanceKlass org/springframework/boot/context/properties/source/SoftReferenceConfigurationPropertyCache$ActiveCacheOverride
instanceKlass org/springframework/boot/context/properties/source/SpringIterableConfigurationPropertySource$Cache$Data
instanceKlass org/springframework/boot/support/SpringFactoriesEnvironmentPostProcessorsFactory$Adapter
instanceKlass jdk/internal/classfile/impl/StackCounter$Target
instanceKlass jdk/internal/classfile/impl/StackMapDecoder$StackMapFrameImpl
instanceKlass jdk/internal/classfile/impl/StackMapDecoder$ObjectVerificationTypeInfoImpl
instanceKlass jdk/internal/classfile/impl/ClassHierarchyImpl$ClassHierarchyInfoImpl
instanceKlass java/lang/classfile/ClassHierarchyResolver$1Factory
instanceKlass jdk/internal/classfile/impl/StackMapGenerator$Type
instanceKlass jdk/internal/classfile/impl/AbstractInstruction$SwitchCaseImpl
instanceKlass java/lang/runtime/SwitchBootstraps$1Element
instanceKlass jdk/internal/classfile/impl/DirectCodeBuilder$DeferredLabel
instanceKlass jdk/internal/classfile/impl/ClassFileImpl$AttributeMapperOptionImpl
instanceKlass jdk/internal/classfile/impl/ClassFileImpl$ClassHierarchyResolverOptionImpl
instanceKlass jdk/internal/classfile/impl/ClassFileImpl
instanceKlass java/lang/reflect/Proxy$ProxyBuilder$ProxyClassContext
instanceKlass org/springframework/core/io/support/SpringFactoriesLoader$Factories
instanceKlass java/nio/DirectByteBuffer$Deallocator
instanceKlass jdk/net/UnixDomainPrincipal
instanceKlass java/security/SecureClassLoader$CodeSourceKey
instanceKlass jdk/internal/module/ModuleReferenceImpl$CachedHash
instanceKlass java/util/stream/Collectors$CollectorImpl
instanceKlass jdk/internal/reflect/ReflectionFactory$Config
instanceKlass jdk/internal/foreign/abi/UpcallLinker$CallRegs
instanceKlass jdk/internal/foreign/abi/VMStorage
ciInstanceKlass java/lang/Record 1 1 22 10 7 12 1 1 1 100 1 1 1 1 1 1 1 1 1 1 1 1 1 1
ciInstanceKlass java/lang/invoke/MethodType 1 1 780 7 1 10 7 12 1 1 1 9 12 1 1 9 12 1 1 9 12 1 1 10 7 12 1 1 1 9 7 12 1 1 8 1 10 100 12 1 1 1 9 7 1 9 7 1 10 12 1 1 7 1 10 8 1 10 12 1 1 10 12 1 10 12 1 1 7 1 8 1 10 12 1 100 1 10 10 12 1 10 12 1 1 10 12 1 1 11 7 12 1 1 1 9 12 1 11 12 1 1 7 10 12 1 1 10 12 1 1 7 1 7 1 10 7 12 1 1 1 10 12 1 10 12 1 9 12 1 1 10 7 12 1 1 10 12 1 1 10 7 12 1 1 1 10 7 12 1 1 1 10 12 1 9 12 1 1 10 12 1 1 10 12 1 1 10 12 1 1 10 12 1 1 10 12 1 1 10 12 1 10 12 1 10 12 1 1 10 12 1 8 1 8 1 10 12 1 1 9 12 1 1 100 1 10 10 12 1 1 10 12 1 10 12 1 1 10 12 1 1 10 12 1 10 12 1 10 12 1 8 1 10 12 1 1 10 100 12 1 1 1 10 12 1 10 12 1 1 10 12 1 10 12 1 10 12 1 1 10 12 1 10 12 1 9 12 1 10 12 1 10 10 12 1 1 10 12 1 9 12 1 1 10 12 1 1 11 12 1 1 10 12 1 1 10 12 1 10 12 1 100 1 8 1 8 1 8 1 10 12 1 10 12 1 10 12 1 1 10 10 12 1 11 12 1 1 11 12 1 10 100 12 1 1 1 9 12 1 10 12 1 10 12 1 1 10 12 1 1 10 12 1 10 12 1 10 100 12 1 1 1 10 12 1 1 10 12 1 10 12 1 10 12 1 10 9 12 1 1 7 1 10 12 1 10 12 1 1 9 100 12 1 1 1 10 7 12 1 1 1 10 7 12 1 1 1 10 12 1 1 10 7 12 1 1 1 10 12 1 1 8 1 10 7 12 1 1 1 11 12 1 1 9 12 1 1 10 12 1 1 10 12 1 10 12 1 1 10 12 1 1 10 100 12 1 1 100 1 10 12 1 1 11 100 12 1 1 18 12 1 1 11 12 1 1 18 12 1 11 12 1 100 1 11 100 12 1 1 10 12 1 100 1 10 12 1 10 100 12 1 1 10 12 1 1 9 12 1 1 9 100 12 1 1 1 10 7 12 1 1 1 9 12 1 10 100 12 1 1 10 12 1 100 10 12 1 1 10 12 1 7 1 10 10 12 1 1 7 1 7 1 9 12 1 1 7 1 7 1 7 1 1 1 5 0 1 1 1 1 1 1 1 3 1 3 1 3 1 1 1 1 1 1 1 1 1 1 1 1 1 1 1 1 1 1 1 1 1 1 1 1 1 1 1 1 1 1 1 1 1 1 1 1 1 1 1 1 1 1 1 1 1 1 1 1 1 1 1 1 1 1 1 1 1 1 1 1 1 1 1 1 1 1 1 1 1 1 1 1 1 1 1 1 1 1 1 1 1 1 1 1 1 1 1 1 1 1 1 1 1 1 1 1 1 1 1 1 1 1 1 1 1 1 1 1 1 1 1 1 1 1 1 1 1 1 1 1 1 1 1 1 1 1 1 1 1 1 100 1 100 1 1 1 1 1 1 1 1 1 1 1 1 1 100 1 1 1 7 1 1 1 1 1 1 1 1 1 1 1 1 1 1 1 1 1 1 1 1 1 1 16 15 10 12 16 16 15 10 12 16 15 10 100 12 1 1 1 1 1 7 1 1 7 1 1 100 1 100 1 1
staticfield java/lang/invoke/MethodType internTable Ljdk/internal/util/ReferencedKeySet; jdk/internal/util/ReferencedKeySet
staticfield java/lang/invoke/MethodType NO_PTYPES [Ljava/lang/Class; 0 [Ljava/lang/Class;
staticfield java/lang/invoke/MethodType objectOnlyTypes [Ljava/lang/invoke/MethodType; 20 [Ljava/lang/invoke/MethodType;
staticfield java/lang/invoke/MethodType METHOD_HANDLE_ARRAY [Ljava/lang/Class; 1 [Ljava/lang/Class;
staticfield java/lang/invoke/MethodType serialPersistentFields [Ljava/io/ObjectStreamField; 0 [Ljava/io/ObjectStreamField;
staticfield java/lang/invoke/MethodType $assertionsDisabled Z 1
ciInstanceKlass java/lang/invoke/TypeDescriptor$OfMethod 1 0 43 100 1 100 1 100 1 1 1 1 1 1 1 1 1 1 1 1 1 1 1 1 1 1 1 1 1 1 1 1 1 1 1 1 1 1 1 1 1 1 100 1 1
instanceKlass java/lang/IllegalAccessException
instanceKlass java/lang/InstantiationException
instanceKlass java/lang/reflect/InvocationTargetException
instanceKlass java/lang/NoSuchFieldException
instanceKlass java/lang/NoSuchMethodException
instanceKlass java/lang/ClassNotFoundException
ciInstanceKlass java/lang/ReflectiveOperationException 1 1 34 10 7 12 1 1 1 10 12 1 10 12 1 10 12 1 100 1 1 1 1 5 0 1 1 1 1 1 1 1 1 1 1 1
instanceKlass java/lang/invoke/DelegatingMethodHandle
instanceKlass java/lang/invoke/BoundMethodHandle
instanceKlass java/lang/invoke/DirectMethodHandle
ciInstanceKlass java/lang/invoke/MethodHandle 1 1 736 100 1 9 7 12 1 1 1 10 7 12 1 1 1 10 7 12 1 1 1 7 1 7 1 10 12 1 1 9 12 1 1 10 12 1 10 12 1 1 10 12 1 1 10 100 12 1 1 1 10 12 1 1 10 12 1 1 11 7 12 1 1 1 10 12 1 1 10 12 1 10 12 1 10 12 1 1 9 12 1 1 9 12 1 1 10 7 12 1 1 1 10 12 1 1 10 12 1 10 12 1 100 1 7 1 10 8 1 10 12 1 1 10 12 1 8 1 10 12 1 1 10 12 1 10 7 12 1 1 1 10 12 1 1 10 12 1 1 10 12 1 1 10 7 12 1 1 1 10 12 1 1 10 12 1 1 10 12 1 10 12 1 1 10 7 12 1 1 10 7 12 1 1 10 12 1 10 12 1 10 12 1 1 10 12 1 1 10 12 1 1 10 12 1 1 10 7 12 1 1 1 10 7 12 1 1 1 10 12 1 1 10 12 1 1 10 12 1 1 8 1 10 7 12 1 1 1 8 1 10 12 1 10 12 1 1 10 12 1 1 10 12 1 8 1 10 12 1 1 8 1 10 12 1 8 1 10 7 12 1 1 1 9 12 1 1 100 1 10 9 7 12 1 1 1 9 7 1 8 1 10 12 1 1 10 12 1 10 12 1 1 10 12 1 10 12 1 1 10 12 1 10 12 1 1 10 12 1 10 12 1 1 10 12 1 1 8 1 10 12 1 1 8 1 10 12 1 10 12 1 1 10 12 1 10 12 1 10 12 1 1 9 100 12 1 1 1 10 12 1 1 11 12 1 10 12 1 10 12 1 1 10 100 12 1 1 100 1 11 12 1 10 100 1 11 12 1 7 1 10 12 1 11 12 1 9 100 12 1 1 1 11 12 1 1 11 100 12 1 1 1 10 12 1 1 9 12 1 11 12 1 9 12 1 9 12 1 9 12 1 11 12 1 1 9 12 1 9 12 1 9 12 1 9 12 1 9 12 1 9 12 1 9 12 1 8 1 10 12 1 10 12 1 8 1 10 12 1 10 12 1 10 12 1 1 10 10 10 7 12 1 1 10 12 1 1 100 1 100 1 8 1 8 1 10 10 12 1 1 10 12 1 10 12 1 7 1 10 100 12 1 1 1 10 9 7 12 1 1 1 10 12 1 1 10 12 1 1 8 1 8 1 10 7 12 1 1 9 12 1 9 12 1 1 9 12 1 1 10 12 1 7 1 10 12 1 10 12 1 1 9 12 1 1 9 12 1 1 10 7 12 1 1 1 11 7 12 1 1 9 12 1 10 12 1 1 10 12 1 9 12 1 10 12 1 8 10 12 1 1 8 1 1 1 1 1 1 1 1 7 1 1 1 1 1 1 1 1 1 1 1 1 1 1 1 1 1 1 1 1 1 1 1 1 1 1 1 1 1 1 100 1 1 1 1 1 1 1 1 1 1 1 1 1 1 1 1 1 1 1 1 1 1 1 1 1 1 1 1 1 1 1 1 1 1 1 1 1 1 1 1 1 1 1 1 1 1 1 1 1 1 1 1 1 1 1 1 1 1 1 1 1 1 1 1 1 1 1 1 1 1 1 1 1 1 1 1 1 1 1 1 1 1 1 1 1 1 100 1 1 100 1 7 1 100 1 1 100 1 1 100 1 1 1 1
staticfield java/lang/invoke/MethodHandle FORM_OFFSET J 20
staticfield java/lang/invoke/MethodHandle UPDATE_OFFSET J 13
staticfield java/lang/invoke/MethodHandle $assertionsDisabled Z 1
instanceKlass com/fasterxml/jackson/core/util/InternCache
ciInstanceKlass java/util/concurrent/ConcurrentHashMap 1 1 1211 7 1 7 1 3 10 12 1 1 3 7 1 10 7 12 1 1 1 7 1 10 7 12 1 1 1 100 1 11 12 1 1 11 12 1 11 12 1 1 9 12 1 1 9 12 1 1 9 12 1 10 7 12 1 1 1 7 1 10 12 1 1 10 12 1 1 10 7 12 1 1 1 4 10 12 1 11 7 12 1 1 1 10 12 1 10 12 1 1 100 1 10 5 0 10 12 1 9 12 1 10 12 1 1 5 0 10 12 1 10 12 1 9 12 1 1 10 12 1 1 9 12 1 9 12 1 1 10 12 1 1 9 12 1 10 12 1 1 9 12 1 1 10 12 1 1 100 1 10 7 1 10 12 1 10 12 1 1 10 12 1 1 10 12 1 1 10 12 1 10 12 1 1 10 12 1 1 100 1 10 12 1 1 7 1 100 1 8 1 10 12 1 10 12 1 1 10 12 1 1 10 10 12 1 11 12 1 1 11 7 12 1 1 1 11 7 12 1 1 1 11 12 1 7 1 11 12 1 11 12 1 10 12 1 1 10 12 1 1 9 12 1 1 10 100 12 1 1 1 9 10 12 1 1 9 12 1 10 12 1 1 5 0 9 12 1 1 7 1 10 12 1 9 12 1 1 7 1 10 12 1 9 12 1 7 1 10 7 1 10 10 12 1 1 8 1 10 12 1 10 12 1 1 11 100 1 10 12 1 10 100 12 1 1 1 8 1 10 100 12 1 1 1 8 1 10 12 1 8 1 10 12 1 10 12 1 1 10 100 12 1 1 10 12 1 10 12 1 10 12 1 9 12 1 9 10 12 1 9 12 1 1 11 7 12 1 1 1 11 7 12 1 1 1 100 1 10 12 11 7 12 1 1 10 11 7 12 1 10 12 1 100 1 10 12 1 100 1 10 10 9 7 12 1 1 1 3 10 7 12 1 1 9 12 1 10 12 1 1 9 12 1 1 9 12 1 10 12 1 1 10 100 12 1 1 9 12 1 9 7 12 1 1 10 12 1 1 10 12 1 3 9 12 1 9 12 1 10 12 1 1 7 1 9 3 9 12 1 7 1 10 12 1 9 12 1 10 12 1 9 12 1 10 12 1 9 12 1 10 100 12 1 1 1 100 10 12 1 7 1 5 0 10 100 12 1 1 100 1 10 12 1 1 10 12 1 10 12 1 100 1 10 12 1 10 100 1 100 1 10 10 12 1 10 100 1 10 12 1 10 100 1 10 12 1 10 7 1 10 12 1 1 100 1 10 12 1 10 10 12 1 100 1 10 12 1 10 10 12 1 100 1 10 12 1 10 100 1 10 12 1 10 100 1 10 12 1 10 100 1 10 12 1 10 100 1 10 12 1 10 100 1 10 12 1 10 100 1 10 12 1 10 100 1 10 12 1 10 100 1 10 10 100 1 10 10 100 1 10 10 100 1 10 12 1 10 100 1 10 12 1 10 100 1 10 12 1 10 100 1 10 12 1 10 100 1 10 12 1 10 100 1 10 10 100 1 10 10 100 1 10 10 100 1 10 12 1 10 100 1 10 12 1 10 100 1 10 12 1 10 100 1 10 12 1 10 100 1 10 12 1 10 10 12 1 10 7 12 1 1 1 10 12 1 7 1 7 1 10 12 1 9 12 1 1 9 12 1 1 10 12 1 1 8 10 12 1 1 8 8 8 8 7 10 12 1 1 10 12 1 100 1 8 1 10 7 1 7 1 7 1 1 1 5 0 1 1 3 1 3 1 1 1 1 3 1 3 1 3 1 1 1 1 1 3 1 3 1 3 1 1 1 1 1 1 1 1 1 1 1 1 1 1 1 1 1 1 1 1 1 1 1 1 1 100 1 1 1 1 1 1 1 1 1 1 1 1 1 1 1 1 1 1 1 1 1 1 1 1 1 1 1 1 1 1 1 1 1 1 1 1 1 1 1 1 1 1 1 1 1 1 1 1 1 1 1 1 1 1 1 1 1 1 1 1 1 1 1 1 1 1 1 1 1 1 1 1 1 1 1 1 1 1 1 1 1 1 1 1 100 1 1 1 1 1 1 1 1 1 1 1 7 1 1 1 1 1 1 1 1 1 1 1 1 1 1 1 1 1 1 1 1 1 1 1 1 1 1 1 1 1 1 1 1 1 1 1 1 1 1 1 1 1 1 1 1 1 1 1 1 1 1 1 1 1 1 1 1 1 1 1 1 1 1 1 1 1 1 1 1 1 1 1 1 1 1 1 1 1 1 1 1 1 1 1 1 1 1 1 1 1 1 1 1 1 1 1 1 1 1 1 1 1 1 1 1 1 1 1 1 1 1 1 1 1 1 1 1 1 1 1 1 1 1 1 1 1 1 1 1 1 1 1 1 1 1 1 1 1 1 1 1 1 1 1 1 1 1 1 1 1 1 1 1 1 1 1 1 1 1 1 1 1 1 1 1 1 1 1 1 1 1 1 1 1 1 1 1 1 1 1 1 1 1 1 1 1 1 1 1 1 1 1 1 1 1 1 1 1 1 1 1 1 1 1 1 1 1 1 1 1 1 1 1 1 1 1 1 1 1 1 1 1 1 1 100 1 100 1 100 1 100 1 100 1 100 1 100 1 100 1 100 1 1 1 1 1 1 1 1 1 1 1 1 1 1 1 1 1 1 1 1 1 1 1 1 1 1 1 1 1 1 1 1 1 1 1 1 1 1 1 1 1 1 1 1 1 1 1 1 1 1 1 1 1 1 1 1 1 1
staticfield java/util/concurrent/ConcurrentHashMap NCPU I 12
staticfield java/util/concurrent/ConcurrentHashMap serialPersistentFields [Ljava/io/ObjectStreamField; 3 [Ljava/io/ObjectStreamField;
staticfield java/util/concurrent/ConcurrentHashMap U Ljdk/internal/misc/Unsafe; jdk/internal/misc/Unsafe
staticfield java/util/concurrent/ConcurrentHashMap SIZECTL J 20
staticfield java/util/concurrent/ConcurrentHashMap TRANSFERINDEX J 32
staticfield java/util/concurrent/ConcurrentHashMap BASECOUNT J 24
staticfield java/util/concurrent/ConcurrentHashMap CELLSBUSY J 36
staticfield java/util/concurrent/ConcurrentHashMap CELLVALUE J 144
staticfield java/util/concurrent/ConcurrentHashMap ABASE I 16
staticfield java/util/concurrent/ConcurrentHashMap ASHIFT I 2
instanceKlass com/fasterxml/jackson/databind/util/internal/PrivateMaxEntriesMap
instanceKlass java/util/TreeMap$NavigableSubMap
instanceKlass org/springframework/util/ConcurrentReferenceHashMap
instanceKlass java/util/Collections$SingletonMap
instanceKlass java/util/concurrent/ConcurrentSkipListMap
instanceKlass java/util/TreeMap
instanceKlass java/util/IdentityHashMap
instanceKlass java/util/EnumMap
instanceKlass java/util/WeakHashMap
instanceKlass java/util/Collections$EmptyMap
instanceKlass sun/util/PreHashedMap
instanceKlass java/util/HashMap
instanceKlass java/util/ImmutableCollections$AbstractImmutableMap
instanceKlass java/util/concurrent/ConcurrentHashMap
ciInstanceKlass java/util/AbstractMap 1 1 198 10 7 12 1 1 1 10 7 12 1 1 1 11 7 12 1 1 1 10 11 12 1 1 11 7 12 1 1 1 11 12 1 1 7 1 11 12 1 10 12 1 1 11 12 1 100 1 10 11 12 1 11 7 1 10 12 1 1 11 12 1 9 12 1 1 7 1 10 12 1 9 12 1 1 7 1 10 11 11 12 1 1 11 12 1 7 1 100 1 11 12 1 8 1 7 1 10 10 12 1 1 8 1 10 12 1 10 12 1 1 10 12 1 1 1 1 1 1 1 1 1 1 1 1 1 1 1 1 1 1 1 1 1 1 1 1 1 1 1 1 1 1 1 1 1 1 1 1 1 1 1 1 7 1 1 1 1 1 1 1 7 1 1 1 1 1 1 1 1 1 100 1 1 1 1 1 1 1 1 1 100 1 100 1 100 1 100 1 100 1 1 1 1 1 1 1 1
ciInstanceKlass java/util/concurrent/ConcurrentMap 1 1 201 11 7 12 1 1 1 10 100 12 1 1 11 12 1 1 11 100 12 1 1 1 11 7 12 1 1 1 11 12 1 1 100 1 11 12 1 11 12 1 100 1 11 100 12 1 1 1 18 12 1 11 12 1 1 11 100 12 1 1 11 12 1 1 11 100 12 1 11 12 1 1 11 12 1 1 7 1 7 1 1 1 1 1 1 1 1 1 1 1 1 1 1 1 1 1 1 1 1 1 1 1 1 1 1 1 1 1 1 1 1 1 1 1 1 1 1 1 1 1 1 1 1 1 1 1 1 1 1 1 1 1 1 1 1 1 1 1 1 16 15 11 12 15 10 100 12 1 1 1 1 1 100 1 100 1 1 1 100 1 8 1 1 12 10 1 8 1 1 1 8 1 8 1 1 8 1 1 1 8 1 1 1 8 1 1 8 1 8 1 1 1 8 1 1 1 8 1 1 8 1
ciInstanceKlass java/util/Collection 1 1 115 11 7 12 1 1 1 7 1 11 7 12 1 1 1 10 7 12 1 1 1 11 12 1 1 11 7 12 1 1 1 11 12 1 1 11 7 12 1 1 1 11 12 1 1 10 100 12 1 1 1 11 12 1 10 7 12 1 1 1 100 1 100 1 1 1 1 1 1 1 1 1 1 1 1 1 1 1 1 1 1 1 1 1 1 1 1 1 1 1 1 1 1 1 1 1 1 1 1 1 1 1 1 1 1 1 1 1 1 1 1 1 1 1 1
ciInstanceKlass jdk/internal/loader/ClassLoaders 1 1 185 10 7 12 1 1 1 10 7 12 1 1 1 10 12 1 1 10 100 12 1 1 1 9 7 12 1 1 1 9 12 1 1 9 12 1 1 7 1 11 100 12 1 1 1 100 1 11 12 1 1 11 12 1 1 10 100 12 1 1 1 10 100 12 1 1 1 100 1 100 1 10 7 12 1 1 1 9 12 1 1 8 1 10 7 12 1 1 1 10 12 1 1 7 1 10 12 1 10 12 1 1 7 1 10 12 1 1 10 12 1 1 10 12 1 7 1 10 12 10 12 1 8 1 10 7 12 1 1 8 1 8 1 10 12 1 7 1 10 10 12 1 10 12 1 1 1 1 1 1 1 1 1 1 1 1 1 1 1 1 1 1 1 1 7 1 1 1 1 1 1 1 1 1 1 1 1 1 1 1 1 1 1 1 1
staticfield jdk/internal/loader/ClassLoaders JLA Ljdk/internal/access/JavaLangAccess; java/lang/System$2
staticfield jdk/internal/loader/ClassLoaders BOOT_LOADER Ljdk/internal/loader/ClassLoaders$BootClassLoader; jdk/internal/loader/ClassLoaders$BootClassLoader
staticfield jdk/internal/loader/ClassLoaders PLATFORM_LOADER Ljdk/internal/loader/ClassLoaders$PlatformClassLoader; jdk/internal/loader/ClassLoaders$PlatformClassLoader
staticfield jdk/internal/loader/ClassLoaders APP_LOADER Ljdk/internal/loader/ClassLoaders$AppClassLoader; jdk/internal/loader/ClassLoaders$AppClassLoader
instanceKlass jdk/internal/loader/ClassLoaders$BootClassLoader
instanceKlass jdk/internal/loader/ClassLoaders$PlatformClassLoader
instanceKlass jdk/internal/loader/ClassLoaders$AppClassLoader
ciInstanceKlass jdk/internal/loader/BuiltinClassLoader 1 1 737 9 7 12 1 1 1 10 7 12 1 1 1 10 7 12 1 1 1 9 12 1 1 9 12 1 1 7 1 10 12 1 9 12 1 10 12 1 9 12 1 10 7 12 1 1 1 10 7 12 1 1 1 10 7 12 1 1 1 11 7 12 1 1 1 7 1 7 1 10 10 12 1 1 8 1 10 12 1 10 12 7 1 10 12 1 10 12 1 1 11 7 12 1 1 1 11 7 12 1 1 1 11 12 1 1 7 1 8 1 8 1 10 9 12 1 1 10 7 12 1 1 11 12 1 1 10 12 1 1 10 12 1 1 10 12 1 1 10 7 12 1 1 1 10 12 1 10 7 12 1 1 1 10 12 1 1 11 7 12 1 1 1 10 7 12 1 1 7 1 10 7 12 1 1 1 10 12 1 100 1 8 1 10 12 1 1 10 8 1 10 12 1 1 10 12 1 1 10 12 1 1 11 7 12 1 1 11 12 1 7 1 10 11 12 1 1 11 10 12 1 1 7 1 10 12 1 10 7 12 1 10 12 1 7 1 10 12 1 10 7 12 1 1 1 100 1 10 12 1 1 11 12 1 100 1 100 1 10 12 1 10 12 1 1 100 1 100 1 10 12 1 10 12 1 18 12 1 1 10 12 1 10 12 1 1 18 100 1 10 7 12 1 1 1 7 1 10 10 12 1 1 10 12 1 1 10 12 1 1 10 12 1 9 12 1 1 100 1 10 10 12 1 1 10 12 1 1 10 12 1 10 12 10 12 1 1 10 12 1 1 10 12 1 1 10 12 1 10 12 1 1 18 12 1 7 1 10 12 1 1 10 12 1 10 12 1 1 10 12 1 100 1 10 12 1 7 1 10 12 1 10 7 12 1 1 1 10 12 1 11 12 1 7 1 10 12 1 7 1 100 1 10 12 1 10 12 1 11 12 1 1 10 12 1 1 10 12 1 1 10 12 1 1 10 12 1 1 10 12 1 10 12 1 10 12 1 10 12 1 8 1 10 12 1 1 10 7 12 1 1 10 12 1 100 1 8 1 8 1 10 10 12 1 8 1 8 1 10 7 12 1 1 1 11 7 12 1 1 1 9 7 12 1 1 1 10 7 12 1 1 1 9 12 1 9 12 1 9 12 1 9 12 1 9 12 1 9 12 1 10 7 12 1 1 1 8 1 10 12 1 7 1 10 12 1 1 10 12 1 7 1 10 11 12 1 1 10 12 10 12 1 10 12 1 100 1 10 12 1 10 12 1 10 10 12 1 10 7 12 1 1 8 1 10 7 12 1 1 10 12 1 1 1 1 1 1 1 1 1 1 1 1 1 1 1 1 1 1 1 1 1 1 1 1 1 1 1 1 1 1 1 1 1 1 1 1 1 1 1 1 1 1 1 1 1 1 1 1 1 1 1 1 1 1 1 1 7 1 1 1 1 1 1 1 1 1 1 1 1 1 1 1 1 1 1 7 1 7 1 1 1 1 1 1 1 1 1 1 1 1 1 1 1 1 1 1 1 1 1 1 1 1 1 1 1 1 1 1 1 1 1 1 1 1 1 1 1 1 1 1 1 1 1 1 1 1 1 1 1 100 1 1 16 15 10 12 16 15 10 12 16 15 10 12 16 1 15 10 100 12 1 1 1 1 1 100 1 1 1 1 1 100 1 100 1 1
staticfield jdk/internal/loader/BuiltinClassLoader packageToModule Ljava/util/Map; java/util/concurrent/ConcurrentHashMap
staticfield jdk/internal/loader/BuiltinClassLoader $assertionsDisabled Z 1
ciInstanceKlass jdk/internal/loader/ClassLoaders$AppClassLoader 1 1 119 8 1 10 7 12 1 1 1 10 7 12 1 1 1 10 7 12 1 1 1 10 12 1 1 10 7 12 1 1 1 10 12 1 1 10 12 1 1 7 1 8 1 10 12 10 7 12 1 1 1 10 7 12 1 1 10 12 1 1 10 12 1 1 10 7 12 1 1 1 7 1 10 12 1 1 1 1 1 1 1 1 1 1 1 1 1 1 1 1 1 1 1 1 1 7 1 1 1 1 1 1 1 1 1 1 1 1 1 1 1 1 1 1 1 7 1 1 1
ciInstanceKlass jdk/internal/loader/ClassLoaders$PlatformClassLoader 1 1 42 8 1 10 7 12 1 1 1 10 7 12 1 1 1 7 1 10 12 1 7 1 1 1 1 1 1 1 1 1 1 1 1 1 1 7 1 1 1 100 1 1
ciInstanceKlass java/lang/ArithmeticException 1 1 26 10 100 12 1 1 1 10 12 1 100 1 1 1 1 5 0 1 1 1 1 1 1 1 1 1
ciInstanceKlass java/lang/ArrayStoreException 1 1 26 10 100 12 1 1 1 10 12 1 100 1 1 1 1 5 0 1 1 1 1 1 1 1 1 1
ciInstanceKlass java/lang/ClassCastException 1 1 26 10 100 12 1 1 1 10 12 1 100 1 1 1 1 5 0 1 1 1 1 1 1 1 1 1
ciInstanceKlass java/lang/ClassNotFoundException 1 1 96 7 1 10 7 12 1 1 1 10 12 1 10 12 1 1 10 100 12 1 1 1 8 1 10 100 12 1 1 1 10 7 12 1 1 10 100 12 1 1 1 10 100 12 1 1 1 10 12 1 1 7 1 10 12 1 9 12 1 1 1 1 1 5 0 1 1 1 1 1 1 1 1 1 1 1 1 1 1 1 1 1 1 100 1 1 1 1 1 1 1 1 1 1 1 1
staticfield java/lang/ClassNotFoundException serialPersistentFields [Ljava/io/ObjectStreamField; 1 [Ljava/io/ObjectStreamField;
instanceKlass java/security/InvalidParameterException
instanceKlass java/nio/channels/UnresolvedAddressException
instanceKlass java/nio/charset/IllegalCharsetNameException
instanceKlass java/nio/charset/UnsupportedCharsetException
instanceKlass java/util/regex/PatternSyntaxException
instanceKlass org/springframework/aop/framework/adapter/UnknownAdviceTypeException
instanceKlass org/springframework/util/PlaceholderResolutionException
instanceKlass java/lang/NumberFormatException
ciInstanceKlass java/lang/IllegalArgumentException 1 1 35 10 7 12 1 1 1 10 12 1 10 12 1 10 12 1 100 1 1 1 1 5 0 1 1 1 1 1 1 1 1 1 1 1 1
ciInstanceKlass java/lang/IllegalMonitorStateException 1 1 26 10 100 12 1 1 1 10 12 1 100 1 1 1 1 5 0 1 1 1 1 1 1 1 1 1
ciInstanceKlass java/lang/BootstrapMethodError 0 0 45 10 100 12 1 1 1 10 12 1 10 12 1 10 100 12 1 1 1 10 100 12 1 1 1 1 1 1 5 0 1 1 1 1 1 1 1 1 1 1 1 100 1 1 1
instanceKlass java/lang/ExceptionInInitializerError
instanceKlass java/lang/ClassFormatError
instanceKlass java/lang/IncompatibleClassChangeError
instanceKlass java/lang/BootstrapMethodError
instanceKlass java/lang/NoClassDefFoundError
ciInstanceKlass java/lang/LinkageError 1 1 31 10 7 12 1 1 1 10 12 1 10 12 1 100 1 1 1 1 5 0 1 1 1 1 1 1 1 1 1 1 1
ciInstanceKlass java/lang/NullPointerException 1 1 52 10 7 12 1 1 1 10 12 1 9 7 12 1 1 1 10 12 1 1 9 12 1 1 10 12 1 1 10 12 1 1 1 1 5 0 1 1 1 1 1 1 1 1 100 1 100 1 100 1 1 1
ciInstanceKlass java/lang/NoClassDefFoundError 0 0 26 10 100 12 1 1 1 10 12 1 100 1 1 1 1 5 0 1 1 1 1 1 1 1 1 1
ciInstanceKlass java/lang/StackOverflowError 1 1 26 10 100 12 1 1 1 10 12 1 100 1 1 1 1 5 0 1 1 1 1 1 1 1 1 1
ciInstanceKlass java/lang/StackTraceElement 1 1 235 10 7 12 1 1 1 10 7 12 1 1 9 12 1 1 9 12 1 1 9 12 1 9 12 1 8 1 10 100 12 1 1 1 7 1 9 12 1 8 1 9 12 1 9 12 1 9 12 1 1 10 12 1 1 10 12 1 8 1 10 100 12 1 1 1 7 1 10 12 1 10 12 1 1 10 12 1 10 12 1 1 10 12 1 10 12 1 10 10 12 1 8 1 10 12 1 10 12 1 1 10 12 1 1 10 12 1 10 12 1 10 12 1 9 12 1 1 10 7 12 1 1 1 10 12 1 1 7 1 10 12 1 1 10 7 12 1 1 10 7 12 1 1 1 10 7 12 1 1 10 7 12 1 1 10 10 12 1 1 10 12 1 1 10 12 1 1 10 12 1 7 1 1 1 1 1 1 1 3 1 3 1 1 5 0 1 1 1 1 1 1 1 1 1 1 1 1 1 1 1 1 1 1 1 1 1 1 1 1 1 1 1 1 1 7 1 7 1 1 1 1 1 1 1 100 1 1 1 1 1 1 1 1 1
instanceKlass java/util/concurrent/locks/AbstractQueuedSynchronizer
ciInstanceKlass java/util/concurrent/locks/AbstractOwnableSynchronizer 1 1 32 10 7 12 1 1 1 9 7 12 1 1 1 100 1 1 1 1 5 0 1 1 1 1 1 1 1 1 1 1 1 1
ciInstanceKlass java/lang/StringCoding 1 1 49 10 100 12 1 1 1 10 7 12 1 1 1 10 100 12 1 1 1 1 1 1 1 1 1 1 1 1 1 1 1 1 1 1 1 1 1 1 1 1 1 1 1 1 1 1 1 1 1
ciMethod java/lang/StringCoding countPositives ([BII)I 256 10822 1332 0 -1
ciMethod java/lang/StringCoding hasNegatives ([BII)Z 68 0 9940 0 0
ciInstanceKlass jdk/internal/vm/Continuation 1 1 549 9 7 12 1 1 1 9 12 1 9 12 1 100 1 7 1 10 12 1 1 8 1 10 12 1 1 10 12 1 10 12 1 1 10 12 1 9 7 12 1 1 1 11 100 12 1 1 1 10 7 1 9 12 1 1 9 12 1 1 10 8 1 10 12 1 9 12 1 1 10 11 12 1 1 100 1 10 100 12 1 1 1 10 12 1 1 10 12 1 10 12 1 1 11 12 1 1 9 12 1 1 10 12 1 1 18 12 1 1 10 7 12 1 1 1 100 1 10 12 1 11 100 12 1 1 1 10 12 1 9 12 1 10 12 1 1 100 1 8 1 10 12 1 10 12 1 1 9 12 1 1 11 12 1 1 9 12 1 1 8 1 10 11 12 1 1 11 12 1 1 10 12 1 1 10 12 1 1 9 12 1 10 12 1 10 10 12 1 8 1 10 12 1 8 1 8 1 10 7 12 1 1 1 10 7 12 1 1 1 10 12 1 9 12 1 11 12 1 7 1 10 12 1 10 12 1 1 9 12 1 1 7 1 10 12 1 1 9 12 1 1 10 12 1 10 12 1 11 7 12 1 1 10 7 1 10 12 1 8 1 9 12 1 10 12 1 1 9 12 1 1 10 7 12 1 1 8 1 8 1 8 1 8 1 10 12 1 1 10 12 1 10 12 1 10 12 1 10 12 1 1 10 12 1 1 8 1 10 12 1 1 9 12 1 1 10 12 1 1 9 12 1 8 1 10 7 12 1 1 1 10 12 1 8 1 100 1 8 1 10 9 12 1 1 8 1 10 7 12 1 1 10 100 12 1 1 8 1 8 1 10 12 10 7 12 1 1 1 10 7 1 10 7 12 1 1 1 18 11 100 12 1 1 1 18 12 1 11 12 1 1 7 1 10 7 12 1 1 10 12 1 1 8 10 12 1 1 10 7 12 1 1 1 10 7 12 1 1 10 12 1 8 1 10 12 1 7 1 7 1 10 12 1 1 1 1 1 1 1 1 1 1 1 1 1 1 1 1 1 1 1 1 1 1 1 1 1 1 1 1 1 1 1 1 1 1 1 1 1 1 1 1 1 1 1 1 1 1 1 1 1 1 1 1 1 1 1 1 1 1 1 1 1 1 1 1 1 1 1 1 1 1 1 1 1 1 1 100 1 1 16 1 15 10 12 16 15 11 7 12 1 1 1 16 1 16 1 15 10 12 16 15 10 100 12 1 1 1 1 1 1 1 1 100 1 100 1 1
staticfield jdk/internal/vm/Continuation U Ljdk/internal/misc/Unsafe; jdk/internal/misc/Unsafe
staticfield jdk/internal/vm/Continuation MOUNTED_OFFSET J 13
staticfield jdk/internal/vm/Continuation PRESERVE_SCOPED_VALUE_CACHE Z 1
staticfield jdk/internal/vm/Continuation JLA Ljdk/internal/access/JavaLangAccess; java/lang/System$2
staticfield jdk/internal/vm/Continuation $assertionsDisabled Z 1
ciInstanceKlass jdk/internal/misc/UnsafeConstants 1 1 34 10 100 12 1 1 1 9 7 12 1 1 1 9 12 1 9 12 1 1 9 12 1 9 12 1 1 1 1 1 1 1 1 1
staticfield jdk/internal/misc/UnsafeConstants ADDRESS_SIZE0 I 8
staticfield jdk/internal/misc/UnsafeConstants PAGE_SIZE I 4096
staticfield jdk/internal/misc/UnsafeConstants BIG_ENDIAN Z 0
staticfield jdk/internal/misc/UnsafeConstants UNALIGNED_ACCESS Z 1
staticfield jdk/internal/misc/UnsafeConstants DATA_CACHE_LINE_FLUSH_SIZE I 0
ciInstanceKlass jdk/internal/misc/ScopedMemoryAccess 1 1 1420 10 7 12 1 1 1 10 7 12 1 1 1 9 12 1 1 10 12 1 1 100 1 10 12 1 1 10 100 12 1 1 9 12 1 1 10 7 12 1 1 1 10 7 12 1 1 1 10 12 1 1 10 12 1 1 10 12 1 1 10 12 1 1 10 12 1 1 10 7 12 1 1 1 10 12 1 1 10 100 12 1 1 1 11 100 12 1 1 1 10 12 1 1 11 12 1 1 10 12 1 11 12 1 10 12 1 1 11 12 1 1 10 100 12 1 1 1 10 12 1 1 10 12 1 1 10 12 1 1 10 100 12 1 1 100 1 10 12 1 1 10 12 1 1 10 12 1 1 10 12 1 1 10 12 1 1 10 12 1 1 10 12 1 1 10 12 1 1 10 12 1 1 10 12 1 1 10 12 1 10 12 1 10 12 1 10 12 1 10 12 1 10 12 1 10 12 1 10 12 1 10 12 1 10 12 1 10 12 1 10 12 1 10 12 1 1 10 12 1 1 10 12 1 10 12 1 10 12 1 10 12 1 10 12 1 10 12 1 10 12 1 10 12 1 10 12 1 10 12 1 10 12 1 10 12 1 10 12 1 10 12 1 10 12 1 10 12 1 10 12 1 10 12 1 10 12 1 10 12 1 10 12 1 10 12 1 10 12 1 1 10 12 1 1 10 12 1 1 10 12 1 1 10 12 1 1 10 12 1 1 10 12 1 1 10 12 1 1 10 12 1 10 12 1 10 12 1 10 12 1 10 12 1 10 12 1 10 12 1 10 12 1 10 12 1 10 12 1 10 12 1 10 12 1 10 12 1 1 10 12 1 1 10 12 1 10 12 1 10 12 1 10 12 1 10 12 1 10 12 1 10 12 1 10 12 1 10 12 1 10 12 1 10 12 1 10 12 1 10 12 1 10 12 1 10 12 1 10 12 1 10 12 1 10 12 1 10 12 1 10 12 1 10 12 1 10 12 1 10 12 1 1 10 12 1 1 10 12 1 1 10 12 1 1 10 12 1 1 10 12 1 1 10 12 1 1 10 12 1 1 10 12 1 10 12 1 10 12 1 10 12 1 10 12 1 10 12 1 10 12 1 10 12 1 10 12 1 10 12 1 10 12 1 10 12 1 10 12 1 1 10 12 1 1 10 12 1 10 12 1 10 12 1 10 12 1 10 12 1 10 12 1 10 12 1 10 12 1 10 12 1 10 12 1 10 12 1 10 12 1 10 12 1 10 12 1 10 12 1 10 12 1 10 12 1 10 12 1 10 12 1 10 12 1 10 12 1 10 12 1 10 12 1 1 10 12 1 1 10 12 1 1 10 12 1 1 10 12 1 1 10 12 1 1 10 12 1 1 10 12 1 1 10 12 1 10 12 1 10 12 1 10 12 1 10 12 1 10 12 1 10 12 1 10 12 1 10 12 1 10 12 1 10 12 1 10 12 1 10 12 1 1 10 12 1 1 10 12 1 1 10 12 1 1 10 12 1 10 12 1 10 12 1 10 12 1 10 12 1 10 12 1 10 12 1 10 12 1 10 12 1 10 12 1 10 12 1 10 12 1 10 12 1 1 10 12 1 1 10 12 1 10 12 1 10 12 1 10 12 1 10 12 1 10 12 1 10 12 1 10 12 1 10 12 1 10 12 1 10 12 1 10 12 1 10 12 1 10 12 1 10 12 1 10 12 1 10 12 1 10 12 1 10 12 1 10 12 1 10 12 1 10 12 1 10 12 1 10 12 1 10 12 1 10 12 1 10 12 1 10 12 1 10 12 1 1 10 12 1 1 10 12 1 1 10 12 1 1 10 12 1 1 10 12 1 1 10 12 1 1 10 12 1 1 10 12 1 10 12 1 10 12 1 10 12 1 10 12 1 10 12 1 10 12 1 10 12 1 10 12 1 10 12 1 10 12 1 10 12 1 10 12 1 1 10 12 1 1 10 12 1 1 10 12 1 1 10 12 1 10 12 1 10 12 1 10 12 1 10 12 1 10 12 1 10 12 1 10 12 1 10 12 1 10 12 1 10 12 1 10 12 1 10 12 1 1 10 12 1 1 10 12 1 10 12 1 10 12 1 10 12 1 10 12 1 10 12 1 10 12 1 10 12 1 10 12 1 10 12 1 10 12 1 10 12 1 10 12 1 10 12 1 10 12 1 10 12 1 10 12 1 10 12 1 10 12 1 10 12 1 10 12 1 10 12 1 10 12 1 10 12 1 10 12 1 10 12 1 10 12 1 10 12 1 10 12 1 1 10 12 1 1 10 12 1 1 10 12 1 1 10 12 1 10 12 1 10 12 1 10 12 1 10 12 1 10 12 1 10 12 1 10 12 1 10 12 1 10 12 1 10 12 1 10 12 1 10 12 1 1 10 12 1 1 10 12 1 1 10 12 1 1 10 12 1 10 12 1 10 12 1 10 12 1 10 12 1 10 12 1 10 12 1 10 12 1 10 12 1 10 12 1 10 12 1 10 12 1 10 12 1 1 10 12 1 1 10 12 1 10 12 1 10 12 1 10 12 1 10 12 1 10 12 1 10 12 1 10 12 1 10 12 1 10 12 1 10 12 1 1 10 12 1 1 10 12 1 1 10 12 1 1 10 12 1 10 12 1 10 12 1 10 12 1 10 12 1 10 12 1 10 12 1 10 12 1 10 12 1 10 12 1 10 12 1 10 12 1 10 12 1 1 10 12 1 1 10 12 1 1 10 12 1 1 10 12 1 10 12 1 10 12 1 10 12 1 10 12 1 10 12 1 10 12 1 10 12 1 10 12 1 10 12 1 10 12 1 10 12 1 10 12 1 1 10 12 1 1 10 12 1 10 12 1 10 12 1 10 12 1 10 12 1 10 12 1 10 12 1 10 12 1 10 12 1 10 12 1 10 12 1 1 10 12 1 10 1 1 1 1 1 1 1 1 1 1 1 1 1 1 1 1 1 1 1 1 1 1 1 1 100 1 1 1 1 1 1 1 1 1 1 1 1 1 1 1 1 1 1 1 1 1 1 1 1 1 1 1 1 1 1 1 1 1 1 1 1 1 1 1 1 1 1 1 1 1 1 1 1 1 1 1 1 1 1 1 1 1 1 1 1 1 1 1 1 1 1 1 1 1 1 1 1 1 1 1 1 1 1 1 1 1 100 1 1 1 100 1 1 100 1 1 1 100 1 1 100 1 1 100 1 1 100 1 1 100 1 1 1
staticfield jdk/internal/misc/ScopedMemoryAccess UNSAFE Ljdk/internal/misc/Unsafe; jdk/internal/misc/Unsafe
staticfield jdk/internal/misc/ScopedMemoryAccess theScopedMemoryAccess Ljdk/internal/misc/ScopedMemoryAccess; jdk/internal/misc/ScopedMemoryAccess
ciMethod jdk/internal/misc/ScopedMemoryAccess putShortUnaligned (Ljdk/internal/foreign/MemorySessionImpl;Ljava/lang/Object;JSZ)V 514 0 5378 0 -1
ciMethod jdk/internal/misc/ScopedMemoryAccess putIntUnaligned (Ljdk/internal/foreign/MemorySessionImpl;Ljava/lang/Object;JIZ)V 520 0 5385 0 -1
ciMethod jdk/internal/misc/ScopedMemoryAccess putShortUnalignedInternal (Ljdk/internal/foreign/MemorySessionImpl;Ljava/lang/Object;JSZ)V 514 0 5378 0 -1
ciMethod jdk/internal/misc/ScopedMemoryAccess putIntUnalignedInternal (Ljdk/internal/foreign/MemorySessionImpl;Ljava/lang/Object;JIZ)V 520 0 5385 0 -1
ciInstanceKlass java/lang/invoke/LambdaForm 1 1 1060 7 1 100 1 10 7 12 1 1 1 9 12 1 1 9 12 1 9 12 1 9 12 1 1 9 12 1 1 9 12 1 1 9 12 1 1 9 12 1 1 9 12 1 10 7 12 1 1 9 12 1 10 12 1 1 100 1 10 10 12 1 1 10 12 1 10 12 1 10 12 1 1 10 12 1 9 12 1 9 12 1 10 12 1 1 10 7 12 1 1 1 10 12 1 1 9 100 12 1 1 1 10 12 1 1 9 7 12 1 1 10 12 1 10 12 1 1 10 12 1 1 10 12 1 1 7 1 10 7 12 1 1 1 10 12 1 1 10 12 1 10 12 1 1 9 12 1 1 9 12 1 9 12 1 1 10 12 1 9 12 1 10 100 12 1 1 1 10 12 1 1 7 1 10 12 1 9 12 1 1 10 7 12 1 1 1 10 12 1 10 12 1 7 1 10 12 1 10 12 1 10 12 1 1 10 12 1 1 10 12 1 10 12 1 10 12 1 10 12 1 1 8 1 10 12 1 10 12 1 10 10 12 1 8 1 8 1 9 12 1 9 12 1 1 10 12 1 1 10 12 1 9 12 1 10 12 1 1 10 7 12 1 1 1 10 12 1 1 10 12 1 10 12 1 10 100 12 1 1 1 9 12 1 10 12 1 8 1 8 1 8 1 8 1 8 1 8 1 8 1 8 1 10 12 1 9 12 1 7 1 10 12 1 1 9 12 1 10 12 1 10 12 1 1 10 12 10 12 1 10 12 1 1 10 12 1 1 10 10 12 1 1 10 12 1 1 7 1 8 1 10 12 1 1 10 12 1 10 12 1 1 10 8 1 10 12 1 1 8 1 8 1 8 1 10 12 1 10 12 1 10 12 1 1 100 1 10 12 1 1 10 12 1 1 10 7 12 1 1 1 10 12 1 1 9 12 1 1 8 1 10 100 12 1 1 1 10 7 12 1 1 10 12 10 12 1 1 10 12 1 1 9 12 1 8 10 12 1 1 100 1 10 12 1 1 10 12 1 9 7 12 1 1 9 7 12 1 1 1 8 1 10 100 12 1 1 10 12 1 1 7 1 7 1 10 10 12 1 1 10 12 1 1 8 1 8 1 7 1 8 1 10 12 10 12 1 10 12 1 10 12 1 1 8 1 8 1 10 12 1 10 12 1 1 8 1 8 1 8 1 7 1 8 1 7 1 8 1 7 1 8 1 10 12 1 8 1 9 10 7 12 1 1 1 10 12 1 9 12 1 1 10 12 1 10 10 12 1 10 12 1 10 12 1 10 12 1 1 10 12 1 10 12 1 1 10 12 1 1 10 12 1 1 10 12 1 1 8 1 100 10 12 1 10 12 1 9 12 1 1 10 7 12 1 1 8 1 8 1 7 1 8 1 8 1 8 1 8 1 8 1 8 1 8 1 8 1 10 12 1 1 10 12 1 1 10 12 1 10 12 1 10 12 1 10 12 1 8 1 8 1 8 1 10 12 1 8 1 10 12 1 8 1 8 1 8 1 8 1 8 1 10 12 1 10 12 1 10 12 1 1 10 7 12 1 1 1 10 12 1 10 12 1 10 12 1 10 12 1 10 12 1 10 12 1 10 12 1 9 12 1 1 8 1 10 12 1 1 9 12 1 1 10 12 1 1 9 12 1 9 12 1 1 9 12 1 9 12 1 1 7 1 10 7 12 1 1 1 9 12 1 10 12 1 10 12 1 8 1 10 12 1 9 12 1 1 7 1 10 7 12 1 1 1 8 1 100 1 10 12 1 9 12 1 9 12 1 10 12 1 10 12 1 10 7 12 1 1 1 10 12 1 9 7 12 1 1 10 12 1 1 10 12 1 10 12 1 10 12 1 9 12 10 12 1 10 10 12 1 9 12 1 9 9 12 1 7 9 12 1 1 10 12 1 1 9 12 1 10 12 1 10 7 1 9 1 1 1 1 3 1 3 1 1 3 1 3 1 1 1 1 1 1 1 1 1 1 1 1 1 1 1 1 1 1 1 1 1 1 1 1 1 1 1 1 1 1 1 1 1 1 1 1 1 1 1 1 1 1 1 1 1 1 1 1 1 1 1 100 1 1 1 1 1 1 1 1 1 1 1 1 1 1 1 1 1 1 1 1 1 1 1 1 1 1 1 1 1 1 1 1 1 1 1 1 1 1 1 1 1 1 1 1 1 1 1 1 1 1 1 1 1 1 1 1 1 1 1 1 1 1 1 100 1 1 1 1 1 1 1 1 1 1 1 1 1 1 1 1 1 1 1 1 1 1 1 1 1 1 1 1 1 1 1 1 1 1 7 1 1 1 1 1 1 1 1 1 1 1 1 1 1 1 1 1 1 1 1 1 1 100 1 1 1 100 1 1 7 1 1 1 1 1 1 1 1 1 1 1
staticfield java/lang/invoke/LambdaForm DEFAULT_CUSTOMIZED Ljava/lang/invoke/MethodHandle; null
staticfield java/lang/invoke/LambdaForm DEFAULT_KIND Ljava/lang/invoke/LambdaForm$Kind; java/lang/invoke/LambdaForm$Kind
staticfield java/lang/invoke/LambdaForm COMPILE_THRESHOLD I 0
staticfield java/lang/invoke/LambdaForm INTERNED_ARGUMENTS [[Ljava/lang/invoke/LambdaForm$Name; 5 [[Ljava/lang/invoke/LambdaForm$Name;
staticfield java/lang/invoke/LambdaForm IMPL_NAMES Ljava/lang/invoke/MemberName$Factory; java/lang/invoke/MemberName$Factory
staticfield java/lang/invoke/LambdaForm LF_identity [Ljava/lang/invoke/LambdaForm; 6 [Ljava/lang/invoke/LambdaForm;
staticfield java/lang/invoke/LambdaForm LF_zero [Ljava/lang/invoke/LambdaForm; 6 [Ljava/lang/invoke/LambdaForm;
staticfield java/lang/invoke/LambdaForm NF_identity [Ljava/lang/invoke/LambdaForm$NamedFunction; 6 [Ljava/lang/invoke/LambdaForm$NamedFunction;
staticfield java/lang/invoke/LambdaForm NF_zero [Ljava/lang/invoke/LambdaForm$NamedFunction; 6 [Ljava/lang/invoke/LambdaForm$NamedFunction;
staticfield java/lang/invoke/LambdaForm createFormsLock Ljava/lang/Object; java/lang/Object
staticfield java/lang/invoke/LambdaForm DEBUG_NAME_COUNTERS Ljava/util/HashMap; null
staticfield java/lang/invoke/LambdaForm DEBUG_NAMES Ljava/util/HashMap; null
staticfield java/lang/invoke/LambdaForm TRACE_INTERPRETER Z 0
staticfield java/lang/invoke/LambdaForm $assertionsDisabled Z 1
ciInstanceKlass java/lang/invoke/MemberName 1 1 728 7 1 7 1 100 1 9 12 1 1 10 7 12 1 1 1 9 12 1 1 10 12 1 1 10 12 1 1 10 12 1 1 10 12 1 10 12 1 1 10 7 12 1 1 1 10 12 1 9 7 12 1 1 10 12 1 7 1 7 1 10 12 1 8 1 10 12 1 1 10 12 1 10 12 1 1 10 12 1 9 12 1 1 8 1 10 100 12 1 1 1 7 1 10 10 12 1 1 7 1 7 1 10 12 1 9 12 1 1 100 1 8 1 10 12 1 10 12 1 10 12 1 10 12 1 10 12 1 1 10 12 1 10 12 1 10 12 1 1 8 1 8 1 10 12 1 8 1 9 12 1 1 3 10 12 1 10 12 1 10 12 1 10 10 7 12 1 1 1 10 12 1 10 12 1 10 12 1 10 12 1 7 1 8 10 12 1 1 10 12 1 1 8 1 9 7 1 8 9 7 1 10 12 1 1 10 12 1 10 12 1 8 1 10 12 1 1 10 12 1 10 12 1 10 12 1 10 12 1 1 7 1 10 12 1 1 10 12 1 8 1 10 12 1 10 12 1 8 1 10 12 1 1 10 12 1 1 7 1 10 12 1 1 10 12 8 1 8 1 7 1 10 12 1 10 100 12 1 1 1 100 1 10 12 10 12 1 10 12 1 10 12 1 10 12 1 10 10 12 1 10 12 1 10 12 1 3 10 12 1 3 10 12 1 3 3 3 3 3 3 10 12 1 3 9 12 1 10 12 1 1 3 10 12 1 10 10 7 12 1 1 1 10 12 1 1 10 7 12 1 1 10 10 12 1 10 12 1 1 10 12 1 10 10 12 1 1 10 12 1 10 12 1 10 12 1 7 1 10 10 10 12 100 1 10 10 10 12 1 1 10 12 1 1 10 10 12 1 8 10 7 1 10 12 1 10 7 1 10 12 1 10 12 1 10 12 1 10 10 12 1 10 12 1 1 10 12 1 1 10 12 1 10 12 1 10 12 1 100 1 10 12 1 1 100 1 8 1 10 7 1 10 12 1 10 12 10 12 1 1 10 12 1 10 12 1 8 1 8 1 8 1 8 1 10 12 1 10 12 1 10 7 12 1 1 1 8 1 8 1 10 12 1 8 1 10 10 10 12 1 10 12 1 8 1 8 1 10 10 12 1 8 1 10 100 12 1 1 1 8 1 100 1 10 12 1 10 12 1 1 10 12 1 8 1 8 1 8 1 8 1 100 1 10 8 1 8 1 8 1 8 1 10 12 1 100 1 100 1 100 1 10 100 1 10 7 1 10 7 12 1 1 1 9 7 12 1 1 1 7 1 7 1 1 1 1 1 1 1 3 1 3 1 3 1 3 1 3 1 3 1 1 1 1 1 1 1 1 3 1 3 1 1 1 1 1 1 1 1 1 1 1 1 1 1 1 1 1 1 1 1 1 1 1 1 1 1 1 1 1 1 1 1 1 1 1 1 1 1 1 1 1 1 1 1 1 1 1 1 1 1 1 1 1 1 1 1 1 1 1 1 1 1 1 1 1 1 1 1 1 1 1 1 1 1 1 1 1 1 1 1 1 1 1 1 1 1 1 1 1 1 1 1 1 1 1 1 1 1 1 7 1 1 1 1 1 1 1 1 1 1 1 1 1 1 1 1
staticfield java/lang/invoke/MemberName $assertionsDisabled Z 1
instanceKlass java/lang/invoke/LazyInitializingVarHandle
instanceKlass java/lang/invoke/VarHandleReferences$FieldStaticReadOnly
instanceKlass java/lang/invoke/VarHandleLongs$FieldInstanceReadOnly
instanceKlass java/lang/invoke/VarHandleReferences$Array
instanceKlass java/lang/invoke/VarHandleLongs$Array
instanceKlass java/lang/invoke/VarHandleBooleans$FieldInstanceReadOnly
instanceKlass java/lang/invoke/VarHandleByteArrayAsDoubles$ByteArrayViewVarHandle
instanceKlass java/lang/invoke/VarHandleByteArrayAsLongs$ByteArrayViewVarHandle
instanceKlass java/lang/invoke/VarHandleByteArrayAsFloats$ByteArrayViewVarHandle
instanceKlass java/lang/invoke/VarHandleByteArrayAsInts$ByteArrayViewVarHandle
instanceKlass java/lang/invoke/VarHandleByteArrayAsChars$ByteArrayViewVarHandle
instanceKlass java/lang/invoke/VarHandleByteArrayAsShorts$ByteArrayViewVarHandle
instanceKlass java/lang/invoke/VarHandleReferences$FieldInstanceReadOnly
instanceKlass java/lang/invoke/VarHandleInts$FieldInstanceReadOnly
ciInstanceKlass java/lang/invoke/VarHandle 1 1 474 10 7 12 1 1 1 10 7 12 1 1 9 12 1 1 9 12 1 1 10 12 1 1 8 1 10 12 1 1 10 7 12 1 1 1 10 12 1 1 10 7 12 1 1 1 9 100 12 1 1 1 10 12 1 1 10 7 12 1 1 1 10 12 1 1 9 12 1 10 12 1 9 12 1 1 10 100 12 1 1 10 12 1 9 100 12 1 1 1 9 12 1 1 10 12 1 1 100 1 7 1 10 8 1 10 12 1 1 10 12 1 8 1 10 12 1 10 12 1 9 12 1 1 9 12 1 10 12 1 10 12 1 1 10 12 1 10 10 100 12 1 1 1 10 12 1 1 10 12 1 1 10 7 12 1 1 1 10 100 12 1 1 1 10 100 12 1 1 1 9 12 1 1 9 10 12 1 10 12 1 1 10 12 1 1 10 12 1 10 7 12 1 1 1 9 12 1 1 10 12 1 1 9 12 1 10 12 1 10 12 1 10 7 12 1 1 100 1 10 9 7 12 1 1 1 9 12 1 1 10 7 12 1 1 1 10 12 1 10 12 1 10 12 1 10 12 1 10 12 1 10 12 1 1 8 10 12 1 1 7 1 10 12 1 1 7 1 1 1 1 1 1 1 1 1 1 1 1 1 1 1 1 1 1 1 1 1 1 1 1 1 1 1 1 1 1 1 1 1 1 1 1 1 1 1 1 1 1 1 1 1 1 1 1 1 1 1 1 1 1 1 1 1 1 1 1 1 1 1 1 1 100 1 1 1 1 1 1 1 1 100 1 1 1 1 1 1 1 1 1 1 1 1 100 1 100 1 1 100 1 100 1 100 1 100 1 100 1 100 1 100 1 100 1 100 1 100 1 100 1 100 1 100 1 100 1 100 1 100 1 100 1 100 1 100 1 100 1 100 1 100 1 100 1 100 1 100 1 100 1 100 1 100 1 100 1 100 1 100 1 100 1 100 1 100 1 100 1 100 1 1 1 1 1 1 100 1 1 1 100 1 1 100 1 100 1 100 1 100 1 100 1 100 1 1 1 1 100 1 100 1 100 1 100 1 100 1 100 1 100 1 100 1
staticfield java/lang/invoke/VarHandle VFORM_OFFSET J 16
staticfield java/lang/invoke/VarHandle $assertionsDisabled Z 1
ciInstanceKlass java/lang/Iterable 1 1 62 10 7 12 1 1 1 11 7 12 1 1 1 11 7 12 1 1 1 11 12 1 1 11 7 12 1 1 1 10 7 12 1 1 1 100 1 1 1 1 1 1 1 1 1 1 1 1 1 1 1 1 1 1 1 1 1 1 1 1 1 1
instanceKlass jdk/internal/reflect/DirectMethodHandleAccessor
ciInstanceKlass jdk/internal/reflect/MethodAccessorImpl 1 1 38 10 7 12 1 1 1 10 100 12 1 1 1 100 1 1 1 1 1 1 1 100 1 100 1 1 1 1 1 1 1 1 1 1 1 1 1 1
ciInstanceKlass jdk/internal/reflect/MethodAccessor 1 0 17 100 1 100 1 1 1 1 100 1 100 1 1 1 1 1 1
instanceKlass jdk/internal/reflect/FieldAccessorImpl
instanceKlass jdk/internal/reflect/ConstructorAccessorImpl
instanceKlass jdk/internal/reflect/MethodAccessorImpl
ciInstanceKlass jdk/internal/reflect/MagicAccessorImpl 1 1 16 10 7 12 1 1 1 100 1 1 1 1 1 1 1 1
ciInstanceKlass jdk/internal/reflect/DelegatingClassLoader 0 0 18 10 100 12 1 1 1 100 1 1 1 1 1 1 1 1 1 1
ciInstanceKlass java/util/Objects 1 1 184 10 7 12 1 1 1 100 1 8 1 10 12 1 10 12 1 1 10 7 12 1 1 1 10 12 1 1 10 12 1 10 7 12 1 1 1 10 12 1 1 10 7 12 1 1 1 7 1 10 10 12 1 1 10 7 12 1 1 10 12 1 1 8 1 10 7 12 1 1 1 10 7 12 1 1 1 10 11 100 12 1 1 1 100 1 10 10 12 1 8 1 10 12 1 8 1 7 1 11 12 1 1 8 1 10 7 12 1 1 1 10 12 1 1 10 12 1 10 12 1 10 12 1 10 12 1 1 1 1 1 1 1 1 1 1 1 1 1 1 1 1 1 1 1 1 1 1 1 1 1 1 1 1 1 1 1 1 1 1 1 1 1 1 1 1 1 1 1 1 1 1 1 1 1 1 1 1 1 1 1 1 1 1
ciInstanceKlass jdk/internal/reflect/CallerSensitive 0 0 17 100 1 100 1 100 1 1 1 1 1 1 1 1 1 1 1
ciInstanceKlass jdk/internal/reflect/DirectConstructorHandleAccessor$NativeAccessor 1 1 44 10 7 12 1 1 1 9 7 12 1 1 1 10 12 1 1 1 1 1 1 1 1 1 1 1 1 1 1 1 1 1 100 1 100 1 1 1 1 1 100 1 1 1
ciInstanceKlass jdk/internal/reflect/ConstructorAccessor 1 0 16 100 1 100 1 1 1 1 100 1 100 1 100 1 1 1
instanceKlass jdk/internal/reflect/DirectConstructorHandleAccessor
instanceKlass jdk/internal/reflect/SerializationConstructorAccessorImpl
instanceKlass jdk/internal/reflect/DirectConstructorHandleAccessor$NativeAccessor
ciInstanceKlass jdk/internal/reflect/ConstructorAccessorImpl 1 1 27 10 7 12 1 1 1 100 1 100 1 1 1 1 1 1 1 1 1 100 1 100 1 100 1 1 1
ciInstanceKlass jdk/internal/reflect/SerializationConstructorAccessorImpl 0 0 16 10 100 12 1 1 1 100 1 1 1 1 1 1 1 1
ciInstanceKlass jdk/internal/reflect/ConstantPool 1 1 142 10 7 12 1 1 1 9 7 12 1 1 1 10 12 1 1 10 12 1 1 10 12 1 10 12 1 1 10 12 1 1 10 12 1 10 12 1 1 10 12 1 10 12 1 1 10 12 1 10 12 1 10 12 1 10 12 1 1 10 12 1 1 10 12 1 1 10 12 1 1 10 12 1 10 12 1 1 10 100 12 1 1 1 8 11 7 12 1 1 1 10 7 12 1 1 1 1 1 1 1 1 1 1 1 1 1 1 1 1 1 1 1 1 1 1 1 1 1 1 1 1 1 1 1 1 1 1 1 1 1 1 1 1 1 1 1 1 1 1 1 1
instanceKlass java/lang/invoke/VolatileCallSite
instanceKlass java/lang/invoke/MutableCallSite
instanceKlass java/lang/invoke/ConstantCallSite
ciInstanceKlass java/lang/invoke/CallSite 1 1 308 10 7 12 1 1 1 10 7 12 1 1 1 9 7 12 1 1 1 10 12 1 1 9 12 1 1 10 7 12 1 1 1 10 12 1 7 1 10 12 1 1 10 12 1 1 9 100 12 1 1 1 10 7 12 1 1 10 12 1 1 100 1 7 1 10 10 7 12 1 1 1 10 12 1 1 8 1 10 12 1 10 12 1 1 10 12 1 10 12 1 1 10 12 1 1 10 10 100 12 1 1 10 12 1 1 9 12 1 9 100 12 1 1 1 8 1 10 7 12 1 1 1 10 12 1 1 7 1 10 12 1 1 9 12 1 8 1 100 1 10 12 1 10 12 1 100 1 8 1 10 10 12 1 10 12 1 1 100 1 10 12 1 1 10 12 1 10 12 1 10 12 1 1 10 12 1 1 9 12 1 1 8 10 12 1 1 9 12 1 1 100 1 10 10 12 1 10 7 12 1 1 1 10 12 1 1 10 12 1 1 10 12 1 10 7 12 1 1 1 7 1 8 1 10 10 12 10 12 1 1 7 1 7 1 7 1 8 1 10 12 1 10 7 12 1 1 1 1 1 1 1 1 1 1 1 1 1 1 1 1 1 1 1 1 1 1 1 1 1 1 1 1 1 1 1 1 1 1 1 1 1 1 1 1 1 1 1 1 1 1 1 1 1 1 1 1 1 1 1 1 7 1 7 1 1 1 1
staticfield java/lang/invoke/CallSite $assertionsDisabled Z 1
ciInstanceKlass java/lang/invoke/ConstantCallSite 1 1 65 10 7 12 1 1 1 9 7 12 1 1 1 9 12 1 1 10 7 12 1 1 1 10 12 1 100 1 10 12 9 12 1 1 100 1 10 10 12 1 1 10 12 1 1 1 1 1 1 1 1 1 1 1 1 1 100 1 1 1 1 1 1 1 1
staticfield java/lang/invoke/ConstantCallSite UNSAFE Ljdk/internal/misc/Unsafe; jdk/internal/misc/Unsafe
instanceKlass java/lang/invoke/DirectMethodHandle$StaticAccessor
instanceKlass java/lang/invoke/DirectMethodHandle$Special
instanceKlass java/lang/invoke/DirectMethodHandle$Interface
instanceKlass java/lang/invoke/DirectMethodHandle$Constructor
instanceKlass java/lang/invoke/DirectMethodHandle$Accessor
ciInstanceKlass java/lang/invoke/DirectMethodHandle 1 1 923 7 1 7 1 100 1 7 1 7 1 10 7 12 1 1 1 10 7 12 1 1 1 7 1 10 12 1 10 12 1 1 10 7 12 1 1 10 12 1 1 10 12 1 10 12 1 7 1 10 12 1 1 10 12 1 1 10 12 1 10 12 1 1 10 7 12 1 1 1 10 12 1 9 12 1 1 100 1 10 9 12 1 1 9 12 1 10 12 1 10 12 1 10 12 1 1 10 12 1 10 12 1 10 12 1 10 7 12 1 1 1 10 12 1 10 12 1 1 8 1 10 12 1 1 7 1 10 12 1 7 1 10 10 12 1 10 12 1 10 12 1 10 7 12 1 1 1 10 12 1 1 7 1 10 12 1 10 12 1 7 1 10 12 1 10 12 1 1 10 12 1 1 10 12 8 10 7 12 1 1 1 10 12 1 10 12 1 10 12 1 1 10 12 1 9 7 12 1 1 1 7 1 10 12 1 10 7 12 1 1 1 10 12 1 10 12 1 1 9 12 1 1 7 1 10 8 1 10 12 1 1 10 12 1 1 8 1 10 12 1 10 12 1 10 10 12 1 10 12 1 10 12 1 10 12 1 10 12 1 1 10 12 1 10 12 1 1 10 12 1 10 12 1 1 10 10 7 12 1 1 1 10 12 1 10 12 1 1 10 12 1 10 12 1 1 8 1 9 7 12 1 1 1 8 1 9 12 1 9 12 1 8 1 9 12 1 9 12 1 8 1 9 12 1 9 12 1 8 1 10 12 1 10 12 1 1 9 12 1 1 7 1 10 12 1 1 7 1 10 7 12 1 1 1 10 12 1 1 10 12 1 10 12 1 1 7 1 10 12 1 1 10 12 1 10 12 1 1 7 1 10 12 1 1 10 12 1 10 7 12 1 1 1 10 12 1 10 12 1 1 10 12 1 9 12 1 1 10 7 1 9 12 9 12 1 10 7 12 1 1 1 10 12 1 7 1 7 1 7 1 9 12 1 1 10 7 12 1 1 1 10 12 10 12 1 7 1 10 12 1 10 12 1 1 8 1 9 12 1 9 12 1 10 12 1 1 9 12 1 1 10 7 12 1 1 1 9 12 1 1 9 12 1 1 10 12 1 10 12 1 10 12 1 10 12 1 1 10 12 1 9 12 1 10 12 1 10 12 1 10 12 1 10 12 1 1 10 12 1 1 9 12 1 1 10 12 1 1 9 7 12 1 1 1 9 12 1 9 12 1 9 12 1 9 12 1 9 12 1 9 12 1 9 12 1 9 12 1 9 12 1 9 12 1 9 12 1 9 12 1 9 12 1 9 12 1 9 12 1 9 12 1 9 12 1 9 12 1 9 12 1 9 12 1 9 12 1 9 12 1 9 12 1 9 12 1 9 12 1 9 12 1 9 12 1 9 12 1 9 12 1 9 12 1 9 12 1 9 12 1 9 12 1 9 12 1 9 12 1 9 12 1 8 1 9 12 1 1 9 12 1 1 10 12 1 10 12 1 1 9 7 1 10 12 1 9 12 1 1 10 12 10 12 1 10 12 1 10 12 1 10 12 1 10 8 1 8 1 8 1 8 1 10 12 1 1 9 12 1 1 10 12 1 10 100 12 1 1 1 8 9 12 1 1 10 12 1 1 8 1 8 8 9 12 1 8 1 8 8 8 8 8 1 8 10 12 1 7 1 10 12 1 8 1 8 1 10 12 1 10 12 1 10 12 1 10 12 1 1 7 1 1 1 1 3 1 3 1 3 1 3 1 3 1 3 1 3 1 3 1 3 1 3 1 1 1 1 1 1 1 1 1 1 3 1 3 1 1 1 1 3 1 1 1 1 1 1 1 1 1 1 1 1 1 1 1 1 1 1 1 1 1 1 1 1 1 1 1 1 1 1 1 1 1 1 1 1 1 1 1 1 1 1 1 1 1 1 1 1 1 1 1 1 1 1 1 1 1 1 100 1 1 1 1 1 1 1 1 1 100 1 1 1 1 1 1 1 1 1 1 1 1 1 1 1 1 1 1 1 1 1 1 1 1 1 1 1 1 1 1 1 1 1 1 1 1 1 1 1 1 1 1 1 1 1 1 1 1 1 1 1 1
staticfield java/lang/invoke/DirectMethodHandle IMPL_NAMES Ljava/lang/invoke/MemberName$Factory; java/lang/invoke/MemberName$Factory
staticfield java/lang/invoke/DirectMethodHandle FT_UNCHECKED_REF I 8
staticfield java/lang/invoke/DirectMethodHandle ACCESSOR_FORMS [Ljava/lang/invoke/LambdaForm; 132 [Ljava/lang/invoke/LambdaForm;
staticfield java/lang/invoke/DirectMethodHandle ALL_WRAPPERS [Lsun/invoke/util/Wrapper; 10 [Lsun/invoke/util/Wrapper;
staticfield java/lang/invoke/DirectMethodHandle NFS [Ljava/lang/invoke/LambdaForm$NamedFunction; 12 [Ljava/lang/invoke/LambdaForm$NamedFunction;
staticfield java/lang/invoke/DirectMethodHandle OBJ_OBJ_TYPE Ljava/lang/invoke/MethodType; java/lang/invoke/MethodType
staticfield java/lang/invoke/DirectMethodHandle LONG_OBJ_TYPE Ljava/lang/invoke/MethodType; java/lang/invoke/MethodType
staticfield java/lang/invoke/DirectMethodHandle $assertionsDisabled Z 1
ciInstanceKlass java/lang/invoke/MutableCallSite 0 0 63 10 100 12 1 1 1 10 12 1 9 100 12 1 1 1 10 12 1 10 12 1 1 9 12 1 1 10 100 12 1 1 1 10 100 12 1 1 1 10 12 1 1 1 1 1 1 1 1 1 1 1 1 1 1 1 1 1 1 100 1 1 1
ciInstanceKlass java/lang/invoke/VolatileCallSite 0 0 37 10 100 12 1 1 1 10 12 1 10 100 12 1 1 1 10 12 1 10 12 1 1 1 1 1 1 1 1 1 1 1 1 1 1 1 1
ciInstanceKlass java/lang/invoke/ResolvedMethodName 1 1 25 10 100 12 1 1 1 9 7 12 1 1 1 1 1 1 1 1 1 1 1 1 1 1 1
ciInstanceKlass java/lang/invoke/MethodHandleNatives 1 1 694 100 1 10 7 12 1 1 1 9 7 12 1 1 1 10 12 1 1 100 1 10 10 12 1 1 10 12 1 10 12 1 8 1 8 1 8 1 8 1 8 1 8 1 8 1 8 1 8 1 8 1 10 12 1 1 7 1 10 7 12 1 1 1 10 7 12 1 1 1 7 1 10 10 12 1 1 8 1 10 12 1 8 1 10 12 1 1 8 1 10 12 1 1 9 7 12 1 1 1 8 1 10 100 12 1 1 1 7 1 10 12 100 1 100 1 8 1 7 1 10 10 12 1 7 1 9 7 12 1 1 10 12 1 1 10 12 1 10 7 12 1 1 1 10 12 1 1 9 12 1 8 1 10 12 1 1 10 12 1 8 1 10 12 1 1 7 1 10 12 1 10 7 12 1 1 1 10 12 1 10 12 1 1 10 12 1 1 8 1 10 12 1 1 8 1 10 12 1 8 1 8 1 8 1 7 1 10 12 1 8 1 10 7 12 1 1 1 10 12 1 1 10 7 12 1 1 10 10 12 1 1 10 12 1 10 100 12 1 1 1 100 1 8 1 10 100 12 1 1 1 7 1 8 1 10 12 1 8 1 8 1 8 1 8 1 8 1 10 12 1 1 10 12 1 1 10 12 1 10 12 1 1 10 12 1 1 7 1 10 12 1 7 1 7 1 10 12 1 10 12 1 8 1 8 1 10 10 12 1 1 10 12 1 1 8 1 10 7 12 1 1 8 1 8 1 10 12 1 1 10 7 12 1 1 1 100 1 10 12 1 1 7 1 9 12 1 1 10 7 12 1 1 1 10 10 12 1 9 12 1 10 12 1 9 12 1 9 12 1 10 12 1 1 10 12 1 10 12 1 1 7 1 7 1 10 12 1 1 10 12 1 10 12 1 1 10 7 12 1 1 1 10 12 1 8 1 10 12 1 10 12 1 10 12 1 1 10 12 1 10 7 12 1 1 1 10 12 1 1 100 1 8 1 10 9 7 12 1 1 1 10 12 1 1 10 12 1 1 7 1 10 12 1 1 10 12 1 1 100 1 100 1 10 10 100 1 100 1 10 100 1 10 10 12 1 1 10 7 1 10 12 1 10 12 1 1 10 12 1 1 10 12 1 1 10 12 1 10 12 1 1 10 8 1 10 12 1 10 12 1 10 12 1 10 12 1 10 12 1 1 10 12 1 10 12 1 10 12 1 10 10 7 12 1 1 10 12 1 1 1 1 1 1 1 1 1 1 1 1 1 7 1 1 1 1 1 1 1 1 1 1 1 1 1 1 1 1 1 1 1 1 1 1 1 1 1 1 1 1 1 1 1 1 1 1 1 1 1 1 1 1 1 1 1 1 1 1 1 1 1 1 1 1 1 1 1 1 1 1 1 1 1 1 1 1 1 100 1 1 1 1 1 1 1 1 1 1 1 1 1 1 1 1 1 1 1 1 1 1 1 1 1 1 1 1 1 1 1 1 1 1 1 100 1 1 1 1 1 1 1 1 1 1 1 1 1 1 1 1 1 1 1 1 1 1 1 1 1 1 1 1 7 1 1 1 1 1 1 1 100 1 1 1
staticfield java/lang/invoke/MethodHandleNatives $assertionsDisabled Z 1
ciInstanceKlass java/lang/invoke/MethodHandleNatives$CallSiteContext 1 1 49 10 7 12 1 1 1 7 1 10 10 7 12 1 1 1 10 7 12 1 1 1 10 7 12 1 1 1 100 1 1 1 1 1 1 1 1 1 1 1 1 1 1 1 1 1 100 1 1
ciInstanceKlass jdk/internal/foreign/abi/NativeEntryPoint 0 0 199 10 7 12 1 1 1 9 7 12 1 1 1 9 12 1 1 100 1 8 1 10 12 1 10 12 1 1 100 1 10 100 12 1 1 1 10 12 1 9 12 1 1 18 12 1 1 10 100 12 1 1 1 10 7 12 1 1 1 9 7 12 1 1 1 7 1 10 8 1 10 12 1 1 10 12 1 10 12 1 1 8 1 10 12 1 1 7 1 8 1 10 12 1 10 12 1 1 7 1 8 1 10 10 12 1 9 12 1 1 18 12 1 1 10 100 12 1 1 1 10 12 1 1 10 12 1 10 100 12 1 1 1 10 1 1 1 1 1 1 1 1 1 1 1 1 1 1 1 1 1 1 1 1 1 1 1 1 1 1 1 1 1 1 1 1 1 1 1 1 1 16 1 15 10 12 16 1 16 15 10 12 15 10 100 12 1 1 1 1 1 100 1 1 100 1 100 1 1
ciInstanceKlass jdk/internal/foreign/abi/ABIDescriptor 0 0 55 10 100 12 1 1 1 9 100 12 1 1 1 9 12 1 1 9 12 1 9 12 1 9 12 1 1 9 12 1 9 12 1 1 9 12 1 9 12 1 9 12 1 9 12 1 1 1 1 1 1 1 1 1 1
ciInstanceKlass jdk/internal/foreign/abi/VMStorage 0 0 91 10 7 12 1 1 1 9 7 12 1 1 1 9 12 1 1 9 12 1 1 9 12 1 1 7 1 10 8 1 10 12 1 1 10 12 1 10 12 1 1 10 12 1 18 12 1 18 12 1 1 18 12 1 1 1 1 1 1 1 1 1 1 1 1 1 1 1 1 1 1 1 8 1 15 15 15 15 15 10 100 12 1 1 1 1 100 1 100 1 1
ciInstanceKlass jdk/internal/foreign/abi/UpcallLinker$CallRegs 0 0 66 10 7 12 1 1 1 9 7 12 1 1 1 9 12 1 18 12 1 1 18 12 1 1 18 12 1 1 1 1 1 1 1 1 1 1 1 1 1 1 1 1 1 1 100 1 1 1 8 1 15 15 15 10 100 12 1 1 1 1 1 100 1 100 1 1
instanceKlass java/lang/StackFrameInfo
ciInstanceKlass java/lang/ClassFrameInfo 1 1 126 10 7 12 1 1 1 9 7 12 1 1 1 7 1 3 9 12 1 1 9 12 1 1 7 1 9 12 1 1 3 11 100 12 1 1 1 11 12 1 10 12 1 1 10 12 1 1 10 12 1 100 1 10 10 12 1 1 8 1 8 1 10 12 7 1 10 10 12 1 1 8 1 10 12 1 8 1 10 12 8 1 10 12 1 10 7 12 1 1 1 7 1 1 1 1 1 1 1 1 1 1 1 1 1 1 1 1 1 1 1 1 1 1 1 1 1 1 1 7 1 1 1 1 1 1
staticfield java/lang/ClassFrameInfo JLIA Ljdk/internal/access/JavaLangInvokeAccess; java/lang/invoke/MethodHandleImpl$1
ciInstanceKlass java/lang/StackWalker$StackFrame 1 1 41 100 1 10 12 1 1 100 1 100 1 1 1 1 1 1 1 1 1 1 1 1 1 1 1 1 1 1 1 1 1 1 1 1 1 1 1 100 1 1 1
ciInstanceKlass java/lang/StackWalker 1 1 259 9 7 12 1 1 1 10 7 12 1 1 1 7 1 10 7 12 1 1 1 10 12 1 1 11 7 12 1 1 1 10 12 1 1 10 12 1 1 10 12 1 1 100 1 8 1 10 12 1 10 12 1 10 12 1 10 7 12 1 1 9 12 1 1 9 12 1 1 9 12 1 1 9 12 1 1 10 12 1 1 9 12 1 1 9 12 1 1 9 12 1 1 10 7 12 1 1 1 11 12 1 1 100 1 8 1 10 10 7 12 1 1 9 12 1 1 10 12 1 1 10 7 12 1 1 1 10 7 12 1 1 1 18 12 1 1 100 1 8 1 10 8 1 10 12 1 1 10 100 12 1 1 1 10 12 1 1 10 12 1 9 7 12 1 1 11 100 12 1 1 1 10 12 1 1 1 1 1 1 1 1 1 1 1 1 1 1 1 1 1 1 1 1 1 1 1 1 1 1 1 1 1 1 1 1 1 1 1 1 1 1 1 1 1 1 1 1 1 1 1 1 1 1 1 1 1 1 1 1 1 1 7 1 1 16 15 10 12 16 1 15 10 100 12 1 1 1 1 1 1 1 1 1 100 1 100 1 1
staticfield java/lang/StackWalker DEFAULT_EMPTY_OPTION Ljava/util/EnumSet; java/util/RegularEnumSet
staticfield java/lang/StackWalker DEFAULT_WALKER Ljava/lang/StackWalker; java/lang/StackWalker
instanceKlass java/lang/LiveStackFrameInfo
ciInstanceKlass java/lang/StackFrameInfo 1 1 150 10 7 12 1 1 1 9 7 12 1 1 1 9 12 1 1 11 7 12 1 1 1 10 12 1 1 10 7 12 1 1 1 9 12 1 1 10 12 1 1 9 12 1 1 100 1 10 12 10 12 1 9 12 1 100 1 100 1 10 12 1 1 11 12 1 1 10 12 1 10 12 1 10 12 1 1 9 12 1 1 10 12 1 1 10 100 12 1 1 10 12 1 1 9 12 1 10 100 12 1 1 1 9 12 1 1 10 100 1 10 12 1 9 12 1 1 10 12 1 1 10 12 1 1 1 1 1 1 1 1 1 1 1 1 1 1 1 1 100 1 100 1 1 1 1 1 1 1 1
staticfield java/lang/StackFrameInfo $assertionsDisabled Z 1
ciInstanceKlass java/lang/LiveStackFrameInfo 0 0 97 10 7 12 1 1 1 9 7 12 1 1 1 9 12 1 9 12 1 9 12 1 9 12 1 1 7 1 10 12 1 1 10 12 1 8 1 10 12 1 1 8 1 8 1 8 1 10 100 1 10 12 1 100 1 10 12 1 7 1 7 1 1 1 3 1 3 1 1 1 1 1 1 1 1 1 1 1 1 1 1 1 1 1 1 1 1 1 1 1 1 1 1 1 100 1 1
ciInstanceKlass java/lang/LiveStackFrame 0 0 132 100 1 10 100 12 1 1 1 11 7 12 1 1 1 11 12 1 10 7 12 1 1 1 100 1 8 1 10 12 1 1 10 7 12 1 1 1 9 100 12 1 1 1 10 7 12 1 1 1 10 7 12 1 1 1 11 12 1 10 12 1 7 1 7 1 1 1 1 1 1 1 1 1 1 1 1 1 1 1 1 1 1 1 1 1 1 1 1 1 1 1 1 100 1 1 1 1 1 1 1 100 1 8 10 1 1 1 8 1 1 1 8 1 1 1 8 1 1 1 8 1 1 8 1 1 1 8 1 1 8 1
instanceKlass java/lang/StackStreamFactory$StackFrameTraverser
ciInstanceKlass java/lang/StackStreamFactory$AbstractStackWalker 1 1 364 7 1 7 1 3 10 7 12 1 1 1 10 7 12 1 1 10 7 12 1 1 1 9 12 1 1 9 12 1 1 9 12 1 1 9 12 1 9 12 1 10 7 12 1 1 1 10 12 1 1 10 7 12 1 1 9 12 1 1 9 12 1 1 10 12 1 1 9 12 1 1 10 7 12 1 1 1 10 12 1 1 9 12 1 1 9 7 12 1 1 1 7 1 10 8 1 10 12 1 1 10 12 1 8 1 10 12 1 1 10 100 12 1 1 1 100 1 8 1 10 12 1 8 1 10 12 10 7 12 1 1 9 12 1 1 8 1 5 0 8 1 8 1 9 12 1 1 10 12 1 1 18 12 1 1 10 7 12 1 1 1 10 12 1 1 10 12 1 10 12 1 9 7 12 1 1 1 10 12 1 1 9 12 1 10 12 1 10 12 1 10 12 1 10 12 1 10 12 1 10 12 1 1 8 1 10 12 1 10 12 1 10 12 1 10 12 1 1 8 1 10 12 1 1 10 12 1 1 10 12 1 1 10 12 1 10 12 1 10 12 1 9 12 1 8 1 10 12 1 8 1 10 12 1 10 12 1 1 10 12 1 10 12 1 10 12 1 1 10 12 1 10 12 1 10 12 1 10 12 1 10 12 1 10 12 1 1 10 12 1 10 12 1 10 12 1 10 12 1 8 1 1 1 1 1 1 1 1 1 1 1 1 1 7 1 1 1 1 1 1 7 1 1 1 1 7 1 1 1 1 1 1 1 1 1 1 1 1 1 1 1 1 1 1 16 15 15 10 100 12 1 1 1 1 1 1 1 1 100 1 100 1 1
ciInstanceKlass jdk/internal/module/Modules 1 1 507 10 7 12 1 1 1 9 7 12 1 1 1 11 7 12 1 1 1 11 12 1 1 11 12 1 1 11 12 1 1 11 12 1 11 12 1 11 12 1 11 12 1 11 12 1 11 12 1 1 10 7 12 1 1 1 10 100 12 1 1 1 18 12 1 1 10 7 12 1 1 1 7 1 10 7 12 1 1 1 10 100 12 1 1 1 10 100 12 1 1 10 12 1 1 11 12 1 9 12 1 1 11 7 12 1 1 1 10 12 1 1 10 10 12 1 10 9 12 1 1 10 100 12 1 1 10 12 1 1 10 100 12 1 1 100 1 11 100 12 1 1 1 10 100 12 1 1 1 11 100 12 1 1 10 12 1 1 10 100 12 1 1 10 100 12 1 1 1 10 12 1 1 10 12 1 1 11 12 1 1 18 12 1 1 11 100 12 1 1 10 100 12 1 1 1 11 100 12 1 1 1 7 1 11 12 1 1 11 7 12 1 1 1 11 12 1 1 10 12 1 1 10 100 12 1 1 18 12 1 1 11 12 1 1 18 12 1 1 11 12 1 1 10 12 1 18 18 10 12 1 1 9 12 1 1 11 7 12 1 1 1 100 1 10 11 12 1 11 12 1 1 11 12 1 1 10 100 1 10 12 1 1 10 100 12 1 1 10 12 1 1 11 12 10 12 1 1 7 1 10 18 12 1 10 12 1 1 7 1 8 1 10 12 1 10 100 12 1 1 18 12 1 11 11 12 10 12 1 10 10 100 1 18 12 1 10 10 10 7 12 1 1 10 7 12 1 1 1 10 12 1 1 1 1 1 1 1 1 1 1 1 1 1 1 1 1 1 1 1 1 1 1 1 1 1 1 1 1 1 1 1 1 1 100 1 1 1 1 1 1 1 1 1 1 1 1 1 1 1 1 1 1 1 1 1 1 1 1 1 1 1 1 1 1 1 1 1 1 1 7 1 1 1 1 1 1 1 1 1 1 1 1 1 1 1 1 1 1 1 1 1 1 1 16 15 10 12 1 16 16 15 10 12 1 16 1 16 1 15 10 12 1 16 1 16 1 15 10 12 16 1 15 10 16 1 15 10 12 16 1 15 10 12 16 15 10 12 16 15 10 12 15 10 100 12 1 1 1 1 1 1 100 1 100 1 1
staticfield jdk/internal/module/Modules JLA Ljdk/internal/access/JavaLangAccess; java/lang/System$2
staticfield jdk/internal/module/Modules JLMA Ljdk/internal/access/JavaLangModuleAccess; java/lang/module/ModuleDescriptor$1
staticfield jdk/internal/module/Modules $assertionsDisabled Z 1
instanceKlass jakarta/mail/internet/ParameterList$MultiValue
instanceKlass org/springframework/beans/factory/support/ManagedList
ciInstanceKlass java/util/ArrayList 1 1 509 10 7 12 1 1 1 7 1 9 7 12 1 1 1 9 12 1 100 1 7 1 10 8 1 10 12 1 1 10 12 1 10 12 1 1 10 12 1 9 12 1 11 7 12 1 1 1 9 12 1 1 11 12 1 1 7 10 7 12 1 1 1 9 12 1 10 12 1 10 12 1 1 10 7 12 1 1 1 10 7 12 1 1 1 10 12 1 1 10 12 1 1 10 12 1 1 10 12 1 10 12 1 1 100 1 7 1 10 12 1 10 10 7 12 1 1 1 10 7 12 1 1 10 12 1 100 1 10 10 12 10 12 1 1 10 12 1 1 10 12 1 10 12 10 12 1 1 7 1 10 12 1 1 10 12 1 1 10 12 1 100 1 10 11 12 1 1 11 7 12 1 1 1 11 12 1 10 12 1 10 12 1 10 12 1 1 100 1 10 12 1 1 10 10 12 1 1 10 12 1 8 1 8 1 8 1 8 1 10 12 1 1 10 12 1 1 11 12 1 7 1 10 100 12 1 1 10 12 1 10 12 1 1 10 100 12 1 1 10 12 1 10 100 12 1 1 1 11 100 12 1 1 1 10 12 1 100 1 8 1 10 7 1 10 12 1 7 1 10 12 1 10 12 1 1 7 1 10 12 1 10 12 1 1 11 7 12 1 1 7 1 10 12 1 10 12 1 1 11 7 12 1 1 10 12 1 1 10 12 1 1 10 12 1 1 10 12 1 1 11 100 12 1 1 10 12 1 1 7 1 7 1 7 1 1 1 1 5 0 1 3 1 1 1 1 1 1 1 1 1 1 1 1 1 1 1 1 1 1 1 1 1 1 1 1 1 1 1 1 1 1 1 1 1 1 1 1 1 1 1 1 1 1 1 1 1 1 1 1 1 1 1 1 1 1 1 1 1 1 1 1 1 1 1 1 1 1 1 1 1 1 1 1 1 1 1 1 1 1 1 1 1 1 1 1 1 1 1 1 1 1 1 1 1 1 1 1 1 1 1 1 1 1 1 1 100 1 1 1 1 7 1 1 1 1 1 1 1 1 1 1 1 1 1 1 1 1 1 1 1 1 1 1 1 1 1 1 1 1 1 100 1 1 1 1 1 1 1 1 1 1 1 1 1 1 1 1 1 1 100 1 100 1 1 1 1 1 1
staticfield java/util/ArrayList EMPTY_ELEMENTDATA [Ljava/lang/Object; 0 [Ljava/lang/Object;
staticfield java/util/ArrayList DEFAULTCAPACITY_EMPTY_ELEMENTDATA [Ljava/lang/Object; 0 [Ljava/lang/Object;
ciInstanceKlass java/util/SequencedCollection 1 1 104 100 1 10 12 1 1 11 7 12 1 1 1 11 7 12 1 1 1 11 12 1 1 11 12 1 7 1 7 1 1 1 1 1 1 1 1 1 1 1 1 1 1 1 1 1 1 1 1 1 1 1 1 1 1 1 1 1 100 1 8 1 12 10 1 1 8 1 1 1 8 1 1 8 1 1 1 8 1 1 8 1 1 1 8 1 1 8 1 8 1 1 8 1 1 1 8 1 1 8 1 1 8 1
ciInstanceKlass java/util/RandomAccess 1 0 7 100 1 100 1 1 1
instanceKlass java/util/AbstractMap$2
instanceKlass org/apache/kafka/common/utils/ImplicitLinkedHashCollection
instanceKlass com/fasterxml/jackson/databind/util/internal/LinkedDeque
instanceKlass java/util/TreeMap$Values
instanceKlass java/util/concurrent/ConcurrentLinkedDeque
instanceKlass java/util/LinkedHashMap$LinkedValues
instanceKlass java/util/IdentityHashMap$Values
instanceKlass java/util/AbstractQueue
instanceKlass java/util/HashMap$Values
instanceKlass java/util/ArrayDeque
instanceKlass java/util/AbstractSet
instanceKlass java/util/ImmutableCollections$AbstractImmutableCollection
instanceKlass java/util/AbstractList
ciInstanceKlass java/util/AbstractCollection 1 1 160 10 7 12 1 1 1 10 7 12 1 1 1 10 12 1 1 11 7 12 1 1 1 11 12 1 1 10 12 1 1 10 100 12 1 1 1 10 12 1 1 10 12 1 1 10 7 12 1 1 10 7 12 1 1 1 7 1 10 7 12 1 1 1 10 100 12 1 1 1 100 1 10 11 12 1 11 7 1 10 12 1 10 12 1 10 7 12 1 1 1 11 8 1 7 1 10 10 12 1 1 8 1 10 12 1 10 12 1 1 1 1 1 1 1 1 1 1 1 1 1 1 1 1 1 1 1 1 1 1 1 1 1 1 1 1 1 1 1 1 1 1 1 1 1 1 1 1 1 1 1 1 1 1 1 1 1 1 1 1
ciMethod java/util/AbstractCollection <init> ()V 598 0 268589 0 80
instanceKlass java/util/Collections$CopiesList
instanceKlass java/util/Vector
instanceKlass java/util/AbstractSequentialList
instanceKlass sun/security/jca/ProviderList$3
instanceKlass java/util/ArrayList$SubList
instanceKlass java/util/Collections$SingletonList
instanceKlass java/util/Arrays$ArrayList
instanceKlass java/util/Collections$EmptyList
instanceKlass java/util/ArrayList
ciInstanceKlass java/util/AbstractList 1 1 218 10 7 12 1 1 1 9 7 12 1 1 1 10 12 1 1 10 12 1 1 100 1 10 10 12 1 1 11 7 12 1 1 1 11 12 1 1 11 12 1 10 7 12 1 1 1 10 12 1 11 12 1 11 12 1 11 12 1 10 12 1 1 10 12 1 1 11 7 12 1 1 1 11 7 1 11 7 1 10 12 1 7 1 10 12 1 10 12 1 1 7 1 100 1 10 12 1 100 1 10 100 1 7 1 10 8 1 10 12 1 1 10 12 1 10 12 1 1 10 12 1 8 1 100 1 8 1 8 1 8 1 10 7 1 11 10 10 12 1 11 12 1 10 12 1 1 8 1 8 1 1 1 1 1 1 1 1 1 1 1 1 1 1 1 1 1 1 1 1 1 1 1 1 1 1 1 1 1 1 1 1 1 1 1 1 1 1 1 1 1 1 1 1 1 1 1 1 1 1 1 1 1 1 1 1 1 1 100 1 100 1 1 1 1 1 1 1
ciMethod java/util/AbstractList <init> ()V 420 0 128883 0 88
ciMethod java/util/ArrayList size ()I 324 0 162 0 0
ciMethod java/util/ArrayList clear ()V 768 810 5510 0 288
ciMethod java/util/ArrayList isEmpty ()Z 520 0 5456 0 96
ciMethod java/util/ArrayList add (Ljava/lang/Object;)Z 298 0 22172 0 1968
ciMethod java/util/ArrayList toArray ([Ljava/lang/Object;)[Ljava/lang/Object; 12 0 6446 0 0
ciMethod java/util/ArrayList <init> ()V 128 0 116390 0 280
ciMethod java/util/ArrayList add (Ljava/lang/Object;[Ljava/lang/Object;I)V 298 0 22172 0 0
ciMethod java/util/ArrayList grow ()[Ljava/lang/Object; 54 0 4434 0 0
ciMethod java/util/ArrayList grow (I)[Ljava/lang/Object; 58 0 4558 0 0
ciInstanceKlass sun/nio/cs/ISO_8859_1 1 1 60 8 1 10 7 12 1 1 1 10 7 12 1 1 1 8 1 100 1 7 1 7 1 10 12 1 100 1 10 10 12 1 9 12 1 1 7 1 1 1 1 1 1 1 1 1 1 1 1 1 1 1 1 1 1 1 1 1 1 1
staticfield sun/nio/cs/ISO_8859_1 INSTANCE Lsun/nio/cs/ISO_8859_1; sun/nio/cs/ISO_8859_1
ciInstanceKlass sun/nio/cs/US_ASCII 1 1 67 8 1 10 7 12 1 1 1 10 7 12 1 1 1 8 1 7 1 7 1 10 12 1 100 1 10 10 12 1 9 12 1 1 10 7 12 1 1 1 9 12 1 1 7 1 1 1 1 1 1 1 1 1 1 1 1 1 1 1 1 1 1 1 1 1 1
staticfield sun/nio/cs/US_ASCII INSTANCE Lsun/nio/cs/US_ASCII; sun/nio/cs/US_ASCII
staticfield sun/nio/cs/US_ASCII JLA Ljdk/internal/access/JavaLangAccess; java/lang/System$2
instanceKlass java/nio/MappedByteBuffer
instanceKlass java/nio/HeapByteBuffer
ciInstanceKlass java/nio/ByteBuffer 1 1 446 10 7 12 1 1 1 9 7 12 1 1 1 10 7 12 1 1 1 9 12 1 1 9 12 1 9 12 1 1 9 12 1 1 10 12 1 10 12 1 7 1 10 12 1 10 12 1 1 7 1 10 12 1 10 12 1 100 1 100 1 10 12 1 10 12 1 1 10 7 12 1 1 1 10 12 1 1 10 12 1 100 1 10 10 12 1 1 10 12 1 10 12 1 10 12 100 1 5 0 9 12 1 1 9 12 1 9 12 1 1 10 12 1 1 10 12 1 1 10 7 12 1 1 1 10 7 12 1 1 1 10 12 1 10 12 1 1 10 12 1 1 100 1 10 100 1 10 10 12 1 1 9 12 1 10 12 1 100 1 10 10 12 1 10 12 1 10 12 10 12 1 9 12 100 1 10 10 12 1 10 12 10 12 1 1 10 12 1 10 12 1 10 12 1 10 12 1 7 1 10 10 7 12 1 1 1 10 7 12 1 1 1 10 12 1 1 8 1 10 12 1 8 1 8 1 10 12 1 8 1 10 12 1 10 7 12 1 1 1 10 100 12 1 1 1 10 12 1 1 10 7 1 9 12 1 8 1 10 12 1 8 1 8 1 10 10 12 1 10 12 1 1 10 12 1 1 10 12 10 12 1 1 10 12 10 12 10 12 10 12 10 12 10 12 10 12 1 1 10 12 1 9 12 1 1 7 10 7 12 1 1 1 7 1 1 1 1 1 1 1 1 1 1 1 1 100 1 1 1 1 1 1 1 1 1 1 1 1 1 1 1 1 1 1 1 1 1 7 1 1 1 1 1 1 1 1 1 1 1 1 1 1 1 1 1 1 1 1 1 1 1 1 1 1 1 1 1 1 1 1 1 1 1 1 1 1 1 1 1 1 1 1 1 1 1 1 1 1 1 1 1 1 1 1 1 1 1 1 1 1 1 1 1 1 1 1 1 1 1 1 1 1 1 1 1 1 1 1 1 1 1 1 1 1 1 1 1 1 1 1 1 1 1 100 1
staticfield java/nio/ByteBuffer ARRAY_BASE_OFFSET J 16
staticfield java/nio/ByteBuffer $assertionsDisabled Z 1
ciMethod java/nio/ByteBuffer position (I)Ljava/nio/Buffer; 1024 0 5635 0 200
ciMethod java/nio/ByteBuffer limit (I)Ljava/nio/Buffer; 794 0 5520 0 216
ciMethod java/nio/ByteBuffer reset ()Ljava/nio/ByteBuffer; 1024 0 5548 0 0
ciMethod java/nio/ByteBuffer put ([BII)Ljava/nio/ByteBuffer; 194 0 97 0 -1
ciMethod java/nio/ByteBuffer put (B)Ljava/nio/ByteBuffer; 0 0 1 0 -1
ciMethod java/nio/ByteBuffer putShort (S)Ljava/nio/ByteBuffer; 0 0 1 0 -1
ciMethod java/nio/ByteBuffer putInt (I)Ljava/nio/ByteBuffer; 0 0 1 0 -1
ciMethod java/nio/ByteBuffer position (I)Ljava/nio/ByteBuffer; 772 0 15251 0 176
ciMethod java/nio/ByteBuffer limit (I)Ljava/nio/ByteBuffer; 1024 0 9950 0 192
ciMethod java/nio/ByteBuffer mark ()Ljava/nio/ByteBuffer; 768 0 5504 0 88
ciMethod java/nio/ByteBuffer slice ()Ljava/nio/ByteBuffer; 0 0 1 0 -1
ciMethod java/nio/ByteBuffer <init> (IIII[BILjava/lang/foreign/MemorySegment;)V 770 0 6215 0 0
ciMethod java/nio/ByteBuffer put ([B)Ljava/nio/ByteBuffer; 514 0 5743 0 0
ciMethod java/nio/ByteBuffer allocate (I)Ljava/nio/ByteBuffer; 40 0 5140 0 640
ciInstanceKlass java/lang/annotation/Annotation 1 0 17 100 1 100 1 1 1 1 1 1 1 1 1 1 1 1 1
instanceKlass org/yaml/snakeyaml/representer/BaseRepresenter$1
ciInstanceKlass java/util/IdentityHashMap 1 1 403 9 7 12 1 1 1 10 7 12 1 1 1 10 12 1 1 100 1 7 1 10 8 1 10 12 1 1 10 12 1 10 12 1 1 10 12 1 10 12 1 1 3 3 10 7 12 1 1 7 1 9 12 1 1 11 7 12 1 1 1 6 0 10 12 10 12 1 1 9 12 1 10 7 12 1 1 1 10 12 1 1 10 12 1 1 10 12 1 1 10 12 1 1 9 12 1 3 3 100 1 8 1 10 11 12 1 1 11 100 12 1 1 1 11 7 12 1 1 1 11 12 1 1 100 1 11 12 1 11 12 1 10 12 1 1 10 12 1 10 10 12 1 1 10 11 12 1 1 10 12 1 10 12 1 9 12 1 10 100 100 1 7 1 10 12 1 9 12 1 7 1 10 12 1 9 12 1 1 7 1 10 7 1 10 10 100 12 1 1 10 12 1 10 12 1 1 10 100 12 1 1 1 10 12 1 100 1 8 1 10 10 100 12 1 1 1 11 100 12 1 1 1 10 12 1 10 12 1 1 10 10 100 12 1 1 11 100 12 1 1 100 1 10 11 100 12 1 1 10 12 1 10 7 1 7 1 1 1 3 1 3 1 1 1 1 1 5 0 1 1 1 1 1 1 1 1 1 1 1 1 1 1 1 1 1 1 1 1 1 1 1 1 1 1 1 1 1 1 1 1 1 1 1 1 1 1 1 1 1 1 1 1 1 1 1 1 1 1 1 1 1 1 1 1 1 1 1 1 7 1 1 1 1 1 1 1 100 1 1 1 1 7 1 1 1 1 1 1 1 1 1 1 1 1 1 1 1 1 1 1 1 1 1 1 1 1 1 1 100 1 100 1 100 1 100 1 100 1 100 1 100 1 100 1 100 1 1 1 1 1 1 100 1 1 1 1 1 1 1 1 1 1
staticfield java/util/IdentityHashMap NULL_KEY Ljava/lang/Object; java/lang/Object
ciMethod java/util/IdentityHashMap get (Ljava/lang/Object;)Ljava/lang/Object; 84 68 5163 0 432
ciMethod java/util/IdentityHashMap put (Ljava/lang/Object;Ljava/lang/Object;)Ljava/lang/Object; 216 12 5229 0 1480
ciMethod java/util/IdentityHashMap <init> ()V 6 0 5400 0 0
ciMethod java/util/IdentityHashMap hash (Ljava/lang/Object;I)I 974 0 10813 0 0
ciMethod java/util/IdentityHashMap init (I)V 26 0 5469 0 0
ciMethod java/util/IdentityHashMap resize (I)Z 0 0 1 0 -1
ciMethod java/util/IdentityHashMap maskNull (Ljava/lang/Object;)Ljava/lang/Object; 572 0 10813 0 0
ciMethod java/util/IdentityHashMap nextKeyIndex (II)I 524 0 812 0 0
instanceKlass java/util/ArrayList$ListItr
ciInstanceKlass java/util/ArrayList$Itr 1 1 104 9 7 12 1 1 1 10 7 12 1 1 1 9 12 1 1 9 7 12 1 1 9 12 1 9 12 1 9 12 1 10 12 1 100 1 10 9 12 1 1 100 1 10 100 1 10 10 12 1 1 100 1 10 100 12 1 1 1 10 12 1 1 11 100 12 1 1 1 100 1 1 1 1 1 1 1 1 1 1 1 1 1 1 1 1 100 1 1 1 1 1 1 1 1 1 1 1 1 1 1 1 1 1
ciMethod java/util/ArrayList$Itr hasNext ()Z 818 0 11112 0 112
ciInstanceKlass java/util/ListIterator 1 0 27 100 1 100 1 100 1 1 1 1 1 1 1 1 1 1 1 1 1 1 1 1 1 1 1 1 1
ciMethod java/util/ListIterator hasNext ()Z 0 0 1 0 -1
ciMethod java/util/ListIterator next ()Ljava/lang/Object; 0 0 1 0 -1
ciInstanceKlass java/nio/charset/StandardCharsets 1 1 86 10 7 12 1 1 1 100 1 8 1 10 12 1 9 7 12 1 1 1 9 7 12 1 1 1 9 7 12 1 1 9 12 1 9 7 12 1 1 9 12 1 7 1 10 9 12 1 7 1 10 9 12 1 7 1 10 9 12 1 7 1 10 9 12 1 7 1 10 9 12 1 7 1 10 9 12 1 1 1 1 1 1 1 1 1
staticfield java/nio/charset/StandardCharsets US_ASCII Ljava/nio/charset/Charset; sun/nio/cs/US_ASCII
staticfield java/nio/charset/StandardCharsets ISO_8859_1 Ljava/nio/charset/Charset; sun/nio/cs/ISO_8859_1
staticfield java/nio/charset/StandardCharsets UTF_8 Ljava/nio/charset/Charset; sun/nio/cs/UTF_8
staticfield java/nio/charset/StandardCharsets UTF_16BE Ljava/nio/charset/Charset; sun/nio/cs/UTF_16BE
staticfield java/nio/charset/StandardCharsets UTF_16LE Ljava/nio/charset/Charset; sun/nio/cs/UTF_16LE
staticfield java/nio/charset/StandardCharsets UTF_16 Ljava/nio/charset/Charset; sun/nio/cs/UTF_16
staticfield java/nio/charset/StandardCharsets UTF_32BE Ljava/nio/charset/Charset; sun/nio/cs/UTF_32BE
staticfield java/nio/charset/StandardCharsets UTF_32LE Ljava/nio/charset/Charset; sun/nio/cs/UTF_32LE
staticfield java/nio/charset/StandardCharsets UTF_32 Ljava/nio/charset/Charset; sun/nio/cs/UTF_32
ciInstanceKlass java/nio/ByteOrder 1 1 50 10 7 12 1 1 1 9 7 12 1 1 1 9 12 1 1 8 1 10 12 1 9 12 8 1 9 12 10 7 12 1 1 1 10 12 1 1 1 1 1 1 1 1 1 1 1 1 1 1
staticfield java/nio/ByteOrder BIG_ENDIAN Ljava/nio/ByteOrder; java/nio/ByteOrder
staticfield java/nio/ByteOrder LITTLE_ENDIAN Ljava/nio/ByteOrder; java/nio/ByteOrder
staticfield java/nio/ByteOrder NATIVE_ORDER Ljava/nio/ByteOrder; java/nio/ByteOrder
ciMethod java/nio/ByteOrder nativeOrder ()Ljava/nio/ByteOrder; 1292 0 6569 0 0
ciInstanceKlass java/nio/HeapByteBuffer 1 1 360 10 7 12 1 1 1 9 7 12 1 1 1 9 12 1 9 12 1 10 12 1 1 10 12 1 9 12 1 1 9 12 1 1 9 12 1 1 10 12 1 10 7 12 1 1 1 10 12 1 10 12 1 100 1 10 10 12 1 10 12 1 1 10 12 1 10 12 1 1 100 1 10 12 10 7 12 1 1 1 10 12 1 10 12 1 100 1 10 10 12 1 1 10 12 1 9 12 1 1 100 1 10 10 12 10 12 1 9 12 1 1 10 12 1 1 10 12 10 12 1 1 9 12 1 10 7 12 1 1 1 10 12 1 10 12 10 12 1 1 7 1 10 12 1 100 1 10 10 12 1 1 10 12 1 1 100 1 10 100 1 10 10 12 1 1 10 12 1 1 100 1 10 100 1 10 10 12 1 1 10 12 1 1 100 1 10 100 1 10 10 100 12 1 1 1 10 12 1 1 100 1 10 100 1 10 10 100 12 1 1 1 10 12 1 1 100 1 10 100 1 10 10 12 1 1 10 12 1 1 10 12 10 7 12 1 1 1 9 12 1 1 7 10 7 12 1 1 1 10 12 1 1 1 1 1 1 1 1 1 1 1 1 1 1 1 1 1 1 1 1 1 1 1 1 1 1 1 1 1 1 1 1 1 1 1 1 1 1 1 1 1 1 1 1 1 1 1 1 1 1 1 100 1 1 1 1 1 1 1 1 1 1 100 1 1 1 1 1 100 1 1 1 1 1 1 1 1 1 100 1 1 1 1 1 1 1 1 1 1 100 1 1 1 1 1 1 1 1 1 1 100 1 1 1 1 1 1 1 1
staticfield java/nio/HeapByteBuffer ARRAY_BASE_OFFSET J 16
staticfield java/nio/HeapByteBuffer ARRAY_INDEX_SCALE J 1
staticfield java/nio/HeapByteBuffer $assertionsDisabled Z 1
ciMethod java/nio/HeapByteBuffer put ([BII)Ljava/nio/ByteBuffer; 514 0 5377 0 592
ciMethod java/nio/HeapByteBuffer put (B)Ljava/nio/ByteBuffer; 512 0 5376 0 208
ciMethod java/nio/HeapByteBuffer putShort (S)Ljava/nio/ByteBuffer; 514 0 5378 0 264
ciMethod java/nio/HeapByteBuffer putInt (I)Ljava/nio/ByteBuffer; 520 0 5385 0 256
ciMethod java/nio/HeapByteBuffer slice ()Ljava/nio/ByteBuffer; 1024 0 5632 0 856
ciMethod java/nio/HeapByteBuffer ix (I)I 540 0 23909 0 88
ciMethod java/nio/HeapByteBuffer <init> ([BIIIIILjava/lang/foreign/MemorySegment;)V 1024 0 5929 0 0
ciMethod java/nio/HeapByteBuffer <init> (IILjava/lang/foreign/MemorySegment;)V 514 0 5140 0 0
ciMethod java/nio/HeapByteBuffer byteOffset (J)J 810 0 74216 0 88
ciInstanceKlass java/util/Deque 1 1 100 10 100 12 1 1 1 11 7 12 1 1 1 7 1 7 1 7 1 1 1 1 1 1 1 1 1 1 1 1 1 1 1 1 1 1 1 1 1 1 1 1 1 1 1 1 1 1 1 1 1 1 1 1 1 1 1 1 1 1 1 1 1 1 1 1 1 1 1 1 1 100 1 8 1 1 12 10 1 1 1 8 1 1 1 8 1 1 1 8 1 1 8 1 1 8 1 1 8 1
ciInstanceKlass java/util/Queue 1 0 68 7 1 7 1 7 1 1 1 1 1 1 1 1 1 1 1 1 1 1 1 1 100 1 8 1 1 12 10 1 8 1 1 1 8 1 1 1 8 1 1 1 8 1 1 1 8 1 1 8 1 1 1 8 1 1 8 1 1 1 8 1 1 8 1 1 8 1
ciMethod java/util/Queue size ()I 0 0 1 0 -1
ciMethod java/util/Queue add (Ljava/lang/Object;)Z 0 0 1 0 -1
ciMethod java/util/Queue poll ()Ljava/lang/Object; 0 0 1 0 -1
instanceKlass org/springframework/context/annotation/ConfigurationClassParser$ImportStack
ciInstanceKlass java/util/ArrayDeque 1 1 438 7 1 9 7 12 1 1 1 3 10 12 1 1 10 7 12 1 1 1 9 12 1 1 9 12 1 10 7 12 1 1 1 100 1 8 1 10 12 1 1 3 10 7 12 1 1 7 1 11 7 12 1 1 1 10 12 1 10 12 1 1 100 1 10 100 1 10 10 12 1 10 12 1 10 12 1 10 18 12 1 1 11 12 1 1 10 12 1 1 10 12 1 10 12 1 1 100 1 10 10 12 1 10 12 1 1 10 12 1 1 10 12 1 1 10 12 1 10 12 1 10 12 1 10 12 1 10 12 1 1 7 1 10 12 1 7 1 10 100 1 10 10 100 12 1 1 1 11 100 12 1 10 12 1 1 18 12 1 1 18 11 100 12 1 10 12 1 1 10 12 1 1 10 12 1 1 10 12 1 1 10 12 1 1 10 12 1 100 10 12 1 1 10 12 1 1 10 12 1 1 10 100 12 1 1 10 12 1 100 1 100 1 10 10 100 12 1 1 10 12 1 10 12 1 10 100 12 1 1 10 12 1 10 100 12 1 1 1 11 100 12 1 1 1 10 12 1 7 1 9 12 1 1 8 1 10 12 1 1 10 100 12 1 1 1 8 1 10 12 1 1 10 12 1 11 12 1 7 1 7 1 7 1 1 1 1 1 5 0 1 1 1 1 1 1 1 1 1 1 1 1 1 1 1 1 1 1 1 1 1 1 1 1 1 1 1 1 1 1 1 1 1 1 1 1 1 1 1 1 1 1 1 1 1 1 1 1 1 1 1 1 1 1 1 1 1 1 1 1 1 1 1 1 1 1 1 1 1 1 1 1 1 1 1 1 1 1 1 1 1 1 1 1 1 1 100 1 1 1 1 1 1 1 1 7 1 1 1 1 1 1 1 1 1 1 1 100 1 1 1 7 1 1 1 1 1 1 1 1 1 1 1 16 15 16 15 10 12 15 10 12 15 10 100 12 1 1 1 1 1 1 1 100 1 100 1 1
ciMethod java/util/ArrayDeque size ()I 516 0 7426 0 120
ciMethod java/util/ArrayDeque add (Ljava/lang/Object;)Z 512 0 5379 0 480
ciMethod java/util/ArrayDeque addLast (Ljava/lang/Object;)V 512 0 5378 0 472
ciMethod java/util/ArrayDeque poll ()Ljava/lang/Object; 512 0 5378 0 248
ciMethod java/util/ArrayDeque pollFirst ()Ljava/lang/Object; 318 0 5281 0 248
ciMethod java/util/ArrayDeque <init> (I)V 488 0 6260 0 0
ciMethod java/util/ArrayDeque grow (I)V 6 208 3 0 -1
ciMethod java/util/ArrayDeque elementAt ([Ljava/lang/Object;I)Ljava/lang/Object; 512 0 13359 0 136
ciMethod java/util/ArrayDeque inc (II)I 768 0 15143 0 0
ciMethod java/util/ArrayDeque sub (III)I 516 0 7426 0 0
ciInstanceKlass java/lang/invoke/InvokerBytecodeGenerator$ClassData 1 1 49 10 7 12 1 1 1 9 7 12 1 1 1 9 12 1 9 12 1 1 7 1 10 10 12 1 1 8 1 10 12 1 10 12 1 1 1 1 1 1 1 1 1 1 1 100 1 1 1
ciInstanceKlass java/nio/DirectByteBufferR 1 1 263 10 7 12 1 1 1 9 7 12 1 1 1 10 12 1 10 12 1 10 12 1 1 10 12 1 9 12 1 100 1 10 12 1 10 12 1 1 10 12 1 1 9 12 1 1 10 10 100 12 1 1 1 10 12 1 10 12 1 10 12 1 1 100 1 10 9 12 1 9 12 1 1 5 0 9 12 1 100 1 10 12 1 100 1 10 9 12 1 100 1 10 12 1 100 1 10 100 1 10 100 1 10 100 1 10 100 1 10 5 0 100 1 10 100 1 10 7 1 10 100 1 10 5 0 100 1 10 100 1 10 100 1 10 100 1 10 100 1 10 100 1 10 100 1 10 100 1 10 100 1 10 100 1 10 100 1 10 100 1 10 10 12 1 10 12 1 1 10 12 10 7 12 1 1 100 1 1 1 1 1 1 1 1 1 1 1 1 1 1 1 1 1 1 1 1 1 1 1 1 1 1 1 1 1 1 1 1 1 1 1 1 1 1 1 1 1 100 1 1 1 1 1 1 1 100 1 1 1 1 1 1 100 1 1 1 1 1 1 100 1 1 1 1 1 1 1 100 1 1 1 1 1 1 1 100 1 1 1 1 1 1 1
staticfield java/nio/DirectByteBufferR $assertionsDisabled Z 1
ciInstanceKlass java/util/zip/Inflater 1 1 285 10 7 12 1 1 1 9 7 12 1 1 1 9 7 12 1 1 7 1 10 12 1 1 10 12 1 9 12 1 1 10 12 1 9 7 12 1 1 1 10 12 1 1 9 12 1 1 9 12 1 1 9 12 1 10 12 1 1 10 100 12 1 1 1 10 12 1 10 12 1 1 10 12 1 1 9 12 1 1 10 12 10 7 12 1 1 1 10 12 1 10 100 12 1 1 1 10 12 1 1 9 12 1 1 11 100 12 1 1 1 100 1 11 10 12 1 1 11 12 1 10 12 1 1 10 12 1 1 10 12 1 10 12 1 10 12 1 9 12 1 10 12 1 1 100 1 9 12 1 10 12 1 1 9 12 1 1 9 12 1 9 12 1 5 0 9 12 1 10 12 1 1 10 12 1 100 1 10 10 12 1 1 10 12 1 1 10 12 1 1 10 12 1 10 12 1 10 12 1 1 10 12 1 9 12 1 10 7 12 1 1 1 100 1 10 100 1 8 1 10 12 1 10 7 12 1 1 10 12 1 10 12 1 1 1 1 1 1 1 1 1 1 100 7 1 1 1 1 1 1 1 1 1 1 1 1 1 1 1 1 1 1 1 1 1 1 1 1 1 1 1 1 1 1 1 1 1 1 1 1 1 1 1 1
staticfield java/util/zip/Inflater $assertionsDisabled Z 1
ciMethod java/util/Objects checkFromIndexSize (III)I 514 0 52470 0 152
ciMethod java/util/AbstractMap <init> ()V 956 0 145337 0 0
ciMethod java/util/List iterator ()Ljava/util/Iterator; 0 0 1 0 -1
ciMethod java/util/List toArray ([Ljava/lang/Object;)[Ljava/lang/Object; 0 0 1 0 -1
ciMethod java/util/List add (Ljava/lang/Object;)Z 0 0 1 0 -1
ciMethod java/util/List isEmpty ()Z 0 0 1 0 -1
ciMethod java/util/List clear ()V 0 0 1 0 -1
ciMethod java/util/List size ()I 0 0 1 0 -1
ciMethod java/util/Arrays copyOf ([Ljava/lang/Object;I)[Ljava/lang/Object; 60 0 2742 0 0
ciMethod java/util/Arrays copyOf ([Ljava/lang/Object;ILjava/lang/Class;)[Ljava/lang/Object; 178 0 5438 0 -1
ciMethod java/util/Arrays copyOf ([BI)[B 188 0 5233 0 -1
ciMethod jdk/internal/util/ArraysSupport hugeLength (II)I 0 0 1 0 -1
ciMethod jdk/internal/util/ArraysSupport newLength (III)I 480 0 5862 0 0
ciMethod java/lang/Math max (II)I 514 0 86040 0 -1
ciMethod java/lang/Integer reverseBytes (I)I 1024 0 11044 0 -1
ciMethod java/lang/Integer numberOfLeadingZeros (I)I 32 0 5146 0 -1
ciMethod jdk/internal/misc/Unsafe convEndian (ZI)I 1024 0 11043 0 0
ciMethod jdk/internal/misc/Unsafe convEndian (ZS)S 1024 0 11011 0 0
ciMethod jdk/internal/misc/Unsafe putIntUnaligned (Ljava/lang/Object;JI)V 776 0 419 0 -1
ciMethod jdk/internal/misc/Unsafe putIntUnaligned (Ljava/lang/Object;JIZ)V 574 0 5409 0 152
ciMethod jdk/internal/misc/Unsafe putShortUnaligned (Ljava/lang/Object;JSZ)V 514 0 5378 0 0
ciMethod jdk/internal/misc/Unsafe putShortUnaligned (Ljava/lang/Object;JS)V 772 0 387 0 -1
ciMethod java/util/Iterator next ()Ljava/lang/Object; 0 0 1 0 -1
ciMethod java/util/Iterator hasNext ()Z 0 0 1 0 -1
ciMethod java/lang/String getBytes (Ljava/nio/charset/Charset;)[B 514 0 29839 0 784
ciMethod java/lang/String encodeUTF8_UTF16 ([BZ)[B 0 0 1 0 -1
ciMethod java/lang/String encode (Ljava/nio/charset/Charset;B[B)[B 534 0 5388 0 736
ciMethod java/lang/String encodeWithEncoder (Ljava/nio/charset/Charset;B[BZ)[B 0 0 37 0 -1
ciMethod java/lang/String encodeASCII (B[B)[B 0 0 8 0 -1
ciMethod java/lang/String encode8859_1 (B[B)[B 0 0 1 0 -1
ciMethod java/lang/String encodeUTF8 (B[BZ)[B 2 0 5122 0 592
ciMethod java/lang/String coder ()B 654 0 574093 0 88
ciMethod java/lang/Object getClass ()Ljava/lang/Class; 256 0 128 0 -1
ciMethod java/lang/Object <init> ()V 1024 0 1500794 0 136
ciInstanceKlass java/lang/foreign/MemorySegment$Scope 0 0 21 100 1 100 1 1 1 1 1 1 1 1 1 1 100 1 1 100 1 1 1
ciInstanceKlass jdk/internal/foreign/MemorySessionImpl 0 0 311 100 1 100 1 10 12 1 1 11 100 12 1 1 1 100 1 10 100 12 1 1 1 10 12 1 1 9 12 1 1 10 100 12 1 1 1 10 12 1 1 100 1 10 12 1 1 10 12 1 9 12 1 1 10 100 12 1 1 10 100 12 1 9 12 1 1 100 1 10 12 1 100 1 10 100 1 10 12 1 100 1 10 12 1 10 12 1 11 100 12 1 1 10 12 1 10 100 12 1 1 1 9 12 1 1 9 12 1 10 12 1 100 1 10 12 1 1 100 1 10 12 1 1 100 1 10 10 12 1 10 100 1 8 1 10 12 1 8 1 10 12 1 1 10 100 12 1 1 1 8 1 100 1 8 1 10 100 1 8 1 10 18 12 1 1 10 12 1 18 100 1 10 9 12 1 1 10 100 12 1 1 1 8 9 12 1 1 10 100 12 1 1 1 9 12 1 1 100 1 100 1 10 12 1 100 1 1 1 3 1 3 1 3 1 1 1 1 1 1 1 1 1 1 1 1 1 1 1 1 1 1 1 1 1 1 1 1 1 1 1 1 1 1 1 1 1 1 1 1 1 1 1 1 1 1 1 1 1 1 1 1 1 1 1 1 1 1 1 1 1 1 1 1 1 1 1 1 1 100 1 100 1 1 1 16 15 10 12 16 15 10 12 15 10 100 12 1 1 1 1 100 1 1 1 1 1 100 1 1 1
ciInstanceKlass jdk/internal/classfile/impl/StackCounter$Target 1 1 65 10 7 12 1 1 1 9 7 12 1 1 1 9 12 1 18 12 1 1 18 12 1 1 18 12 1 1 1 1 1 1 1 1 1 1 1 1 1 1 1 1 1 7 1 1 1 8 1 15 15 15 10 100 12 1 1 1 1 1 100 1 100 1 1
ciInstanceKlass sun/reflect/generics/reflectiveObjects/ParameterizedTypeImpl 1 1 177 10 7 12 1 1 1 9 7 12 1 1 1 9 12 1 1 10 7 12 1 1 1 9 12 1 1 10 12 1 10 12 1 1 100 1 8 1 10 12 1 1 10 100 12 1 1 1 10 100 12 1 1 1 10 12 1 10 12 1 10 7 12 1 1 7 1 11 12 1 1 10 7 12 1 1 1 11 12 1 11 12 1 1 10 7 12 1 1 10 12 1 1 10 12 1 100 1 10 11 100 12 1 1 10 12 1 1 8 1 10 12 1 8 1 10 12 1 1 10 12 1 100 1 8 1 8 1 8 1 10 12 1 10 12 1 1 10 12 1 10 10 12 1 1 1 1 1 1 1 1 1 1 1 1 1 1 1 100 1 1 1 1 1 1 1 1 1 1 1 1 1 1 1 1 1 1
ciInstanceKlass java/lang/foreign/MemorySegment 0 0 242 10 100 12 1 1 1 10 100 12 1 1 1 10 12 1 10 12 1 10 12 1 10 12 1 10 12 1 10 12 1 10 12 1 1 9 100 12 1 1 1 11 100 12 1 1 1 10 100 12 1 1 1 10 10 12 1 10 12 1 10 12 1 1 11 12 1 1 9 12 1 1 100 1 1 1 1 1 1 1 1 1 1 1 1 1 1 1 1 1 1 1 1 1 1 1 1 1 1 1 1 1 1 1 1 1 1 1 1 1 1 1 1 1 1 1 1 1 1 1 1 1 1 1 1 1 1 1 1 1 1 1 1 1 1 1 1 1 1 1 1 1 1 1 1 1 1 1 1 1 1 1 1 1 1 1 1 1 1 1 1 1 1 1 1 1 1 1 1 1 1 1 1 1 1 1 1 1 1 1 1 1 1 1 1 1 1 1 1 1 1 1 1 1 1 1 1 1 1 1 1 1 1 1 1 1 1 1 1 1 1 1 1 100 1 1 1 100 1 1 1 100 1 1 100 1 1 100 1 1 100 1 1 100 1 1 100 1 1 100 1 1
instanceKlass org/apache/kafka/common/requests/OffsetFetchRequest$NoBatchedOffsetFetchRequestException
instanceKlass org/apache/kafka/common/requests/FindCoordinatorRequest$NoBatchedFindCoordinatorsException
ciInstanceKlass org/apache/kafka/common/errors/UnsupportedVersionException 1 1 28 1 100 1 7 1 1 1 5 0 1 1 12 10 1 1 1 1 1 1 1 12 10 1 1 1 1 1
ciInstanceKlass org/apache/kafka/common/protocol/Message 1 1 46 1 7 1 100 1 1 1 1 1 1 1 7 1 1 12 10 1 1 12 11 1 1 12 10 1 1 1 1 1 1 1 1 1 1 1 1 1 1 1 1 1 1 1 1 1
ciInstanceKlass org/apache/kafka/common/protocol/ApiMessage 1 0 43 1 100 1 100 1 100 1 1 1 1 1 100 1 8 1 1 12 10 1 1 1 8 1 1 1 8 1 1 1 8 1 1 1 8 1 1 8 1 1 8 1 1
ciInstanceKlass org/apache/kafka/common/message/FetchRequestData 1 1 590 1 7 1 7 1 100 1 1 7 1 100 1 7 1 7 1 1 1 1 100 1 7 1 1 7 1 7 1 1 1 100 1 100 1 1 1 1 1 1 1 1 1 1 1 1 1 1 1 1 1 1 1 1 1 1 1 1 1 1 1 1 1 1 1 1 1 1 1 1 1 1 1 1 1 1 3 1 3 1 1 1 12 10 1 12 10 1 1 1 1 1 12 9 12 9 10 12 9 12 9 12 9 3 12 9 12 9 12 9 12 9 1 7 1 12 10 12 9 12 9 1 8 12 9 1 1 1 1 1 100 1 1 12 11 1 1 12 11 1 12 11 1 100 1 8 1 12 10 1 12 11 1 8 1 100 1 1 12 10 15 1 12 18 12 10 1 1 12 10 1 8 10 1 12 11 1 8 1 8 1 12 18 1 12 11 12 9 1 8 18 10 1 8 1 12 18 1 1 12 11 1 1 1 1 1 1 1 1 1 1 1 1 1 1 7 1 12 11 1 100 1 8 18 10 1 12 10 1 8 18 1 1 12 11 1 7 1 12 11 1 12 11 1 1 12 11 1 7 1 1 12 11 1 1 12 11 12 10 10 1 12 11 1 8 18 1 7 1 1 12 10 1 100 1 1 12 11 1 1 12 11 1 7 1 1 12 10 1 12 10 1 7 1 1 12 10 1 12 10 10 1 1 12 10 1 8 18 1 1 1 1 1 1 1 1 1 1 1 1 1 1 7 1 12 10 1 7 1 1 12 9 1 7 1 1 12 10 1 8 1 1 12 10 1 12 10 12 10 10 10 1 8 1 100 1 12 10 10 1 1 1 1 1 1 10 11 1 100 1 1 12 10 1 1 1 1 12 10 10 11 1 1 10 1 12 10 1 12 10 1 12 10 1 1 1 1 1 1 1 8 12 10 1 8 1 12 18 10 1 1 12 10 1 8 1 12 18 1 1 1 1 1 1 1 1 1 1 1 1 1 1 1 1 1 1 1 1 1 1 1 1 1 1 12 10 1 1 7 1 8 1 1 12 9 1 8 1 12 10 1 8 1 8 1 8 1 8 1 8 1 8 1 8 1 12 9 1 8 8 1 7 12 9 1 12 10 1 8 1 12 10 9 12 9 9 12 9 1 8 1 8 1 8 1 8 1 8 12 9 1 8 9 12 9 12 9 9 12 9 1 8 1 12 9 1 8 12 9 1 7 12 9 10 9 1 12 9 1 7 1 1 12 10 1 8 1 12 9 1 8 1 1 12 10 9 12 9 9 9 12 9 1 8 12 9 1 8 9 12 9 12 9 9 12 9 9 12 9 1 1 1 1 1 1 1 1 1 1 1
staticfield org/apache/kafka/common/message/FetchRequestData SCHEMA_4 Lorg/apache/kafka/common/protocol/types/Schema; org/apache/kafka/common/protocol/types/Schema
staticfield org/apache/kafka/common/message/FetchRequestData SCHEMA_5 Lorg/apache/kafka/common/protocol/types/Schema; org/apache/kafka/common/protocol/types/Schema
staticfield org/apache/kafka/common/message/FetchRequestData SCHEMA_6 Lorg/apache/kafka/common/protocol/types/Schema; org/apache/kafka/common/protocol/types/Schema
staticfield org/apache/kafka/common/message/FetchRequestData SCHEMA_7 Lorg/apache/kafka/common/protocol/types/Schema; org/apache/kafka/common/protocol/types/Schema
staticfield org/apache/kafka/common/message/FetchRequestData SCHEMA_8 Lorg/apache/kafka/common/protocol/types/Schema; org/apache/kafka/common/protocol/types/Schema
staticfield org/apache/kafka/common/message/FetchRequestData SCHEMA_9 Lorg/apache/kafka/common/protocol/types/Schema; org/apache/kafka/common/protocol/types/Schema
staticfield org/apache/kafka/common/message/FetchRequestData SCHEMA_10 Lorg/apache/kafka/common/protocol/types/Schema; org/apache/kafka/common/protocol/types/Schema
staticfield org/apache/kafka/common/message/FetchRequestData SCHEMA_11 Lorg/apache/kafka/common/protocol/types/Schema; org/apache/kafka/common/protocol/types/Schema
staticfield org/apache/kafka/common/message/FetchRequestData SCHEMA_12 Lorg/apache/kafka/common/protocol/types/Schema; org/apache/kafka/common/protocol/types/Schema
staticfield org/apache/kafka/common/message/FetchRequestData SCHEMA_13 Lorg/apache/kafka/common/protocol/types/Schema; org/apache/kafka/common/protocol/types/Schema
staticfield org/apache/kafka/common/message/FetchRequestData SCHEMA_14 Lorg/apache/kafka/common/protocol/types/Schema; org/apache/kafka/common/protocol/types/Schema
staticfield org/apache/kafka/common/message/FetchRequestData SCHEMA_15 Lorg/apache/kafka/common/protocol/types/Schema; org/apache/kafka/common/protocol/types/Schema
staticfield org/apache/kafka/common/message/FetchRequestData SCHEMA_16 Lorg/apache/kafka/common/protocol/types/Schema; org/apache/kafka/common/protocol/types/Schema
staticfield org/apache/kafka/common/message/FetchRequestData SCHEMA_17 Lorg/apache/kafka/common/protocol/types/Schema; org/apache/kafka/common/protocol/types/Schema
staticfield org/apache/kafka/common/message/FetchRequestData SCHEMA_18 Lorg/apache/kafka/common/protocol/types/Schema; org/apache/kafka/common/protocol/types/Schema
staticfield org/apache/kafka/common/message/FetchRequestData SCHEMAS [Lorg/apache/kafka/common/protocol/types/Schema; 19 [Lorg/apache/kafka/common/protocol/types/Schema;
ciInstanceKlass java/util/ArrayList$ListItr 1 1 94 9 7 12 1 1 1 10 7 12 1 1 1 9 12 1 1 10 12 1 1 100 1 10 12 9 100 12 1 1 1 100 1 10 9 12 1 100 1 10 10 12 1 1 100 1 10 12 1 1 9 12 1 9 12 1 100 1 1 1 1 1 1 1 1 1 1 1 1 1 1 1 1 1 1 1 1 100 1 1 1 1 1 1 1 1 1 1 1 1 1 1 1 1
ciInstanceKlass org/apache/kafka/common/message/HeartbeatRequestData 1 1 366 1 7 1 7 1 100 1 1 100 1 7 1 1 7 1 7 1 1 100 1 100 1 1 1 1 1 1 1 1 1 1 1 1 1 1 1 1 1 1 1 1 3 1 3 1 1 1 12 10 1 12 10 1 1 1 1 1 1 8 12 9 12 9 12 9 12 9 1 1 1 1 1 100 1 1 12 11 1 12 11 1 100 1 8 1 12 10 1 8 1 100 1 1 12 10 15 1 12 18 1 12 11 1 12 11 1 8 1 8 18 1 8 18 12 9 1 1 12 11 1 1 1 1 1 1 1 1 7 1 1 12 10 1 7 1 1 12 11 1 100 1 1 12 11 1 1 12 11 1 12 11 1 100 1 8 1 12 18 10 1 7 1 1 12 10 1 12 10 3 1 1 12 10 1 8 18 1 1 1 1 1 1 1 1 1 1 7 1 1 12 9 1 7 1 1 12 10 1 8 1 1 12 10 1 7 1 1 12 10 1 7 1 12 10 1 8 1 8 1 100 1 12 11 1 1 12 11 1 100 1 1 12 11 1 1 12 11 1 100 1 12 10 10 1 1 1 1 1 12 10 1 100 1 1 12 10 1 1 1 1 12 10 1 1 10 1 1 1 1 8 12 10 1 8 1 12 18 1 8 1 12 18 1 1 1 1 100 12 10 1 1 1 1 1 1 1 1 12 10 1 1 7 1 8 1 1 12 9 1 8 1 12 10 1 8 1 12 9 1 8 1 8 1 8 1 12 10 12 9 12 9 12 9 1 8 1 12 9 1 8 12 9 1 12 9 1 12 9 1 1 12 10 12 9 12 9 1 1 1 1 1 1 1 1 1
staticfield org/apache/kafka/common/message/HeartbeatRequestData SCHEMA_0 Lorg/apache/kafka/common/protocol/types/Schema; org/apache/kafka/common/protocol/types/Schema
staticfield org/apache/kafka/common/message/HeartbeatRequestData SCHEMA_1 Lorg/apache/kafka/common/protocol/types/Schema; org/apache/kafka/common/protocol/types/Schema
staticfield org/apache/kafka/common/message/HeartbeatRequestData SCHEMA_2 Lorg/apache/kafka/common/protocol/types/Schema; org/apache/kafka/common/protocol/types/Schema
staticfield org/apache/kafka/common/message/HeartbeatRequestData SCHEMA_3 Lorg/apache/kafka/common/protocol/types/Schema; org/apache/kafka/common/protocol/types/Schema
staticfield org/apache/kafka/common/message/HeartbeatRequestData SCHEMA_4 Lorg/apache/kafka/common/protocol/types/Schema; org/apache/kafka/common/protocol/types/Schema
staticfield org/apache/kafka/common/message/HeartbeatRequestData SCHEMAS [Lorg/apache/kafka/common/protocol/types/Schema; 5 [Lorg/apache/kafka/common/protocol/types/Schema;
ciInstanceKlass org/apache/kafka/common/network/Send 1 0 16 1 100 1 100 1 1 1 1 1 1 100 1 1 1 1
ciInstanceKlass org/apache/kafka/common/protocol/Writable 1 1 109 1 7 1 100 1 1 100 1 100 1 1 1 1 1 1 1 1 1 1 1 1 1 1 1 1 1 1 1 1 1 100 1 1 12 10 12 11 1 100 10 1 100 1 100 1 1 12 11 1 100 1 1 12 10 1 8 1 100 1 1 12 10 15 1 12 18 1 1 12 10 1 1 1 1 1 1 1 1 1 1 7 1 1 12 10 12 11 1 12 10 1 1 1 12 11 1 1 1 12 11 1 1 1 1 1 1 1 1
ciInstanceKlass org/apache/kafka/common/message/RequestHeaderData 1 1 335 1 7 1 7 1 100 1 1 100 1 7 1 1 7 1 7 1 1 100 1 100 1 1 1 1 1 1 1 1 1 1 1 1 1 1 1 1 1 3 1 3 1 1 1 12 10 1 12 10 1 1 1 1 1 12 9 12 9 12 9 1 8 12 9 1 1 1 1 1 100 1 12 11 1 1 12 11 1 100 1 8 1 100 1 1 12 10 15 1 12 18 1 12 10 1 12 11 12 9 1 12 11 1 1 12 11 1 1 1 1 1 1 1 1 7 1 1 12 11 1 1 12 11 1 7 1 1 12 10 1 1 12 11 1 7 1 1 12 10 1 12 10 1 12 11 3 1 1 12 10 1 100 1 8 1 12 18 10 1 1 1 1 1 1 1 1 1 1 1 7 1 12 10 1 7 1 1 12 9 1 7 1 1 12 10 1 8 100 1 1 12 10 1 100 1 12 11 1 1 12 11 1 100 1 1 12 11 1 1 12 11 1 100 1 12 10 1 7 1 1 12 10 10 1 1 1 1 1 12 10 1 100 1 1 12 10 1 1 1 1 12 10 1 1 10 1 1 1 1 8 12 10 1 8 1 12 18 1 8 1 12 18 1 1 1 1 100 12 10 1 1 1 1 1 1 1 1 1 12 10 1 1 7 1 8 1 1 12 9 1 8 1 12 10 1 8 1 8 1 8 1 12 9 1 8 1 8 1 12 9 1 8 1 12 10 12 9 1 1 12 10 12 9 12 9 1 1 1 1 1 1 1 1 1
staticfield org/apache/kafka/common/message/RequestHeaderData SCHEMA_1 Lorg/apache/kafka/common/protocol/types/Schema; org/apache/kafka/common/protocol/types/Schema
staticfield org/apache/kafka/common/message/RequestHeaderData SCHEMA_2 Lorg/apache/kafka/common/protocol/types/Schema; org/apache/kafka/common/protocol/types/Schema
staticfield org/apache/kafka/common/message/RequestHeaderData SCHEMAS [Lorg/apache/kafka/common/protocol/types/Schema; 3 [Lorg/apache/kafka/common/protocol/types/Schema;
ciInstanceKlass org/apache/kafka/common/protocol/SendBuilder 1 1 289 1 7 1 7 1 100 1 1 1 1 1 1 1 1 1 1 1 1 1 1 1 12 10 1 7 12 10 12 9 12 9 1 7 10 12 9 12 9 1 7 1 1 12 10 12 9 1 1 12 10 1 1 1 1 1 1 1 1 12 10 1 1 1 1 1 1 12 10 1 1 1 12 10 1 1 1 1 12 10 1 1 1 1 12 10 1 1 1 1 12 10 1 1 1 1 7 1 12 10 1 1 1 1 12 10 1 12 10 1 12 10 1 1 12 10 1 1 12 10 1 7 1 1 12 11 1 1 12 10 1 1 1 7 11 1 7 1 12 11 1 1 1 1 12 11 1 1 1 100 12 10 1 100 10 1 12 10 1 100 1 1 12 11 12 10 1 1 1 1 12 11 1 1 12 11 1 7 1 7 1 12 10 12 10 1 1 12 10 1 12 10 1 12 10 1 12 10 12 10 1 12 10 1 1 1 12 11 1 1 12 11 1 100 1 12 10 1 1 1 7 1 1 12 10 1 1 12 10 1 12 10 1 1 12 10 1 1 1 1 1 1 1 100 1 12 10 10 1 1 1 7 10 1 7 10 1 7 1 1 12 11 1 12 10 10 1 12 10 12 10 1 1 12 11 12 10 1 1 1 1 1 1 1 1 1 1 1 1
ciInstanceKlass org/apache/kafka/common/protocol/ObjectSerializationCache 1 1 51 1 7 1 7 1 1 1 1 1 1 12 10 1 7 10 12 9 1 1 1 1 1 1 12 10 1 1 1 1 1 1 1 1 12 10 1 100 1 1 1 1 1 1 7 1 1 1 1 1 1
ciInstanceKlass org/apache/kafka/common/protocol/MessageSizeAccumulator 1 1 31 1 7 1 7 1 1 1 1 1 1 12 10 12 9 12 9 1 1 1 1 1 1 1 1 1 1 1 1 1 1
ciInstanceKlass org/apache/kafka/common/utils/ByteUtils 1 1 224 1 7 1 100 1 1 100 1 100 1 1 1 1 1 12 10 1 1 1 1 1 7 1 1 12 10 5 0 1 1 1 12 10 1 1 1 1 1 100 1 100 1 12 10 1 1 1 1 1 1 1 1 1 1 12 10 1 1 1 1 12 10 1 1 1 100 1 1 12 10 1 1 1 1 1 1 1 12 10 1 1 12 10 1 1 1 1 12 10 12 10 1 1 5 0 5 0 1 1 12 10 1 1 1 12 10 1 1 1 1 100 1 12 11 1 1 1 12 10 1 1 1 1 12 10 3 3 1 1 100 1 12 11 1 1 12 10 12 10 1 1 5 0 1 1 1 12 10 1 1 1 12 11 1 1 1 1 12 10 1 1 7 1 12 10 3 1 1 1 12 10 1 1 1 12 10 1 100 12 10 1 1 100 1 1 12 10 1 8 1 100 1 1 12 10 15 1 12 18 1 12 10 1 12 10 1 8 18 1 1 1 12 10 12 9 1 1 1 1 1 1 1 1
staticfield org/apache/kafka/common/utils/ByteUtils EMPTY_BUF Ljava/nio/ByteBuffer; java/nio/HeapByteBuffer
ciInstanceKlass org/apache/kafka/common/protocol/types/RawTaggedFieldWriter 1 1 127 1 7 1 7 1 1 100 1 100 1 1 1 1 1 1 1 1 1 1 1 1 1 1 12 9 1 1 12 10 1 1 12 10 12 9 1 7 1 1 12 11 12 9 12 9 1 1 1 1 12 11 1 1 1 7 1 1 12 11 1 1 12 11 1 100 1 12 10 1 100 1 8 1 100 1 1 12 10 15 1 12 18 1 12 10 1 12 11 1 8 1 12 18 1 100 1 1 12 11 1 1 12 10 1 1 12 11 1 1 1 1 1 1 1 7 12 10 1 1 1 1 1 1 1 1 1
staticfield org/apache/kafka/common/protocol/types/RawTaggedFieldWriter EMPTY_WRITER Lorg/apache/kafka/common/protocol/types/RawTaggedFieldWriter; org/apache/kafka/common/protocol/types/RawTaggedFieldWriter
ciInstanceKlass org/apache/kafka/common/network/ByteBufferSend 1 1 105 1 7 1 7 1 100 1 1 100 1 100 1 1 1 1 1 1 1 1 1 1 1 12 10 12 9 12 9 100 12 9 1 100 1 12 10 12 9 1 1 1 1 1 1 1 1 1 1 1 100 1 7 1 1 12 11 1 100 1 8 1 12 10 1 12 11 1 1 1 1 1 1 8 1 100 1 1 12 10 15 1 12 18 1 1 1 1 12 10 1 1 12 10 12 10 1 1 1 1 1 1 1 1 1
ciMethodData java/lang/Object <init> ()V 2 1500282 orig 80 1 0 0 0 0 0 0 0 0 0 0 0 0 0 0 0 0 0 0 0 0 0 0 0 0 0 0 0 0 0 0 0 0 0 0 0 0 0 0 0 0 0 0 0 0 0 0 0 0 0 0 0 0 0 0 0 0 0 0 0 0 0 0 0 0 0 0 0 0 0 0 0 0 0 0 0 0 0 0 0 data 4 0x0 0x9 0x1 0x0 oops 0 methods 0
ciMethodData java/util/AbstractCollection <init> ()V 2 268290 orig 80 0 0 0 0 0 0 0 0 0 0 0 0 139 2 0 0 0 0 0 0 0 0 0 0 0 0 0 0 0 0 0 0 0 0 0 0 0 0 0 0 0 0 0 0 0 0 0 0 0 0 0 0 0 0 0 0 0 0 0 0 0 0 0 0 0 0 0 0 0 0 0 0 0 0 0 0 0 0 0 0 data 7 0x10002 0x41803 0x0 0x0 0x9 0x1 0x0 oops 0 methods 0
ciMethodData java/lang/String coder ()B 2 573766 orig 80 0 0 0 0 0 0 0 0 0 0 0 0 0 0 0 0 0 0 0 0 0 0 0 0 0 0 0 0 0 0 0 0 0 0 0 0 0 0 0 0 0 0 0 0 0 0 0 0 0 0 0 0 0 0 0 0 0 0 0 0 0 0 0 0 0 0 0 0 0 0 0 0 0 0 0 0 0 0 0 0 data 14 0x30007 0x0 0x38 0x8c147 0xa0003 0x8c147 0x18 0x0 0x0 0x0 0x0 0x9 0x1 0x0 oops 0 methods 0
ciMethodData java/util/AbstractMap <init> ()V 2 144859 orig 80 0 0 0 0 0 0 0 0 0 0 0 0 139 2 0 0 0 0 0 0 0 0 0 0 0 0 0 0 0 0 0 0 0 0 0 0 0 0 0 0 0 0 0 0 0 0 0 0 0 0 0 0 0 0 0 0 0 0 0 0 0 0 0 0 0 0 0 0 0 0 0 0 0 0 0 0 0 0 0 0 data 7 0x10002 0x235db 0x0 0x0 0x9 0x1 0x0 oops 0 methods 0
ciMethodData java/lang/ref/Reference reachabilityFence (Ljava/lang/Object;)V 2 158997 orig 80 0 0 0 0 0 0 0 0 0 0 0 0 0 0 0 0 0 0 0 0 0 0 0 0 0 0 0 0 0 0 0 0 0 0 0 0 0 0 0 0 0 0 0 0 0 0 0 0 0 0 0 0 0 0 0 0 0 0 0 0 0 0 0 0 0 0 0 0 0 0 0 0 0 0 0 0 0 0 0 0 data 4 0x0 0x9 0x1 0x0 oops 0 methods 0
ciMethodData jdk/internal/util/Preconditions checkFromIndexSize (IIILjava/util/function/BiFunction;)I 2 83266 orig 80 0 0 0 0 0 0 0 0 0 0 0 0 0 0 0 0 0 0 0 0 0 0 0 0 0 0 0 0 0 0 0 0 0 0 0 0 0 0 0 0 0 0 0 0 0 0 0 0 0 0 0 0 0 0 0 0 0 0 0 0 0 0 0 0 0 0 0 0 0 0 0 0 0 0 0 0 0 0 0 0 data 22 0x50007 0x0 0x40 0x14542 0xc0007 0x14542 0x30 0x0 0x130002 0x0 0x0 0x0 0x0 0x0 0x0 0x0 0x9 0x4 0x0 0x0 0x0 0x0 oops 0 methods 0
ciMethodData jdk/internal/util/ArraysSupport newLength (III)I 2 5622 orig 80 0 0 0 0 0 0 0 0 0 0 0 0 139 2 0 0 0 0 0 0 0 0 0 0 0 0 0 0 0 0 0 0 0 0 0 0 0 0 0 0 0 0 0 0 0 0 0 0 0 0 0 0 0 0 0 0 0 0 0 0 0 0 0 0 0 0 0 0 0 0 0 0 0 0 0 0 0 0 0 0 data 23 0x30002 0x15f6 0xa0007 0x0 0x40 0x15f6 0x100007 0x0 0x20 0x15f6 0x170002 0x0 0x0 0x0 0x0 0x0 0x0 0x0 0x9 0x3 0x0 0x0 0x0 oops 0 methods 0
ciMethodData java/util/Objects checkFromIndexSize (III)I 2 52213 orig 80 0 0 0 0 0 0 0 0 0 0 0 0 0 0 0 0 0 0 0 0 0 0 0 0 0 0 0 0 0 0 0 0 0 0 0 0 0 0 0 0 0 0 0 0 0 0 0 0 0 0 0 0 0 0 0 0 0 0 0 0 0 0 0 0 0 0 0 0 0 0 0 0 0 0 0 0 0 0 0 0 data 13 0x40002 0xcbf5 0x0 0x0 0x0 0x0 0x0 0x0 0x9 0x3 0x0 0x0 0x0 oops 0 methods 0
ciMethodData java/lang/StringCoding hasNegatives ([BII)Z 2 9906 orig 80 0 0 0 0 0 0 0 0 0 0 0 0 139 2 0 0 0 0 0 0 0 0 0 0 0 0 0 0 0 0 0 0 0 0 0 0 0 0 0 0 0 0 0 0 0 0 0 0 0 0 0 0 0 0 0 0 0 0 0 0 0 0 0 0 0 0 0 0 0 0 0 0 0 0 0 0 0 0 0 0 data 20 0x30002 0x26b2 0x70007 0x26b2 0x38 0x0 0xb0003 0x0 0x18 0x0 0x0 0x0 0x0 0x0 0x0 0x9 0x3 0x0 0x0 0x0 oops 0 methods 0
ciMethodData java/util/Arrays copyOf ([Ljava/lang/Object;I)[Ljava/lang/Object; 2 2712 orig 80 0 0 0 0 0 0 0 0 0 0 0 0 139 2 0 0 0 0 0 0 0 0 0 0 0 0 0 0 0 0 0 0 0 0 0 0 0 0 0 0 0 0 0 0 0 0 0 0 0 0 0 0 0 0 0 0 0 0 0 0 0 0 0 0 0 0 0 0 0 0 0 0 0 0 0 0 0 0 0 0 data 18 0x30005 0xa98 0x0 0x0 0x0 0x0 0x60002 0xa98 0x0 0x0 0x0 0x0 0x0 0x0 0x9 0x2 0xffffffffffffffff 0x0 oops 0 methods 0
ciMethodData java/util/ArrayDeque pollFirst ()Ljava/lang/Object; 2 5122 orig 80 0 0 0 0 0 0 0 0 0 0 0 0 139 2 0 0 0 0 0 0 0 0 0 0 0 0 0 0 0 0 0 0 0 0 0 0 0 0 0 0 0 0 0 0 0 0 0 0 0 0 0 0 0 0 0 0 0 0 0 0 0 0 0 0 0 0 0 0 0 0 0 0 0 0 0 0 0 0 0 0 data 23 0xc0002 0x1402 0x110007 0x366 0x60 0x109c 0x170104 0x0 0x0 0x0 0x0 0x0 0x1c0002 0x109c 0x0 0x0 0x0 0x0 0x0 0x0 0x9 0x1 0x6 oops 0 methods 0
ciMethodData java/util/ArrayList add (Ljava/lang/Object;)Z 2 22023 orig 80 1 0 0 0 0 0 0 0 0 0 0 0 139 2 0 0 0 0 0 0 0 0 0 0 0 0 0 0 0 0 0 0 0 0 0 0 0 0 0 0 0 0 0 0 0 0 0 0 0 0 0 0 0 0 0 0 0 0 0 0 0 0 0 0 0 0 0 0 0 0 0 0 0 0 0 0 0 0 0 0 data 16 0x140005 0x5607 0x0 0x0 0x0 0x0 0x0 0x0 0x0 0x0 0x0 0x0 0x9 0x2 0xe 0x0 oops 0 methods 0
ciMethodData java/util/ArrayList add (Ljava/lang/Object;[Ljava/lang/Object;I)V 2 22023 orig 80 0 0 0 0 0 0 0 0 0 0 0 0 139 2 0 0 0 0 0 0 0 0 0 0 0 0 0 0 0 0 0 0 0 0 0 0 0 0 0 0 0 0 0 0 0 0 0 0 0 0 0 0 0 0 0 0 0 0 0 0 0 0 0 0 0 0 0 0 0 0 0 0 0 0 0 0 0 0 0 0 data 28 0x30007 0x44d2 0x50 0x1135 0x70005 0x1135 0x0 0x0 0x0 0x0 0xe0104 0x4128 0x28bdf03cae8 0x1324 0x28bdf3d0768 0xbb 0x0 0x0 0x0 0x0 0x0 0x0 0x9 0x4 0xc 0x0 0xffffffffffffffff 0x0 oops 2 12 java/lang/Class 14 java/lang/invoke/InvokerBytecodeGenerator$ClassData methods 0
ciMethodData java/util/ArrayList grow ()[Ljava/lang/Object; 2 4407 orig 80 0 0 0 0 0 0 0 0 0 0 0 0 139 2 0 0 0 0 0 0 0 0 0 0 0 0 0 0 0 0 0 0 0 0 0 0 0 0 0 0 0 0 0 0 0 0 0 0 0 0 0 0 0 0 0 0 0 0 0 0 0 0 0 0 0 0 0 0 0 0 0 0 0 0 0 0 0 0 0 0 data 15 0x70005 0x1137 0x0 0x0 0x0 0x0 0x0 0x0 0x0 0x0 0x0 0x0 0x9 0x1 0xc oops 0 methods 0
ciMethodData java/util/ArrayList grow (I)[Ljava/lang/Object; 2 4529 orig 80 0 0 0 0 0 0 0 0 0 0 0 0 139 2 0 0 0 0 0 0 0 0 0 0 0 0 0 0 0 0 0 0 0 0 0 0 0 0 0 1 0 0 0 0 0 0 0 0 0 0 0 0 0 0 0 0 0 0 0 0 0 0 0 0 0 0 0 0 0 0 0 0 0 0 0 0 0 0 0 0 data 24 0x70007 0xcb 0x40 0x10e6 0x8000000600110007 0x10e5 0x40 0x2 0x1b0002 0xcd 0x250002 0xcd 0x310002 0x10e5 0x0 0x0 0x0 0x0 0x0 0x0 0x9 0x2 0xc 0x0 oops 0 methods 0
ciMethodData java/nio/Buffer session ()Ljdk/internal/foreign/MemorySessionImpl; 2 131320 orig 80 0 0 0 0 0 0 0 0 0 0 0 0 0 0 0 0 0 0 0 0 0 0 0 0 0 0 0 0 0 0 0 0 0 0 0 0 0 0 0 0 0 0 0 0 0 0 0 0 0 0 0 0 0 0 0 0 0 0 0 0 0 0 0 0 0 0 0 0 0 0 0 0 0 0 0 0 0 0 0 0 data 25 0x40007 0x200f8 0x80 0x0 0xb0004 0x0 0x0 0x0 0x0 0x0 0xe0005 0x0 0x0 0x0 0x0 0x0 0x0 0x0 0x0 0x0 0x0 0x0 0x9 0x1 0x0 oops 0 methods 0
ciMethodData java/util/ArrayDeque inc (II)I 2 14759 orig 80 0 0 0 0 0 0 0 0 0 0 0 0 0 0 0 0 0 0 0 0 0 0 0 0 0 0 0 0 0 0 0 0 0 0 0 0 0 0 0 0 0 0 0 0 0 0 0 0 0 0 0 0 0 0 0 0 0 0 0 0 0 0 0 0 0 0 0 0 0 0 0 0 0 0 0 0 0 0 0 0 data 9 0x50007 0x3561 0x20 0x446 0x0 0x9 0x2 0x0 0x0 oops 0 methods 0
ciMethodData java/util/ArrayDeque elementAt ([Ljava/lang/Object;I)Ljava/lang/Object; 2 13103 orig 80 0 0 0 0 0 0 0 0 0 0 0 0 0 0 0 0 0 0 0 0 0 0 0 0 0 0 0 0 0 0 0 0 0 0 0 0 0 0 0 0 0 0 0 0 0 0 0 0 0 0 0 0 0 0 0 0 0 0 0 0 0 0 0 0 0 0 0 0 0 0 0 0 0 0 0 0 0 0 0 0 data 7 0x0 0x0 0x0 0x9 0x2 0x0 0x0 oops 0 methods 0
ciMethodData java/util/ArrayList <init> ()V 2 116326 orig 80 0 0 0 0 0 0 0 0 0 0 0 0 139 2 0 0 0 0 0 0 0 0 0 0 0 0 0 0 0 0 0 0 0 0 0 0 0 0 0 0 0 0 0 0 0 0 0 0 0 0 0 0 0 0 0 0 0 0 0 0 0 0 0 0 0 0 0 0 0 0 0 0 0 0 0 0 0 0 0 0 data 9 0x10002 0x1c666 0x0 0x0 0x0 0x0 0x9 0x1 0x0 oops 0 methods 0
ciMethodData java/util/AbstractList <init> ()V 2 128673 orig 80 0 0 0 0 0 0 0 0 0 0 0 0 139 2 0 0 0 0 0 0 0 0 0 0 0 0 0 0 0 0 0 0 0 0 0 0 0 0 0 0 0 0 0 0 0 0 0 0 0 0 0 0 0 0 0 0 0 0 0 0 0 0 0 0 0 0 0 0 0 0 0 0 0 0 0 0 0 0 0 0 data 9 0x10002 0x1f6a1 0x0 0x0 0x0 0x0 0x9 0x1 0x0 oops 0 methods 0
ciMethodData java/util/ArrayList toArray ([Ljava/lang/Object;)[Ljava/lang/Object; 2 6440 orig 80 3 0 0 0 0 0 0 0 0 0 0 0 139 2 0 0 0 0 0 0 1 0 1 0 0 0 0 0 0 0 0 0 0 0 0 0 0 0 0 1 0 0 0 0 0 0 0 0 0 0 0 0 0 0 0 0 0 0 0 0 0 0 0 0 0 0 0 0 0 0 0 0 0 0 0 0 0 0 0 0 data 34 0x60007 0x3bf 0x60 0x1569 0x120005 0x1569 0x0 0x0 0x0 0x0 0x8000000400150002 0x156a 0x8000000600240002 0x3c0 0x80000006002d0007 0x3c0 0x50 0x1 0x360104 0x0 0x0 0x0 0x0 0x0 0x0 0x0 0x0 0x0 0x0 0x0 0x9 0x2 0x0 0x0 oops 0 methods 0
ciMethodData java/util/ArrayDeque poll ()Ljava/lang/Object; 2 5122 orig 80 0 0 0 0 0 0 0 0 0 0 0 0 0 0 0 0 0 0 0 0 0 0 0 0 0 0 0 0 0 0 0 0 0 0 0 0 0 0 0 0 0 0 0 0 0 0 0 0 0 0 0 0 0 0 0 0 0 0 0 0 0 0 0 0 0 0 0 0 0 0 0 0 0 0 0 0 0 0 0 0 data 15 0x10005 0x0 0x28be1f5eb08 0x1402 0x0 0x0 0x0 0x0 0x0 0x0 0x0 0x0 0x9 0x1 0x0 oops 1 2 java/util/ArrayDeque methods 0
ciMethodData java/util/ArrayDeque addLast (Ljava/lang/Object;)V 2 5122 orig 80 0 0 0 0 0 0 0 0 0 0 0 0 0 0 0 0 0 0 0 0 0 0 0 0 0 0 0 0 0 0 0 0 0 0 0 0 0 0 0 0 0 0 0 0 0 0 0 0 0 0 0 0 0 0 0 0 0 0 0 0 0 0 0 0 0 0 0 0 0 0 0 0 0 0 0 0 0 0 0 0 data 34 0x10007 0x1402 0x30 0x0 0x80002 0x0 0x170004 0x9c 0x28be23d6960 0xcde 0x28be23d6a10 0x688 0x230002 0x1402 0x2a0007 0x1402 0x50 0x0 0x2f0005 0x0 0x0 0x0 0x0 0x0 0x0 0x0 0x0 0x0 0x0 0x0 0x9 0x2 0xffffffffffffffff 0x0 oops 2 8 java/util/zip/Inflater 10 jdk/internal/classfile/impl/StackCounter$Target methods 0
ciMethodData java/util/ArrayDeque add (Ljava/lang/Object;)Z 2 5123 orig 80 0 0 0 0 0 0 0 0 0 0 0 0 0 0 0 0 0 0 0 0 0 0 0 0 0 0 0 0 0 0 0 0 0 0 0 0 0 0 0 0 0 0 0 0 0 0 0 0 0 0 0 0 0 0 0 0 0 0 0 0 0 0 0 0 0 0 0 0 0 0 0 0 0 0 0 0 0 0 0 0 data 16 0x20005 0x0 0x28be1f5eb08 0x1403 0x0 0x0 0x0 0x0 0x0 0x0 0x0 0x0 0x9 0x2 0xffffffffffffffff 0x0 oops 1 2 java/util/ArrayDeque methods 0
ciMethod jdk/internal/foreign/MemorySessionImpl checkValidStateRaw ()V 0 0 1 0 -1
ciMethod jdk/internal/foreign/MemorySessionImpl checkValidState ()V 0 0 1 0 -1
ciMethodData jdk/internal/misc/Unsafe convEndian (ZS)S 2 10499 orig 80 0 0 0 0 0 0 0 0 0 0 0 0 0 0 0 0 0 0 0 0 0 0 0 0 0 0 0 0 0 0 0 0 0 0 0 0 0 0 0 0 0 0 0 0 0 0 0 0 0 0 0 0 0 0 0 0 0 0 0 0 0 0 0 0 0 0 0 0 0 0 0 0 0 0 0 0 0 0 0 0 data 19 0x40007 0x2904 0x38 0x0 0x80003 0x0 0x28 0xc0002 0x2904 0x0 0x0 0x0 0x0 0x0 0x0 0x9 0x2 0x0 0x0 oops 0 methods 0
ciMethodData java/util/ArrayList$Itr hasNext ()Z 2 10703 orig 80 0 0 0 0 0 0 0 0 0 0 0 0 0 0 0 0 0 0 0 0 0 0 0 0 0 0 0 0 0 0 0 0 0 0 0 0 0 0 0 0 0 0 0 0 0 0 0 0 0 0 0 0 0 0 0 0 0 0 0 0 0 0 0 0 0 0 0 0 0 0 0 0 0 0 0 0 0 0 0 0 data 14 0xb0007 0x1bdb 0x38 0xdf4 0xf0003 0xdf4 0x18 0x0 0x0 0x0 0x0 0x9 0x1 0x0 oops 0 methods 0
ciMethodData java/lang/String encodeUTF8 (B[BZ)[B 2 5121 orig 80 0 0 0 0 0 0 0 0 0 0 0 0 139 2 0 0 0 0 0 0 0 0 0 0 0 0 0 0 0 0 0 0 0 0 0 0 0 0 0 0 0 0 0 0 0 0 0 0 0 0 0 0 0 0 0 0 0 0 0 0 0 0 0 0 0 0 0 0 0 0 0 0 0 0 0 0 0 0 0 0 data 57 0x20007 0x1401 0x30 0x0 0x70002 0x0 0xf0002 0x1401 0x120007 0x0 0x80 0x1401 0x160005 0x0 0x28bdf054328 0x184 0x0 0x0 0x190004 0x0 0x28bdf054328 0x184 0x0 0x0 0x210002 0x0 0x350007 0x0 0x70 0x0 0x410007 0x0 0x38 0x0 0x6a0003 0x0 0x18 0x790003 0x0 0xffffffffffffffa8 0x800007 0x0 0x20 0x0 0x890002 0x0 0x0 0x0 0x0 0x0 0x0 0x0 0x9 0x3 0x0 0x0 0x0 oops 2 14 [B 20 [B methods 0
ciMethodData java/util/ArrayList isEmpty ()Z 2 5196 orig 80 0 0 0 0 0 0 0 0 0 0 0 0 0 0 0 0 0 0 0 0 0 0 0 0 0 0 0 0 0 0 0 0 0 0 0 0 0 0 0 0 0 0 0 0 0 0 0 0 0 0 0 0 0 0 0 0 0 0 0 0 0 0 0 0 0 0 0 0 0 0 0 0 0 0 0 0 0 0 0 0 data 13 0x40007 0x839 0x38 0xc13 0x80003 0xc13 0x18 0x0 0x0 0x0 0x9 0x1 0x0 oops 0 methods 0
ciMethodData java/nio/HeapByteBuffer ix (I)I 2 23639 orig 80 0 0 0 0 0 0 0 0 0 0 0 0 0 0 0 0 0 0 0 0 0 0 0 0 0 0 0 0 0 0 0 0 0 0 0 0 0 0 0 0 0 0 0 0 0 0 0 0 0 0 0 0 0 0 0 0 0 0 0 0 0 0 0 0 0 0 0 0 0 0 0 0 0 0 0 0 0 0 0 0 data 7 0x0 0x0 0x0 0x9 0x2 0x0 0x0 oops 0 methods 0
ciMethodData java/nio/HeapByteBuffer byteOffset (J)J 2 73811 orig 80 0 0 0 0 0 0 0 0 0 0 0 0 0 0 0 0 0 0 0 0 0 0 0 0 0 0 0 0 0 0 0 0 0 0 0 0 0 0 0 0 0 0 0 0 0 0 0 0 0 0 0 0 0 0 0 0 0 0 0 0 0 0 0 0 0 0 0 0 0 0 0 0 0 0 0 0 0 0 0 0 data 8 0x0 0x0 0x0 0x9 0x3 0x0 0x0 0x0 oops 0 methods 0
ciMethodData java/util/ArrayDeque size ()I 2 7168 orig 80 0 0 0 0 0 0 0 0 0 0 0 0 0 0 0 0 0 0 0 0 0 0 0 0 0 0 0 0 0 0 0 0 0 0 0 0 0 0 0 0 0 0 0 0 0 0 0 0 0 0 0 0 0 0 0 0 0 0 0 0 0 0 0 0 0 0 0 0 0 0 0 0 0 0 0 0 0 0 0 0 data 11 0xd0002 0x1c00 0x0 0x0 0x0 0x0 0x0 0x0 0x9 0x1 0x0 oops 0 methods 0
ciMethodData java/util/ArrayDeque sub (III)I 2 7168 orig 80 0 0 0 0 0 0 0 0 0 0 0 0 139 2 0 0 0 0 0 0 0 0 0 0 0 0 0 0 0 0 0 0 0 0 0 0 0 0 0 0 0 0 0 0 0 0 0 0 0 0 0 0 0 0 0 0 0 0 0 0 0 0 0 0 0 0 0 0 0 0 0 0 0 0 0 0 0 0 0 0 data 10 0x50007 0x1870 0x20 0x390 0x0 0x9 0x3 0x0 0x0 0x0 oops 0 methods 0
ciMethodData java/util/IdentityHashMap <init> ()V 2 5397 orig 80 0 0 0 0 0 0 0 0 0 0 0 0 139 2 0 0 0 0 0 0 0 0 0 0 0 0 0 0 0 0 0 0 0 0 0 0 0 0 0 0 0 0 0 0 0 0 0 0 0 0 0 0 0 0 0 0 0 0 0 0 0 0 0 0 0 0 0 0 0 0 0 0 0 0 0 0 0 0 0 0 data 17 0x10002 0x1515 0x70005 0x1515 0x0 0x0 0x0 0x0 0x0 0x0 0x0 0x0 0x0 0x0 0x9 0x1 0x0 oops 0 methods 0
ciMethodData java/util/IdentityHashMap init (I)V 2 5456 orig 80 0 0 0 0 0 0 0 0 0 0 0 0 139 2 0 0 0 0 0 0 0 0 0 0 0 0 0 0 0 0 0 0 0 0 0 0 0 0 0 0 0 0 0 0 0 0 0 0 0 0 0 0 0 0 0 0 0 0 0 0 0 0 0 0 0 0 0 0 0 0 0 0 0 0 0 0 0 0 0 0 data 8 0x0 0x0 0x0 0x0 0x9 0x2 0x0 0x0 oops 0 methods 0
ciMethodData java/nio/Buffer position (I)Ljava/nio/Buffer; 2 5125 orig 80 0 0 0 0 0 0 0 0 0 0 0 0 0 0 0 0 0 0 0 0 0 0 0 0 0 0 0 0 0 0 0 0 0 0 0 0 0 0 0 0 0 0 0 0 0 0 0 0 0 0 0 0 0 0 0 0 0 0 0 0 0 0 0 0 0 0 0 0 0 0 0 0 0 0 0 0 0 0 0 0 data 38 0x50007 0x1405 0x38 0x0 0x90003 0x0 0x18 0xe0007 0x1405 0x38 0x0 0x120003 0x0 0x18 0x170007 0x1405 0x50 0x0 0x1c0005 0x0 0x0 0x0 0x0 0x0 0x250007 0x1405 0x20 0x0 0x0 0x0 0x0 0x0 0x0 0x0 0x9 0x2 0xe 0x0 oops 0 methods 0
ciMethodData java/util/ArrayDeque <init> (I)V 2 6016 orig 80 0 0 0 0 0 0 0 0 0 0 0 0 139 2 0 0 0 0 0 0 0 0 0 0 0 0 0 0 0 0 0 0 0 0 0 0 0 0 0 0 0 0 0 0 0 0 0 0 0 0 0 0 0 0 0 0 0 0 0 0 0 0 0 0 0 0 0 0 0 0 0 0 0 0 0 0 0 0 0 0 data 24 0x10002 0x1780 0x70007 0x1780 0x38 0x0 0xb0003 0x0 0x50 0x110007 0x1780 0x38 0x0 0x160003 0x0 0x18 0x0 0x0 0x0 0x0 0x9 0x2 0x0 0x0 oops 0 methods 0
ciMethodData java/nio/ByteBuffer position (I)Ljava/nio/ByteBuffer; 2 14865 orig 80 0 0 0 0 0 0 0 0 0 0 0 0 0 0 0 0 0 0 0 0 0 0 0 0 0 0 0 0 0 0 0 0 0 0 0 0 0 0 0 0 0 0 0 0 0 0 0 0 0 0 0 0 0 0 0 0 0 0 0 0 0 0 0 0 0 0 0 0 0 0 0 0 0 0 0 0 0 0 0 0 data 9 0x20002 0x3a11 0x0 0x0 0x0 0x9 0x2 0xe 0x0 oops 0 methods 0
ciMethodData java/nio/Buffer limit (I)Ljava/nio/Buffer; 2 5122 orig 80 0 0 0 0 0 0 0 0 0 0 0 0 0 0 0 0 0 0 0 0 0 0 0 0 0 0 0 0 0 0 0 0 0 0 0 0 0 0 0 0 0 0 0 0 0 0 0 0 0 0 0 0 0 0 0 0 0 0 0 0 0 0 0 0 0 0 0 0 0 0 0 0 0 0 0 0 0 0 0 0 data 42 0x50007 0x1402 0x38 0x0 0x90003 0x0 0x18 0xe0007 0x1402 0x38 0x0 0x120003 0x0 0x18 0x170007 0x1402 0x50 0x0 0x1c0005 0x0 0x0 0x0 0x0 0x0 0x2a0007 0x13f7 0x20 0xb 0x370007 0x1402 0x20 0x0 0x0 0x0 0x0 0x0 0x0 0x0 0x9 0x2 0x0 0x0 oops 0 methods 0
ciMethodData java/nio/ByteBuffer <init> (IIII[BILjava/lang/foreign/MemorySegment;)V 2 5830 orig 80 1 0 0 0 0 0 0 0 0 0 0 0 0 0 0 0 0 0 0 0 0 0 0 0 0 0 0 0 0 0 0 0 0 0 0 0 0 0 0 0 0 0 0 0 0 0 0 0 0 0 0 0 0 0 0 0 0 0 0 0 0 0 0 0 0 0 0 0 0 0 0 0 0 0 0 0 0 0 0 0 data 27 0x80002 0x16c6 0x110002 0x16c8 0x170007 0x16c8 0x38 0x0 0x1b0003 0x0 0x18 0x0 0x0 0x0 0x0 0x0 0x0 0x9 0x8 0xffffffffffffffff 0x0 0x0 0x0 0x0 0x0 0x0 0x0 oops 0 methods 0
ciMethodData java/nio/Buffer <init> (IIIILjava/lang/foreign/MemorySegment;)V 2 5734 orig 80 1 0 0 0 0 0 0 0 0 0 0 0 139 2 0 0 0 0 0 0 0 0 0 0 0 0 0 0 0 0 0 0 0 0 0 0 0 0 0 3 0 0 0 0 0 0 0 0 0 0 0 0 0 0 0 0 0 0 0 0 0 0 0 0 0 0 0 0 0 0 0 0 0 0 0 0 0 0 0 0 data 82 0x10002 0x1666 0x100007 0x1666 0x30 0x0 0x150002 0x0 0x270005 0x56 0x28be1db1648 0x15f5 0x28bdf189900 0x1b 0x2d0005 0x56 0x28be1db1648 0x15f5 0x28bdf189900 0x1b 0x8000000600320007 0x1663 0x180 0x6 0x370007 0x6 0x160 0x0 0x420002 0x0 0x470005 0x0 0x0 0x0 0x0 0x0 0x4b0005 0x0 0x0 0x0 0x0 0x0 0x500005 0x0 0x0 0x0 0x0 0x0 0x540005 0x0 0x0 0x0 0x0 0x0 0x590005 0x0 0x0 0x0 0x0 0x0 0x5c0005 0x0 0x0 0x0 0x0 0x0 0x5f0002 0x0 0x0 0x0 0x0 0x0 0x0 0x0 0x9 0x6 0xffffffffffffffff 0x0 0x0 0x0 0x0 0x0 oops 4 10 java/nio/HeapByteBuffer 12 java/nio/DirectByteBufferR 16 java/nio/HeapByteBuffer 18 java/nio/DirectByteBufferR methods 0
ciMethodData java/nio/ByteOrder nativeOrder ()Ljava/nio/ByteOrder; 2 5923 orig 80 0 0 0 0 0 0 0 0 0 0 0 0 139 2 0 0 0 0 0 0 0 0 0 0 0 0 0 0 0 0 0 0 0 0 0 0 0 0 0 0 0 0 0 0 0 0 0 0 0 0 0 0 0 0 0 0 0 0 0 0 0 0 0 0 0 0 0 0 0 0 0 0 0 0 0 0 0 0 0 0 data 4 0x0 0x0 0x9 0x0 oops 0 methods 0
ciMethodData java/nio/ByteBuffer limit (I)Ljava/nio/Buffer; 2 5123 orig 80 0 0 0 0 0 0 0 0 0 0 0 0 0 0 0 0 0 0 0 0 0 0 0 0 0 0 0 0 0 0 0 0 0 0 0 0 0 0 0 0 0 0 0 0 0 0 0 0 0 0 0 0 0 0 0 0 0 0 0 0 0 0 0 0 0 0 0 0 0 0 0 0 0 0 0 0 0 0 0 0 data 16 0x20005 0x0 0x28be1db1648 0x1403 0x0 0x0 0x0 0x0 0x0 0x0 0x0 0x0 0x9 0x2 0x0 0x0 oops 1 2 java/nio/HeapByteBuffer methods 0
ciMethodData java/nio/ByteBuffer limit (I)Ljava/nio/ByteBuffer; 2 9438 orig 80 0 0 0 0 0 0 0 0 0 0 0 0 0 0 0 0 0 0 0 0 0 0 0 0 0 0 0 0 0 0 0 0 0 0 0 0 0 0 0 0 0 0 0 0 0 0 0 0 0 0 0 0 0 0 0 0 0 0 0 0 0 0 0 0 0 0 0 0 0 0 0 0 0 0 0 0 0 0 0 0 data 9 0x20002 0x24df 0x0 0x0 0x0 0x9 0x2 0x0 0x0 oops 0 methods 0
ciMethodData java/nio/ByteBuffer position (I)Ljava/nio/Buffer; 2 5123 orig 80 0 0 0 0 0 0 0 0 0 0 0 0 0 0 0 0 0 0 0 0 0 0 0 0 0 0 0 0 0 0 0 0 0 0 0 0 0 0 0 0 0 0 0 0 0 0 0 0 0 0 0 0 0 0 0 0 0 0 0 0 0 0 0 0 0 0 0 0 0 0 0 0 0 0 0 0 0 0 0 0 data 16 0x20005 0x0 0x28be1db1648 0x1404 0x0 0x0 0x0 0x0 0x0 0x0 0x0 0x0 0x9 0x2 0x0 0x0 oops 1 2 java/nio/HeapByteBuffer methods 0
ciMethodData java/util/IdentityHashMap get (Ljava/lang/Object;)Ljava/lang/Object; 2 5121 orig 80 0 0 0 0 0 0 0 0 0 0 0 0 139 2 0 0 0 0 0 0 0 0 0 0 0 0 0 0 0 0 0 0 0 0 0 0 0 0 0 0 0 0 0 0 0 0 0 0 0 0 0 0 0 0 0 0 0 0 0 0 0 0 0 0 0 0 0 0 0 0 0 0 0 0 0 0 0 0 0 0 data 27 0x10002 0x1401 0x110002 0x1401 0x1f0007 0x300 0x20 0x13e7 0x2b0007 0x2e6 0x20 0x1a 0x340002 0x2e6 0x390003 0x2e6 0xffffffffffffffb0 0x0 0x0 0x0 0x0 0x0 0x0 0x9 0x2 0x0 0x0 oops 0 methods 0
ciMethodData java/util/IdentityHashMap maskNull (Ljava/lang/Object;)Ljava/lang/Object; 2 10527 orig 80 0 0 0 0 0 0 0 0 0 0 0 0 0 0 0 0 0 0 0 0 0 0 0 0 0 0 0 0 0 0 0 0 0 0 0 0 0 0 0 0 0 0 0 0 0 0 0 0 0 0 0 0 0 0 0 0 0 0 0 0 0 0 0 0 0 0 0 0 0 0 0 0 0 0 0 0 0 0 0 0 data 16 0x10007 0x291f 0x38 0x0 0x70003 0x0 0x18 0x0 0x0 0x0 0x0 0x0 0x0 0x9 0x1 0x0 oops 0 methods 0
ciMethodData java/util/IdentityHashMap nextKeyIndex (II)I 1 550 orig 80 0 0 0 0 0 0 0 0 0 0 0 0 0 0 0 0 0 0 0 0 0 0 0 0 0 0 0 0 0 0 0 0 0 0 0 0 0 0 0 0 0 0 0 0 0 0 0 0 0 0 0 0 0 0 0 0 0 0 0 0 0 0 0 0 0 0 0 0 0 0 0 0 0 0 0 0 0 0 0 0 data 12 0x40007 0x2 0x38 0x224 0xa0003 0x224 0x18 0x0 0x9 0x2 0x0 0x0 oops 0 methods 0
ciMethodData java/util/IdentityHashMap hash (Ljava/lang/Object;I)I 2 10326 orig 80 0 0 0 0 0 0 0 0 0 0 0 0 139 2 0 0 0 0 0 0 0 0 0 0 0 0 0 0 0 0 0 0 0 0 0 0 0 0 0 0 0 0 0 0 0 0 0 0 0 0 0 0 0 0 0 0 0 0 0 0 0 0 0 0 0 0 0 0 0 0 0 0 0 0 0 0 0 0 0 0 data 12 0x10002 0x2856 0x0 0x0 0x0 0x0 0x0 0x0 0x9 0x2 0x0 0x0 oops 0 methods 0
ciMethodData java/util/ArrayList clear ()V 2 5126 orig 80 0 0 0 0 0 0 0 0 0 0 0 0 0 0 0 0 0 0 0 0 0 0 0 0 0 0 0 0 0 0 0 0 0 0 0 0 0 0 0 0 0 0 0 0 0 0 0 0 0 0 0 0 0 0 0 0 0 0 0 0 0 0 0 0 0 0 0 0 0 0 0 0 0 0 0 0 0 0 0 0 data 22 0x1d0007 0x1406 0x68 0x331 0x230104 0x0 0x0 0x0 0x0 0x0 0x270003 0x331 0xffffffffffffffb0 0x0 0x0 0x0 0x0 0x0 0x0 0x9 0x1 0x0 oops 0 methods 0
ciMethodData java/nio/ByteBuffer allocate (I)Ljava/nio/ByteBuffer; 2 5120 orig 80 0 0 0 0 0 0 0 0 0 0 0 0 139 2 0 0 0 0 0 0 0 0 0 0 0 0 0 0 0 0 0 0 0 0 0 0 0 0 0 0 0 0 0 0 0 0 0 0 0 0 0 0 0 0 0 0 0 0 0 0 0 0 0 0 0 0 0 0 0 0 0 0 0 0 0 0 0 0 0 0 data 17 0x10007 0x1400 0x30 0x0 0x50002 0x0 0x100002 0x1400 0x0 0x0 0x0 0x0 0x0 0x0 0x9 0x1 0x0 oops 0 methods 0
ciMethodData jdk/internal/misc/Unsafe convEndian (ZI)I 2 10531 orig 80 0 0 0 0 0 0 0 0 0 0 0 0 0 0 0 0 0 0 0 0 0 0 0 0 0 0 0 0 0 0 0 0 0 0 0 0 0 0 0 0 0 0 0 0 0 0 0 0 0 0 0 0 0 0 0 0 0 0 0 0 0 0 0 0 0 0 0 0 0 0 0 0 0 0 0 0 0 0 0 0 data 19 0x40007 0x2924 0x38 0x0 0x80003 0x0 0x28 0xc0002 0x2924 0x0 0x0 0x0 0x0 0x0 0x0 0x9 0x2 0x0 0x0 oops 0 methods 0
ciMethodData java/lang/String encode (Ljava/nio/charset/Charset;B[B)[B 2 5121 orig 80 0 0 0 0 0 0 0 0 0 0 0 0 0 0 0 0 0 0 0 0 0 0 0 0 0 0 0 0 0 0 0 0 0 0 0 0 0 0 0 0 0 0 0 0 0 0 0 0 0 0 0 0 0 0 0 0 0 0 0 0 0 0 0 0 0 0 0 0 0 0 0 0 0 0 0 0 0 0 0 0 data 31 0x40007 0x13 0x30 0x13ee 0xa0002 0x13ee 0x120007 0x13 0x30 0x0 0x170002 0x0 0x1f0007 0x13 0x30 0x0 0x240002 0x0 0x2c0002 0x13 0x0 0x0 0x0 0x0 0x0 0x0 0x9 0x3 0x0 0x0 0x0 oops 0 methods 0
ciMethodData jdk/internal/misc/Unsafe putIntUnaligned (Ljava/lang/Object;JIZ)V 2 5122 orig 80 0 0 0 0 0 0 0 0 0 0 0 0 139 2 0 0 0 0 0 0 0 0 0 0 0 0 0 0 0 0 0 0 0 0 0 0 0 0 0 0 0 0 0 0 0 0 0 0 0 0 0 0 0 0 0 0 0 0 0 0 0 0 0 0 0 0 0 0 0 0 0 0 0 0 0 0 0 0 0 0 data 25 0x70002 0x1402 0xa000b 0x84 0x0 0x0 0x0 0x0 0x2 0x1 0x28bdf054328 0x0 0x0 0x0 0x0 0x0 0x0 0x9 0x6 0x0 0x0 0x0 0x0 0x0 0x0 oops 1 10 [B methods 0
ciMethodData java/util/IdentityHashMap put (Ljava/lang/Object;Ljava/lang/Object;)Ljava/lang/Object; 2 5121 orig 80 0 0 0 0 0 0 0 0 0 0 0 0 139 2 0 0 0 0 0 0 0 0 0 0 0 0 0 0 0 0 0 0 0 0 0 0 0 0 0 0 0 0 0 0 0 0 0 0 0 0 0 0 0 0 0 0 0 0 0 0 0 0 0 0 0 0 0 0 0 0 0 0 0 0 0 0 0 0 0 0 data 63 0x10002 0x1401 0x130002 0x1401 0x200007 0x1400 0x98 0x1 0x260007 0x0 0x50 0x1 0x390004 0x0 0x28bdf054328 0x1 0x0 0x0 0x410002 0x0 0x460003 0x0 0xffffffffffffff80 0x5a0007 0x1400 0x88 0x0 0x600005 0x0 0x0 0x0 0x0 0x0 0x630007 0x0 0x38 0x0 0x660003 0x0 0xfffffffffffffee8 0x780004 0x13f1 0x28be09bd470 0xb 0x28bdf03cae8 0x4 0x800004 0x13f7 0x28be09bd470 0x5 0x28bdf03cae8 0x4 0x0 0x0 0x0 0x0 0x0 0x0 0x9 0x3 0x0 0x0 0x0 oops 5 14 [B 42 sun/reflect/generics/reflectiveObjects/ParameterizedTypeImpl 44 java/lang/Class 48 sun/reflect/generics/reflectiveObjects/ParameterizedTypeImpl 50 java/lang/Class methods 0
ciMethod org/apache/kafka/common/protocol/Message addSize (Lorg/apache/kafka/common/protocol/MessageSizeAccumulator;Lorg/apache/kafka/common/protocol/ObjectSerializationCache;S)V 0 0 1 0 -1
ciMethod org/apache/kafka/common/protocol/Message write (Lorg/apache/kafka/common/protocol/Writable;Lorg/apache/kafka/common/protocol/ObjectSerializationCache;S)V 0 0 1 0 -1
ciMethod org/apache/kafka/common/network/Send size ()J 0 0 1 0 -1
ciMethod org/apache/kafka/common/protocol/Writable writeShort (S)V 0 0 1 0 -1
ciMethod org/apache/kafka/common/protocol/Writable writeInt (I)V 0 0 1 0 -1
ciMethod org/apache/kafka/common/protocol/Writable writeByteArray ([B)V 0 0 1 0 -1
ciMethod org/apache/kafka/common/protocol/Writable writeUnsignedVarint (I)V 0 0 1 0 -1
ciMethod org/apache/kafka/common/message/RequestHeaderData write (Lorg/apache/kafka/common/protocol/Writable;Lorg/apache/kafka/common/protocol/ObjectSerializationCache;S)V 768 0 5376 0 0
ciMethod org/apache/kafka/common/message/RequestHeaderData addSize (Lorg/apache/kafka/common/protocol/MessageSizeAccumulator;Lorg/apache/kafka/common/protocol/ObjectSerializationCache;S)V 768 0 5376 0 0
ciMethod org/apache/kafka/common/protocol/SendBuilder <init> (I)V 768 0 5376 0 0
ciMethod org/apache/kafka/common/protocol/SendBuilder writeShort (S)V 516 0 5379 0 320
ciMethod org/apache/kafka/common/protocol/SendBuilder writeInt (I)V 518 0 9911 0 312
ciMethod org/apache/kafka/common/protocol/SendBuilder writeByteArray ([B)V 770 0 5505 0 504
ciMethod org/apache/kafka/common/protocol/SendBuilder writeUnsignedVarint (I)V 516 0 5378 0 296
ciMethod org/apache/kafka/common/protocol/SendBuilder addBuffer (Ljava/nio/ByteBuffer;)V 1024 0 5376 0 0
ciMethod org/apache/kafka/common/protocol/SendBuilder addSend (Lorg/apache/kafka/common/network/Send;)V 1024 0 5376 0 0
ciMethod org/apache/kafka/common/protocol/SendBuilder clearBuffers ()V 1024 0 5376 0 0
ciMethod org/apache/kafka/common/protocol/SendBuilder flushPendingSend ()V 768 0 5376 0 0
ciMethod org/apache/kafka/common/protocol/SendBuilder flushPendingBuffer ()V 1024 0 5376 0 0
ciMethod org/apache/kafka/common/protocol/SendBuilder build ()Lorg/apache/kafka/common/network/Send; 768 0 5376 0 0
ciMethod org/apache/kafka/common/protocol/SendBuilder buildSend (Lorg/apache/kafka/common/protocol/Message;SLorg/apache/kafka/common/protocol/Message;S)Lorg/apache/kafka/common/network/Send; 512 0 5376 0 -1
ciMethod org/apache/kafka/common/protocol/ObjectSerializationCache <init> ()V 512 0 5381 0 0
ciMethod org/apache/kafka/common/protocol/ObjectSerializationCache cacheSerializedValue (Ljava/lang/Object;[B)V 512 0 30061 0 1568
ciMethod org/apache/kafka/common/protocol/ObjectSerializationCache getSerializedValue (Ljava/lang/Object;)[B 512 0 29180 0 488
ciMethod org/apache/kafka/common/protocol/MessageSizeAccumulator <init> ()V 512 0 5381 0 0
ciMethod org/apache/kafka/common/protocol/MessageSizeAccumulator totalSize ()I 256 0 128 0 0
ciMethod org/apache/kafka/common/protocol/MessageSizeAccumulator sizeExcludingZeroCopy ()I 768 0 5376 0 0
ciMethod org/apache/kafka/common/protocol/MessageSizeAccumulator addBytes (I)V 518 0 168329 0 88
ciMethod org/apache/kafka/common/utils/ByteUtils writeUnsignedVarint (ILjava/nio/ByteBuffer;)V 516 0 5378 0 0
ciMethod org/apache/kafka/common/utils/ByteUtils sizeOfUnsignedVarint (I)I 512 0 5379 0 112
ciMethod org/apache/kafka/common/protocol/types/RawTaggedFieldWriter forFields (Ljava/util/List;)Lorg/apache/kafka/common/protocol/types/RawTaggedFieldWriter; 768 0 24031 0 112
ciMethod org/apache/kafka/common/protocol/types/RawTaggedFieldWriter <init> (Ljava/util/List;)V 2 0 1 0 -1
ciMethod org/apache/kafka/common/protocol/types/RawTaggedFieldWriter numFields ()I 768 0 24031 0 128
ciMethod org/apache/kafka/common/protocol/types/RawTaggedFieldWriter writeRawTags (Lorg/apache/kafka/common/protocol/Writable;I)V 512 0 5376 0 208
ciMethod org/apache/kafka/common/network/ByteBufferSend <init> ([Ljava/nio/ByteBuffer;J)V 1024 0 5376 0 0
ciMethod org/apache/kafka/common/network/ByteBufferSend size ()J 256 0 128 0 0
ciMethodData java/nio/HeapByteBuffer <init> ([BIIIIILjava/lang/foreign/MemorySegment;)V 2 5417 orig 80 1 0 0 0 0 0 0 0 0 0 0 0 0 0 0 0 0 0 0 0 0 0 0 0 0 0 0 0 0 0 0 0 0 0 0 0 0 0 0 0 0 0 0 0 0 0 0 0 0 0 0 0 0 0 0 0 0 0 0 0 0 0 0 0 0 0 0 0 0 0 0 0 0 0 0 0 0 0 0 0 data 16 0xc0002 0x152a 0x0 0x0 0x0 0x0 0x9 0x8 0x0 0x0 0x0 0x0 0x0 0x0 0x0 0x0 oops 0 methods 0
ciMethodData java/nio/HeapByteBuffer slice ()Ljava/nio/ByteBuffer; 2 5120 orig 80 0 0 0 0 0 0 0 0 0 0 0 0 0 0 0 0 0 0 0 0 0 0 0 0 0 0 0 0 0 0 0 0 0 0 0 0 0 0 0 0 0 0 0 0 0 0 0 0 0 0 0 0 0 0 0 0 0 0 0 0 0 0 0 0 0 0 0 0 0 0 0 0 0 0 0 0 0 0 0 0 data 30 0x10005 0x1401 0x0 0x0 0x0 0x0 0x60005 0x1401 0x0 0x0 0x0 0x0 0xc0007 0x0 0x38 0x1401 0x120003 0x1401 0x18 0x2d0002 0x1401 0x0 0x0 0x0 0x0 0x0 0x0 0x9 0x1 0x0 oops 0 methods 0
ciMethodData java/nio/Buffer nextPutIndex (I)I 2 10693 orig 80 0 0 0 0 0 0 0 0 0 0 0 0 0 0 0 0 0 0 0 0 0 0 0 0 0 0 0 0 0 0 0 0 0 0 0 0 0 0 0 0 0 0 0 0 0 0 0 0 0 0 0 0 0 0 0 0 0 0 0 0 0 0 0 0 0 0 0 0 0 0 0 0 0 0 0 0 0 0 0 0 data 14 0xc0007 0x29c5 0x30 0x0 0x130002 0x0 0x0 0x0 0x0 0x0 0x9 0x2 0x0 0x0 oops 0 methods 0
ciMethodData java/nio/Buffer remaining ()I 2 30061 orig 80 0 0 0 0 0 0 0 0 0 0 0 0 0 0 0 0 0 0 0 0 0 0 0 0 0 0 0 0 0 0 0 0 0 0 0 0 0 0 0 0 0 0 0 0 0 0 0 0 0 0 0 0 0 0 0 0 0 0 0 0 0 0 0 0 0 0 0 0 0 0 0 0 0 0 0 0 0 0 0 0 data 14 0xb0007 0x3b 0x38 0x7532 0xf0003 0x7532 0x18 0x0 0x0 0x0 0x0 0x9 0x1 0x0 oops 0 methods 0
ciMethodData java/nio/HeapByteBuffer put (B)Ljava/nio/ByteBuffer; 2 5120 orig 80 0 0 0 0 0 0 0 0 0 0 0 0 0 0 0 0 0 0 0 0 0 0 0 0 0 0 0 0 0 0 0 0 0 0 0 0 0 0 0 0 0 0 0 0 0 0 0 0 0 0 0 0 0 0 0 0 0 0 0 0 0 0 0 0 0 0 0 0 0 0 0 0 0 0 0 0 0 0 0 0 data 22 0x60005 0x1400 0x0 0x0 0x0 0x0 0x90005 0x0 0x28be1db1648 0x1400 0x0 0x0 0x0 0x0 0x0 0x0 0x0 0x0 0x9 0x2 0x0 0x0 oops 1 8 java/nio/HeapByteBuffer methods 0
ciMethodData java/nio/Buffer nextPutIndex ()I 2 10226 orig 80 0 0 0 0 0 0 0 0 0 0 0 0 139 2 0 0 0 0 0 0 0 0 0 0 0 0 0 0 0 0 0 0 0 0 0 0 0 0 0 0 0 0 0 0 0 0 0 0 0 0 0 0 0 0 0 0 0 0 0 0 0 0 0 0 0 0 0 0 0 0 0 0 0 0 0 0 0 0 0 0 data 13 0xa0007 0x27f2 0x30 0x0 0x110002 0x0 0x0 0x0 0x0 0x0 0x9 0x1 0x0 oops 0 methods 0
ciMethodData java/nio/HeapByteBuffer putInt (I)Ljava/nio/ByteBuffer; 2 5125 orig 80 0 0 0 0 0 0 0 0 0 0 0 0 0 0 0 0 0 0 0 0 0 0 0 0 0 0 0 0 0 0 0 0 0 0 0 0 0 0 0 0 0 0 0 0 0 0 0 0 0 0 0 0 0 0 0 0 0 0 0 0 0 0 0 0 0 0 0 0 0 0 0 0 0 0 0 0 0 0 0 0 data 39 0x40005 0x1405 0x0 0x0 0x0 0x0 0xe0005 0x1405 0x0 0x0 0x0 0x0 0x120005 0x1405 0x0 0x0 0x0 0x0 0x1a000b 0x0 0x28be0edd000 0x1405 0x0 0x0 0x4 0x1 0x1 0x2 0x28bdf054328 0x0 0x0 0x0 0x0 0x0 0x0 0x9 0x2 0x0 0x0 oops 2 20 jdk/internal/misc/ScopedMemoryAccess 28 [B methods 0
ciMethodData jdk/internal/misc/ScopedMemoryAccess putIntUnaligned (Ljdk/internal/foreign/MemorySessionImpl;Ljava/lang/Object;JIZ)V 2 5125 orig 80 0 0 0 0 0 0 0 0 0 0 0 0 139 2 0 0 0 0 0 0 0 0 0 0 0 0 0 0 0 0 0 0 0 0 0 0 0 0 0 0 0 0 0 0 0 0 0 0 0 0 0 0 0 0 0 0 0 0 0 0 0 0 0 0 0 0 0 0 0 0 0 0 0 0 0 0 0 0 0 0 data 36 0x8000b 0x1405 0x0 0x0 0x0 0x0 0x4 0x1 0x1 0x2 0x28bdf054328 0xb0003 0x1405 0x48 0x120005 0x0 0x0 0x0 0x0 0x0 0x0 0x0 0x0 0x0 0x0 0x0 0x9 0x7 0x0 0x0 0x0 0x0 0x0 0x0 0x0 0xe0001 oops 1 10 [B methods 0
ciMethodData jdk/internal/misc/ScopedMemoryAccess putIntUnalignedInternal (Ljdk/internal/foreign/MemorySessionImpl;Ljava/lang/Object;JIZ)V 2 5125 orig 80 0 0 0 0 0 0 0 0 0 0 0 0 139 2 0 0 0 0 0 0 0 0 0 0 0 0 0 0 0 0 0 0 0 0 0 0 0 0 0 0 0 0 0 0 0 0 0 0 0 0 0 0 0 0 0 0 0 0 0 0 0 0 0 0 0 0 0 0 0 0 0 0 0 0 0 0 0 0 0 0 data 43 0x10007 0x1405 0x50 0x0 0x50005 0x0 0x0 0x0 0x0 0x0 0x11000b 0x1405 0x0 0x0 0x0 0x0 0x2 0x1 0x28bdf054328 0x150002 0x1405 0x180003 0x1405 0x28 0x1e0002 0x0 0x0 0x0 0x0 0x0 0x0 0x0 0x9 0x7 0x0 0x0 0x0 0x0 0x0 0x0 0x0 0x1b0001 0x1b0001 oops 1 18 [B methods 0
ciMethodData java/nio/Buffer checkSession ()V 2 11162 orig 80 0 0 0 0 0 0 0 0 0 0 0 0 0 0 0 0 0 0 0 0 0 0 0 0 0 0 0 0 0 0 0 0 0 0 0 0 0 0 0 0 0 0 0 0 0 0 0 0 0 0 0 0 0 0 0 0 0 0 0 0 0 0 0 0 0 0 0 0 0 0 0 0 0 0 0 0 0 0 0 0 data 25 0x10005 0x2b9a 0x0 0x0 0x0 0x0 0x60007 0x2b9a 0x50 0x0 0xa0005 0x0 0x0 0x0 0x0 0x0 0x0 0x0 0x0 0x0 0x0 0x0 0x9 0x1 0x0 oops 0 methods 0
ciMethodData java/nio/HeapByteBuffer <init> (IILjava/lang/foreign/MemorySegment;)V 2 4883 orig 80 0 0 0 0 0 0 0 0 0 0 0 0 0 0 0 0 0 0 0 0 0 0 0 0 0 0 0 0 0 0 0 0 0 0 0 0 0 0 0 0 0 0 0 0 0 0 0 0 0 0 0 0 0 0 0 0 0 0 0 0 0 0 0 0 0 0 0 0 0 0 0 0 0 0 0 0 0 0 0 0 data 12 0xa0002 0x1313 0x0 0x0 0x0 0x0 0x9 0x4 0x0 0x0 0x0 0x0 oops 0 methods 0
ciMethodData java/nio/HeapByteBuffer putShort (S)Ljava/nio/ByteBuffer; 2 5121 orig 80 0 0 0 0 0 0 0 0 0 0 0 0 0 0 0 0 0 0 0 0 0 0 0 0 0 0 0 0 0 0 0 0 0 0 0 0 0 0 0 0 0 0 0 0 0 0 0 0 0 0 0 0 0 0 0 0 0 0 0 0 0 0 0 0 0 0 0 0 0 0 0 0 0 0 0 0 0 0 0 0 data 39 0x40005 0x1401 0x0 0x0 0x0 0x0 0xe0005 0x1401 0x0 0x0 0x0 0x0 0x120005 0x1401 0x0 0x0 0x0 0x0 0x1a000b 0x0 0x28be0edd000 0x1401 0x0 0x0 0x4 0x1 0x1 0x2 0x28bdf054328 0x0 0x0 0x0 0x0 0x0 0x0 0x9 0x2 0x0 0x0 oops 2 20 jdk/internal/misc/ScopedMemoryAccess 28 [B methods 0
ciMethodData jdk/internal/misc/ScopedMemoryAccess putShortUnaligned (Ljdk/internal/foreign/MemorySessionImpl;Ljava/lang/Object;JSZ)V 2 5121 orig 80 0 0 0 0 0 0 0 0 0 0 0 0 139 2 0 0 0 0 0 0 0 0 0 0 0 0 0 0 0 0 0 0 0 0 0 0 0 0 0 0 0 0 0 0 0 0 0 0 0 0 0 0 0 0 0 0 0 0 0 0 0 0 0 0 0 0 0 0 0 0 0 0 0 0 0 0 0 0 0 0 data 36 0x8000b 0x1401 0x0 0x0 0x0 0x0 0x4 0x1 0x1 0x2 0x28bdf054328 0xb0003 0x1401 0x48 0x120005 0x0 0x0 0x0 0x0 0x0 0x0 0x0 0x0 0x0 0x0 0x0 0x9 0x7 0x0 0x0 0x0 0x0 0x0 0x0 0x0 0xe0001 oops 1 10 [B methods 0
ciMethodData jdk/internal/misc/ScopedMemoryAccess putShortUnalignedInternal (Ljdk/internal/foreign/MemorySessionImpl;Ljava/lang/Object;JSZ)V 2 5121 orig 80 0 0 0 0 0 0 0 0 0 0 0 0 139 2 0 0 0 0 0 0 0 0 0 0 0 0 0 0 0 0 0 0 0 0 0 0 0 0 0 0 0 0 0 0 0 0 0 0 0 0 0 0 0 0 0 0 0 0 0 0 0 0 0 0 0 0 0 0 0 0 0 0 0 0 0 0 0 0 0 0 data 43 0x10007 0x1401 0x50 0x0 0x50005 0x0 0x0 0x0 0x0 0x0 0x11000b 0x1401 0x0 0x0 0x0 0x0 0x2 0x1 0x28bdf054328 0x150002 0x1401 0x180003 0x1401 0x28 0x1e0002 0x0 0x0 0x0 0x0 0x0 0x0 0x0 0x9 0x7 0x0 0x0 0x0 0x0 0x0 0x0 0x0 0x1b0001 0x1b0001 oops 1 18 [B methods 0
ciMethodData jdk/internal/misc/Unsafe putShortUnaligned (Ljava/lang/Object;JSZ)V 2 5121 orig 80 0 0 0 0 0 0 0 0 0 0 0 0 139 2 0 0 0 0 0 0 0 0 0 0 0 0 0 0 0 0 0 0 0 0 0 0 0 0 0 0 0 0 0 0 0 0 0 0 0 0 0 0 0 0 0 0 0 0 0 0 0 0 0 0 0 0 0 0 0 0 0 0 0 0 0 0 0 0 0 0 data 25 0x70002 0x1401 0xa000b 0x82 0x0 0x0 0x0 0x0 0x2 0x1 0x28bdf054328 0x0 0x0 0x0 0x0 0x0 0x0 0x9 0x6 0x0 0x0 0x0 0x0 0x0 0x0 oops 1 10 [B methods 0
ciMethodData java/lang/String getBytes (Ljava/nio/charset/Charset;)[B 2 29582 orig 80 0 0 0 0 0 0 0 0 0 0 0 0 0 0 0 0 0 0 0 0 0 0 0 0 0 0 0 0 0 0 0 0 0 0 0 0 0 0 0 0 0 0 0 0 0 0 0 0 0 0 0 0 0 0 0 0 0 0 0 0 0 0 0 0 0 0 0 0 0 0 0 0 0 0 0 0 0 0 0 0 data 24 0x10007 0x738e 0x30 0x0 0x80002 0x0 0xe0005 0x738e 0x0 0x0 0x0 0x0 0x150002 0x738e 0x0 0x0 0x0 0x0 0x0 0x0 0x9 0x2 0x0 0x0 oops 0 methods 0
ciMethodData java/nio/ByteBuffer put ([B)Ljava/nio/ByteBuffer; 2 5486 orig 80 0 0 0 0 0 0 0 0 0 0 0 0 0 0 0 0 0 0 0 0 0 0 0 0 0 0 0 0 0 0 0 0 0 0 0 0 0 0 0 0 0 0 0 0 0 0 0 0 0 0 0 0 0 0 0 0 0 0 0 0 0 0 0 0 0 0 0 0 0 0 0 0 0 0 0 0 0 0 0 0 data 16 0x50005 0x0 0x28be1db1648 0x156e 0x0 0x0 0x0 0x0 0x0 0x0 0x0 0x0 0x9 0x2 0x0 0x0 oops 1 2 java/nio/HeapByteBuffer methods 0
ciMethodData java/nio/HeapByteBuffer put ([BII)Ljava/nio/ByteBuffer; 2 5120 orig 80 0 0 0 0 0 0 0 0 0 0 0 0 0 0 0 0 0 0 0 0 0 0 0 0 0 0 0 0 0 0 0 0 0 0 0 0 0 0 0 0 0 0 0 0 0 0 0 0 0 0 0 0 0 0 0 0 0 0 0 0 0 0 0 0 0 0 0 0 0 0 0 0 0 0 0 0 0 0 0 0 data 52 0x10005 0x1400 0x0 0x0 0x0 0x0 0x80002 0x1400 0xd0005 0x1400 0x0 0x0 0x0 0x0 0x140005 0x1400 0x0 0x0 0x0 0x0 0x1a0007 0x1400 0x30 0x0 0x210002 0x0 0x2e0005 0x0 0x28be1db1648 0x1400 0x0 0x0 0x320002 0x1400 0x3a0005 0x0 0x28be1db1648 0x1400 0x0 0x0 0x0 0x0 0x0 0x0 0x0 0x0 0x9 0x4 0x0 0x0 0x0 0x0 oops 2 28 java/nio/HeapByteBuffer 36 java/nio/HeapByteBuffer methods 0
ciMethodData java/nio/ByteBuffer mark ()Ljava/nio/ByteBuffer; 2 5120 orig 80 0 0 0 0 0 0 0 0 0 0 0 0 0 0 0 0 0 0 0 0 0 0 0 0 0 0 0 0 0 0 0 0 0 0 0 0 0 0 0 0 0 0 0 0 0 0 0 0 0 0 0 0 0 0 0 0 0 0 0 0 0 0 0 0 0 0 0 0 0 0 0 0 0 0 0 0 0 0 0 0 data 8 0x10002 0x1400 0x0 0x0 0x0 0x9 0x1 0x0 oops 0 methods 0
ciMethodData java/nio/Buffer mark ()Ljava/nio/Buffer; 2 5120 orig 80 0 0 0 0 0 0 0 0 0 0 0 0 139 2 0 0 0 0 0 0 0 0 0 0 0 0 0 0 0 0 0 0 0 0 0 0 0 0 0 0 0 0 0 0 0 0 0 0 0 0 0 0 0 0 0 0 0 0 0 0 0 0 0 0 0 0 0 0 0 0 0 0 0 0 0 0 0 0 0 0 data 7 0x0 0x0 0x0 0x0 0x9 0x1 0x0 oops 0 methods 0
ciMethodData java/nio/ByteBuffer reset ()Ljava/nio/ByteBuffer; 2 5036 orig 80 0 0 0 0 0 0 0 0 0 0 0 0 0 0 0 0 0 0 0 0 0 0 0 0 0 0 0 0 0 0 0 0 0 0 0 0 0 0 0 0 0 0 0 0 0 0 0 0 0 0 0 0 0 0 0 0 0 0 0 0 0 0 0 0 0 0 0 0 0 0 0 0 0 0 0 0 0 0 0 0 data 8 0x10002 0x13ad 0x0 0x0 0x0 0x9 0x1 0x0 oops 0 methods 0
ciMethodData java/nio/Buffer reset ()Ljava/nio/Buffer; 2 5036 orig 80 0 0 0 0 0 0 0 0 0 0 0 0 0 0 0 0 0 0 0 0 0 0 0 0 0 0 0 0 0 0 0 0 0 0 0 0 0 0 0 0 0 0 0 0 0 0 0 0 0 0 0 0 0 0 0 0 0 0 0 0 0 0 0 0 0 0 0 0 0 0 0 0 0 0 0 0 0 0 0 0 data 13 0x60007 0x13ad 0x30 0x0 0xd0002 0x0 0x0 0x0 0x0 0x0 0x9 0x1 0x0 oops 0 methods 0
ciMethodData org/apache/kafka/common/protocol/MessageSizeAccumulator addBytes (I)V 2 168070 orig 80 0 0 0 0 0 0 0 0 0 0 0 0 0 0 0 0 0 0 0 0 0 0 0 0 0 0 0 0 0 0 0 0 0 0 0 0 0 0 0 0 0 0 0 0 0 0 0 0 0 0 0 0 0 0 0 0 0 0 0 0 0 0 0 0 0 0 0 0 0 0 0 0 0 0 0 0 0 0 0 0 data 8 0x0 0x0 0x0 0x0 0x9 0x2 0x0 0x0 oops 0 methods 0
ciMethodData org/apache/kafka/common/protocol/SendBuilder writeUnsignedVarint (I)V 2 5120 orig 80 0 0 0 0 0 0 0 0 0 0 0 0 0 0 0 0 0 0 0 0 0 0 0 0 0 0 0 0 0 0 0 0 0 0 0 0 0 0 0 0 0 0 0 0 0 0 0 0 0 0 0 0 0 0 0 0 0 0 0 0 0 0 0 0 0 0 0 0 0 0 0 0 0 0 0 0 0 0 0 0 data 12 0x50002 0x1400 0x0 0x0 0x0 0x0 0x0 0x0 0x9 0x2 0x0 0x0 oops 0 methods 0
ciMethodData org/apache/kafka/common/utils/ByteUtils writeUnsignedVarint (ILjava/nio/ByteBuffer;)V 2 5120 orig 80 0 0 0 0 0 0 0 0 0 0 0 0 139 2 0 0 0 0 0 0 0 0 0 0 0 0 0 0 0 0 0 0 0 0 0 0 0 0 0 0 0 0 0 0 0 0 0 0 0 0 0 0 0 0 0 0 0 0 0 0 0 0 0 0 0 0 0 0 0 0 0 0 0 0 0 0 0 0 0 0 data 92 0x40007 0x0 0x68 0x1400 0xa0005 0x0 0x28be1db1648 0x1400 0x0 0x0 0xe0003 0x1400 0x240 0x1b0005 0x0 0x0 0x0 0x0 0x0 0x240007 0x0 0x68 0x0 0x310005 0x0 0x0 0x0 0x0 0x0 0x350003 0x0 0x1a8 0x450005 0x0 0x0 0x0 0x0 0x0 0x4d0007 0x0 0x68 0x0 0x5a0005 0x0 0x0 0x0 0x0 0x0 0x5e0003 0x0 0x110 0x6e0005 0x0 0x0 0x0 0x0 0x0 0x760007 0x0 0x68 0x0 0x830005 0x0 0x0 0x0 0x0 0x0 0x870003 0x0 0x78 0x970005 0x0 0x0 0x0 0x0 0x0 0xa50005 0x0 0x0 0x0 0x0 0x0 0x0 0x0 0x0 0x0 0x0 0x0 0x9 0x2 0x0 0x0 oops 1 6 java/nio/HeapByteBuffer methods 0
ciMethodData org/apache/kafka/common/protocol/SendBuilder writeInt (I)V 2 9652 orig 80 0 0 0 0 0 0 0 0 0 0 0 0 0 0 0 0 0 0 0 0 0 0 0 0 0 0 0 0 0 0 0 0 0 0 0 0 0 0 0 0 0 0 0 0 0 0 0 0 0 0 0 0 0 0 0 0 0 0 0 0 0 0 0 0 0 0 0 0 0 0 0 0 0 0 0 0 0 0 0 0 data 16 0x50005 0x0 0x28be1db1648 0x25b4 0x0 0x0 0x0 0x0 0x0 0x0 0x0 0x0 0x9 0x2 0x0 0x0 oops 1 2 java/nio/HeapByteBuffer methods 0
ciMethodData org/apache/kafka/common/utils/ByteUtils sizeOfUnsignedVarint (I)I 2 5123 orig 80 0 0 0 0 0 0 0 0 0 0 0 0 0 0 0 0 0 0 0 0 0 0 0 0 0 0 0 0 0 0 0 0 0 0 0 0 0 0 0 0 0 0 0 0 0 0 0 0 0 0 0 0 0 0 0 0 0 0 0 0 0 0 0 0 0 0 0 0 0 0 0 0 0 0 0 0 0 0 0 0 data 11 0x10002 0x1403 0x0 0x0 0x0 0x0 0x0 0x0 0x9 0x1 0x0 oops 0 methods 0
ciMethodData org/apache/kafka/common/protocol/SendBuilder writeShort (S)V 2 5121 orig 80 0 0 0 0 0 0 0 0 0 0 0 0 0 0 0 0 0 0 0 0 0 0 0 0 0 0 0 0 0 0 0 0 0 0 0 0 0 0 0 0 0 0 0 0 0 0 0 0 0 0 0 0 0 0 0 0 0 0 0 0 0 0 0 0 0 0 0 0 0 0 0 0 0 0 0 0 0 0 0 0 data 16 0x50005 0x0 0x28be1db1648 0x1401 0x0 0x0 0x0 0x0 0x0 0x0 0x0 0x0 0x9 0x2 0x0 0x0 oops 1 2 java/nio/HeapByteBuffer methods 0
ciMethodData org/apache/kafka/common/protocol/ObjectSerializationCache cacheSerializedValue (Ljava/lang/Object;[B)V 2 29805 orig 80 0 0 0 0 0 0 0 0 0 0 0 0 0 0 0 0 0 0 0 0 0 0 0 0 0 0 0 0 0 0 0 0 0 0 0 0 0 0 0 0 0 0 0 0 0 0 0 0 0 0 0 0 0 0 0 0 0 0 0 0 0 0 0 0 0 0 0 0 0 0 0 0 0 0 0 0 0 0 0 0 data 17 0x60005 0x0 0x28bdfbf3b88 0x746d 0x0 0x0 0x0 0x0 0x0 0x0 0x0 0x0 0x9 0x3 0x0 0x0 0x0 oops 1 2 java/util/IdentityHashMap methods 0
ciMethodData org/apache/kafka/common/protocol/ObjectSerializationCache getSerializedValue (Ljava/lang/Object;)[B 2 28924 orig 80 0 0 0 0 0 0 0 0 0 0 0 0 0 0 0 0 0 0 0 0 0 0 0 0 0 0 0 0 0 0 0 0 0 0 0 0 0 0 0 0 0 0 0 0 0 0 0 0 0 0 0 0 0 0 0 0 0 0 0 0 0 0 0 0 0 0 0 0 0 0 0 0 0 0 0 0 0 0 0 0 data 22 0x50005 0x0 0x28bdfbf3b88 0x70fc 0x0 0x0 0xa0004 0x0 0x28bdf054328 0x70fc 0x0 0x0 0x0 0x0 0x0 0x0 0x0 0x0 0x9 0x2 0x0 0x0 oops 2 2 java/util/IdentityHashMap 8 [B methods 0
ciMethodData org/apache/kafka/common/protocol/types/RawTaggedFieldWriter writeRawTags (Lorg/apache/kafka/common/protocol/Writable;I)V 2 5120 orig 80 0 0 0 0 0 0 0 0 0 0 0 0 0 0 0 0 0 0 0 0 0 0 0 0 0 0 0 0 0 0 0 0 0 0 0 0 0 0 0 0 0 0 0 0 0 0 0 0 0 0 0 0 0 0 0 0 0 0 0 0 0 0 0 0 0 0 0 0 0 0 0 0 0 0 0 0 0 0 0 0 data 108 0x40005 0x0 0x28bdf53cd60 0x1400 0x0 0x0 0x90007 0x1400 0x2d8 0x0 0x100005 0x0 0x0 0x0 0x0 0x0 0x150004 0x0 0x0 0x0 0x0 0x0 0x1a0005 0x0 0x0 0x0 0x0 0x0 0x220007 0x0 0xa0 0x0 0x280007 0x0 0x50 0x0 0x31000a 0x0 0x1 0x28bdf03ca58 0x360002 0x0 0x3e0005 0x0 0x0 0x0 0x0 0x0 0x4b0007 0x0 0x50 0x0 0x58000a 0x0 0x1 0x28bdf03ca58 0x5d0002 0x0 0x630005 0x0 0x0 0x0 0x0 0x0 0x660005 0x0 0x0 0x0 0x0 0x0 0x6d0005 0x0 0x0 0x0 0x0 0x0 0x710005 0x0 0x0 0x0 0x0 0x0 0x780005 0x0 0x0 0x0 0x0 0x0 0x7b0005 0x0 0x0 0x0 0x0 0x0 0x860003 0x0 0xfffffffffffffd10 0x0 0x0 0x0 0x0 0x0 0x0 0x9 0x3 0x0 0x0 0x0 oops 3 2 java/util/ArrayList$ListItr 39 java/lang/String 55 java/lang/String methods 0
ciMethodData org/apache/kafka/common/protocol/SendBuilder writeByteArray ([B)V 2 5120 orig 80 0 0 0 0 0 0 0 0 0 0 0 0 0 0 0 0 0 0 0 0 0 0 0 0 0 0 0 0 0 0 0 0 0 0 0 0 0 0 0 0 0 0 0 0 0 0 0 0 0 0 0 0 0 0 0 0 0 0 0 0 0 0 0 0 0 0 0 0 0 0 0 0 0 0 0 0 0 0 0 0 data 16 0x50005 0x1400 0x0 0x0 0x0 0x0 0x0 0x0 0x0 0x0 0x0 0x0 0x9 0x2 0x0 0x0 oops 0 methods 0
ciMethodData org/apache/kafka/common/protocol/types/RawTaggedFieldWriter forFields (Ljava/util/List;)Lorg/apache/kafka/common/protocol/types/RawTaggedFieldWriter; 2 23647 orig 80 0 0 0 0 0 0 0 0 0 0 0 0 0 0 0 0 0 0 0 0 0 0 0 0 0 0 0 0 0 0 0 0 0 0 0 0 0 0 0 0 0 0 0 0 0 0 0 0 0 0 0 0 0 0 0 0 0 0 0 0 0 0 0 0 0 0 0 0 0 0 0 0 0 0 0 0 0 0 0 0 data 15 0x10007 0x0 0x20 0x5c5f 0xd0002 0x0 0x0 0x0 0x0 0x0 0x0 0x0 0x9 0x1 0x0 oops 0 methods 0
ciMethodData org/apache/kafka/common/protocol/types/RawTaggedFieldWriter numFields ()I 2 23647 orig 80 0 0 0 0 0 0 0 0 0 0 0 0 0 0 0 0 0 0 0 0 0 0 0 0 0 0 0 0 0 0 0 0 0 0 0 0 0 0 0 0 0 0 0 0 0 0 0 0 0 0 0 0 0 0 0 0 0 0 0 0 0 0 0 0 0 0 0 0 0 0 0 0 0 0 0 0 0 0 0 0 data 15 0x40005 0x0 0x28bdf0403b8 0x5c5f 0x0 0x0 0x0 0x0 0x0 0x0 0x0 0x0 0x9 0x1 0x0 oops 1 2 java/util/ArrayList methods 0
ciMethodData org/apache/kafka/common/protocol/ObjectSerializationCache <init> ()V 2 5125 orig 80 0 0 0 0 0 0 0 0 0 0 0 0 0 0 0 0 0 0 0 0 0 0 0 0 0 0 0 0 0 0 0 0 0 0 0 0 0 0 0 0 0 0 0 0 0 0 0 0 0 0 0 0 0 0 0 0 0 0 0 0 0 0 0 0 0 0 0 0 0 0 0 0 0 0 0 0 0 0 0 0 data 11 0x10002 0x1405 0x90002 0x1405 0x0 0x0 0x0 0x0 0x9 0x1 0x6 oops 0 methods 0
ciMethodData org/apache/kafka/common/protocol/MessageSizeAccumulator <init> ()V 2 5125 orig 80 0 0 0 0 0 0 0 0 0 0 0 0 0 0 0 0 0 0 0 0 0 0 0 0 0 0 0 0 0 0 0 0 0 0 0 0 0 0 0 0 0 0 0 0 0 0 0 0 0 0 0 0 0 0 0 0 0 0 0 0 0 0 0 0 0 0 0 0 0 0 0 0 0 0 0 0 0 0 0 0 data 9 0x10002 0x1405 0x0 0x0 0x0 0x0 0x9 0x1 0x0 oops 0 methods 0
ciMethodData org/apache/kafka/common/protocol/SendBuilder buildSend (Lorg/apache/kafka/common/protocol/Message;SLorg/apache/kafka/common/protocol/Message;S)Lorg/apache/kafka/common/network/Send; 2 5120 orig 80 0 0 0 0 0 0 0 0 0 0 0 0 139 2 0 0 0 0 0 0 0 0 0 0 0 0 0 0 0 0 0 0 0 0 0 0 0 0 0 0 0 0 0 0 0 0 0 0 0 0 0 0 0 0 0 0 0 0 0 0 0 0 0 0 0 0 0 0 0 0 0 0 0 0 0 0 0 0 0 0 data 66 0x40002 0x1400 0xd0002 0x1400 0x180005 0x0 0x28bdfbee8a8 0x1400 0x0 0x0 0x230005 0x15 0x28bdfbee958 0x2de 0x28bdfbeea08 0x110d 0x2e0005 0x0 0x28bdfbeeab8 0x1400 0x0 0x0 0x330002 0x1400 0x3c0005 0x0 0x28bdfbeeab8 0x1400 0x0 0x0 0x3f0005 0x0 0x28bdfbee220 0x1400 0x0 0x0 0x480005 0x0 0x28bdfbee8a8 0x1400 0x0 0x0 0x530005 0x15 0x28bdfbee958 0x2de 0x28bdfbeea08 0x110d 0x5a0005 0x0 0x28bdfbee220 0x1400 0x0 0x0 0x0 0x0 0x0 0x0 0x0 0x0 0x9 0x4 0x0 0x0 0x0 0x0 oops 10 6 org/apache/kafka/common/message/RequestHeaderData 12 org/apache/kafka/common/message/HeartbeatRequestData 14 org/apache/kafka/common/message/FetchRequestData 18 org/apache/kafka/common/protocol/MessageSizeAccumulator 26 org/apache/kafka/common/protocol/MessageSizeAccumulator 32 org/apache/kafka/common/protocol/SendBuilder 38 org/apache/kafka/common/message/RequestHeaderData 44 org/apache/kafka/common/message/HeartbeatRequestData 46 org/apache/kafka/common/message/FetchRequestData 50 org/apache/kafka/common/protocol/SendBuilder methods 0
ciMethodData org/apache/kafka/common/protocol/MessageSizeAccumulator sizeExcludingZeroCopy ()I 2 4992 orig 80 0 0 0 0 0 0 0 0 0 0 0 0 139 2 0 0 0 0 0 0 0 0 0 0 0 0 0 0 0 0 0 0 0 0 0 0 0 0 0 0 0 0 0 0 0 0 0 0 0 0 0 0 0 0 0 0 0 0 0 0 0 0 0 0 0 0 0 0 0 0 0 0 0 0 0 0 0 0 0 0 data 7 0x0 0x0 0x0 0x0 0x9 0x1 0x0 oops 0 methods 0
ciMethodData org/apache/kafka/common/protocol/SendBuilder <init> (I)V 2 4992 orig 80 0 0 0 0 0 0 0 0 0 0 0 0 139 2 0 0 0 0 0 0 0 0 0 0 0 0 0 0 0 0 0 0 0 0 0 0 0 0 0 0 0 0 0 0 0 0 0 0 0 0 0 0 0 0 0 0 0 0 0 0 0 0 0 0 0 0 0 0 0 0 0 0 0 0 0 0 0 0 0 0 data 24 0x10002 0x1380 0xa0002 0x1380 0x1a0002 0x1380 0x270002 0x1380 0x310005 0x0 0x28be1db1648 0x1380 0x0 0x0 0x0 0x0 0x0 0x0 0x0 0x0 0x9 0x2 0x3e 0x0 oops 1 10 java/nio/HeapByteBuffer methods 0
ciMethodData org/apache/kafka/common/protocol/SendBuilder build ()Lorg/apache/kafka/common/network/Send; 2 4992 orig 80 0 0 0 0 0 0 0 0 0 0 0 0 139 2 0 0 0 0 0 0 0 0 0 0 0 0 0 0 0 0 0 0 0 0 0 0 0 0 0 0 0 0 0 0 0 0 0 0 0 0 0 0 0 0 0 0 0 0 0 0 0 0 0 0 0 0 0 0 0 0 0 0 0 0 0 0 0 0 0 0 data 39 0x10005 0x1380 0x0 0x0 0x0 0x0 0x80005 0x0 0x28be1f5eb08 0x1380 0x0 0x0 0xe0007 0x0 0x80 0x1380 0x150005 0x0 0x28be1f5eb08 0x1380 0x0 0x0 0x1a0004 0x0 0x28be1e72298 0x1380 0x0 0x0 0x2a0002 0x0 0x0 0x0 0x0 0x0 0x0 0x0 0x9 0x1 0x0 oops 3 8 java/util/ArrayDeque 18 java/util/ArrayDeque 24 org/apache/kafka/common/network/ByteBufferSend methods 0
ciMethodData org/apache/kafka/common/message/RequestHeaderData addSize (Lorg/apache/kafka/common/protocol/MessageSizeAccumulator;Lorg/apache/kafka/common/protocol/ObjectSerializationCache;S)V 2 4992 orig 80 0 0 0 0 0 0 0 0 0 0 0 0 0 0 0 0 0 0 0 0 0 0 0 0 0 0 0 0 0 0 0 0 0 0 0 0 0 0 0 0 0 0 0 0 0 0 0 0 0 0 0 0 0 0 0 0 0 0 0 0 0 0 0 0 0 0 0 0 0 0 0 0 0 0 0 0 0 0 0 0 data 173 0x50005 0x0 0x28bdfbeeab8 0x1380 0x0 0x0 0xa0005 0x0 0x28bdfbeeab8 0x1380 0x0 0x0 0xf0005 0x0 0x28bdfbeeab8 0x1380 0x0 0x0 0x160007 0x1380 0x68 0x0 0x1b0005 0x0 0x0 0x0 0x0 0x0 0x1e0003 0x0 0xd8 0x280005 0x1380 0x0 0x0 0x0 0x0 0x330007 0x1380 0x30 0x0 0x3c0002 0x0 0x470005 0x1380 0x0 0x0 0x0 0x0 0x500005 0x0 0x28bdfbeeab8 0x1380 0x0 0x0 0x570007 0x1380 0x288 0x0 0x600005 0x0 0x0 0x0 0x0 0x0 0x6c0005 0x0 0x0 0x0 0x0 0x0 0x750005 0x0 0x0 0x0 0x0 0x0 0x7a0007 0x0 0x1d8 0x0 0x7f0005 0x0 0x0 0x0 0x0 0x0 0x840004 0x0 0x0 0x0 0x0 0x0 0x8c0005 0x0 0x0 0x0 0x0 0x0 0x8f0002 0x0 0x920005 0x0 0x0 0x0 0x0 0x0 0x980005 0x0 0x0 0x0 0x0 0x0 0x9b0002 0x0 0x9e0005 0x0 0x0 0x0 0x0 0x0 0xa40005 0x0 0x0 0x0 0x0 0x0 0xa70005 0x0 0x0 0x0 0x0 0x0 0xaa0003 0x0 0xfffffffffffffe10 0xaf0007 0x0 0x78 0x1380 0xb50002 0x1380 0xb80005 0x0 0x28bdfbeeab8 0x1380 0x0 0x0 0xbb0003 0x1380 0x68 0xc00007 0x0 0x50 0x0 0xc8000a 0x0 0x1 0x28bdf03ca58 0xcd0002 0x0 0x0 0x0 0x0 0x0 0x0 0x0 0x9 0x4 0x0 0x0 0x0 0x0 oops 6 2 org/apache/kafka/common/protocol/MessageSizeAccumulator 8 org/apache/kafka/common/protocol/MessageSizeAccumulator 14 org/apache/kafka/common/protocol/MessageSizeAccumulator 51 org/apache/kafka/common/protocol/MessageSizeAccumulator 144 org/apache/kafka/common/protocol/MessageSizeAccumulator 158 java/lang/String methods 0
ciMethodData org/apache/kafka/common/message/RequestHeaderData write (Lorg/apache/kafka/common/protocol/Writable;Lorg/apache/kafka/common/protocol/ObjectSerializationCache;S)V 2 4992 orig 80 0 0 0 0 0 0 0 0 0 0 0 0 0 0 0 0 0 0 0 0 0 0 0 0 0 0 0 0 0 0 0 0 0 0 0 0 0 0 0 0 0 0 0 0 0 0 0 0 0 0 0 0 0 0 0 0 0 0 0 0 0 0 0 0 0 0 0 0 0 0 0 0 0 0 0 0 0 0 0 0 data 98 0x80005 0x0 0x28bdfbee220 0x1380 0x0 0x0 0x120005 0x0 0x28bdfbee220 0x1380 0x0 0x0 0x1c0005 0x0 0x28bdfbee220 0x1380 0x0 0x0 0x250007 0x1380 0x68 0x0 0x2a0005 0x0 0x0 0x0 0x0 0x0 0x2f0003 0x0 0xa8 0x370005 0x1380 0x0 0x0 0x0 0x0 0x410005 0x0 0x28bdfbee220 0x1380 0x0 0x0 0x490005 0x0 0x28bdfbee220 0x1380 0x0 0x0 0x520002 0x1380 0x5b0005 0x0 0x28be2312a58 0x1380 0x0 0x0 0x630007 0x0 0x98 0x1380 0x690005 0x0 0x28bdfbee220 0x1380 0x0 0x0 0x730005 0x0 0x28be2312a58 0x1380 0x0 0x0 0x760003 0x1380 0x68 0x7b0007 0x0 0x50 0x0 0x83000a 0x0 0x1 0x28bdf03ca58 0x880002 0x0 0x0 0x0 0x0 0x0 0x0 0x0 0x9 0x4 0x0 0x0 0x0 0x0 oops 9 2 org/apache/kafka/common/protocol/SendBuilder 8 org/apache/kafka/common/protocol/SendBuilder 14 org/apache/kafka/common/protocol/SendBuilder 39 org/apache/kafka/common/protocol/SendBuilder 45 org/apache/kafka/common/protocol/SendBuilder 53 org/apache/kafka/common/protocol/types/RawTaggedFieldWriter 63 org/apache/kafka/common/protocol/SendBuilder 69 org/apache/kafka/common/protocol/types/RawTaggedFieldWriter 83 java/lang/String methods 0
ciMethodData org/apache/kafka/common/protocol/SendBuilder flushPendingSend ()V 2 4992 orig 80 0 0 0 0 0 0 0 0 0 0 0 0 139 2 0 0 0 0 0 0 0 0 0 0 0 0 0 0 0 0 0 0 0 0 0 0 0 0 0 0 0 0 0 0 0 0 0 0 0 0 0 0 0 0 0 0 0 0 0 0 0 0 0 0 0 0 0 0 0 0 0 0 0 0 0 0 0 0 0 0 data 51 0x10005 0x1380 0x0 0x0 0x0 0x0 0x80005 0x0 0x28bdf0403b8 0x1380 0x0 0x0 0xd0007 0x0 0xf0 0x1380 0x180005 0x0 0x28bdf0403b8 0x1380 0x0 0x0 0x1d0004 0x0 0x28be1e73780 0x1380 0x0 0x0 0x2b0002 0x1380 0x2e0005 0x1380 0x0 0x0 0x0 0x0 0x320005 0x1380 0x0 0x0 0x0 0x0 0x0 0x0 0x0 0x0 0x0 0x0 0x9 0x1 0x0 oops 3 8 java/util/ArrayList 18 java/util/ArrayList 24 [Ljava/nio/ByteBuffer; methods 0
ciMethodData org/apache/kafka/common/protocol/SendBuilder flushPendingBuffer ()V 2 4864 orig 80 0 0 0 0 0 0 0 0 0 0 0 0 0 0 0 0 0 0 0 0 0 0 0 0 0 0 0 0 0 0 0 0 0 0 0 0 0 0 0 0 0 0 0 0 0 0 0 0 0 0 0 0 0 0 0 0 0 0 0 0 0 0 0 0 0 0 0 0 0 0 0 0 0 0 0 0 0 0 0 0 data 73 0x40005 0x1301 0x0 0x0 0x0 0x0 0xc0005 0x0 0x28be1db1648 0x1301 0x0 0x0 0x150005 0x1301 0x0 0x0 0x0 0x0 0x180007 0x0 0x170 0x1301 0x200005 0x0 0x28be1db1648 0x1301 0x0 0x0 0x290005 0x0 0x28be1db1648 0x1301 0x0 0x0 0x2c0005 0x1301 0x0 0x0 0x0 0x0 0x340005 0x0 0x28be1db1648 0x1301 0x0 0x0 0x400005 0x1301 0x0 0x0 0x0 0x0 0x430005 0x0 0x28be1db1648 0x1301 0x0 0x0 0x4b0005 0x0 0x28be1db1648 0x1301 0x0 0x0 0x0 0x0 0x0 0x0 0x0 0x0 0x9 0x1 0x0 oops 6 8 java/nio/HeapByteBuffer 24 java/nio/HeapByteBuffer 30 java/nio/HeapByteBuffer 42 java/nio/HeapByteBuffer 54 java/nio/HeapByteBuffer 60 java/nio/HeapByteBuffer methods 0
ciMethodData org/apache/kafka/common/protocol/SendBuilder addBuffer (Ljava/nio/ByteBuffer;)V 2 4864 orig 80 0 0 0 0 0 0 0 0 0 0 0 0 0 0 0 0 0 0 0 0 0 0 0 0 0 0 0 0 0 0 0 0 0 0 0 0 0 0 0 0 0 0 0 0 0 0 0 0 0 0 0 0 0 0 0 0 0 0 0 0 0 0 0 0 0 0 0 0 0 0 0 0 0 0 0 0 0 0 0 0 data 22 0x50005 0x0 0x28bdf0403b8 0x1301 0x0 0x0 0x110005 0x1301 0x0 0x0 0x0 0x0 0x0 0x0 0x0 0x0 0x0 0x0 0x9 0x2 0x0 0x0 oops 1 2 java/util/ArrayList methods 0
ciMethodData org/apache/kafka/common/network/ByteBufferSend <init> ([Ljava/nio/ByteBuffer;J)V 2 4864 orig 80 0 0 0 0 0 0 0 0 0 0 0 0 0 0 0 0 0 0 0 0 0 0 0 0 0 0 0 0 0 0 0 0 0 0 0 0 0 0 0 0 0 0 0 0 0 0 0 0 0 0 0 0 0 0 0 0 0 0 0 0 0 0 0 0 0 0 0 0 0 0 0 0 0 0 0 0 0 0 0 0 data 12 0x10002 0x1301 0x0 0x0 0x0 0x0 0x9 0x4 0x1e 0x0 0x0 0x0 oops 0 methods 0
ciMethodData org/apache/kafka/common/protocol/SendBuilder addSend (Lorg/apache/kafka/common/network/Send;)V 2 4864 orig 80 0 0 0 0 0 0 0 0 0 0 0 0 0 0 0 0 0 0 0 0 0 0 0 0 0 0 0 0 0 0 0 0 0 0 0 0 0 0 0 0 0 0 0 0 0 0 0 0 0 0 0 0 0 0 0 0 0 0 0 0 0 0 0 0 0 0 0 0 0 0 0 0 0 0 0 0 0 0 0 0 data 22 0x50005 0x0 0x28be1f5eb08 0x1301 0x0 0x0 0x110005 0x0 0x28be1e72298 0x1301 0x0 0x0 0x0 0x0 0x0 0x0 0x0 0x0 0x9 0x2 0x0 0x0 oops 2 2 java/util/ArrayDeque 8 org/apache/kafka/common/network/ByteBufferSend methods 0
ciMethodData org/apache/kafka/common/protocol/SendBuilder clearBuffers ()V 2 4864 orig 80 0 0 0 0 0 0 0 0 0 0 0 0 0 0 0 0 0 0 0 0 0 0 0 0 0 0 0 0 0 0 0 0 0 0 0 0 0 0 0 0 0 0 0 0 0 0 0 0 0 0 0 0 0 0 0 0 0 0 0 0 0 0 0 0 0 0 0 0 0 0 0 0 0 0 0 0 0 0 0 0 data 15 0x40005 0x0 0x28bdf0403b8 0x1301 0x0 0x0 0x0 0x0 0x0 0x0 0x0 0x0 0x9 0x1 0x0 oops 1 2 java/util/ArrayList methods 0
compile org/apache/kafka/common/protocol/SendBuilder buildSend (Lorg/apache/kafka/common/protocol/Message;SLorg/apache/kafka/common/protocol/Message;S)Lorg/apache/kafka/common/network/Send; -1 4 inline 183 0 -1 0 org/apache/kafka/common/protocol/SendBuilder buildSend (Lorg/apache/kafka/common/protocol/Message;SLorg/apache/kafka/common/protocol/Message;S)Lorg/apache/kafka/common/network/Send; 1 4 0 org/apache/kafka/common/protocol/ObjectSerializationCache <init> ()V 2 1 0 java/lang/Object <init> ()V 2 9 0 java/util/IdentityHashMap <init> ()V 3 1 0 java/util/AbstractMap <init> ()V 4 1 0 java/lang/Object <init> ()V 3 7 0 java/util/IdentityHashMap init (I)V 1 13 0 org/apache/kafka/common/protocol/MessageSizeAccumulator <init> ()V 2 1 0 java/lang/Object <init> ()V 1 24 0 org/apache/kafka/common/message/RequestHeaderData addSize (Lorg/apache/kafka/common/protocol/MessageSizeAccumulator;Lorg/apache/kafka/common/protocol/ObjectSerializationCache;S)V 2 5 0 org/apache/kafka/common/protocol/MessageSizeAccumulator addBytes (I)V 2 10 0 org/apache/kafka/common/protocol/MessageSizeAccumulator addBytes (I)V 2 15 0 org/apache/kafka/common/protocol/MessageSizeAccumulator addBytes (I)V 2 40 0 java/lang/String getBytes (Ljava/nio/charset/Charset;)[B 3 14 0 java/lang/String coder ()B 3 21 0 java/lang/String encode (Ljava/nio/charset/Charset;B[B)[B 4 10 0 java/lang/String encodeUTF8 (B[BZ)[B 5 15 0 java/lang/StringCoding hasNegatives ([BII)Z 2 71 0 org/apache/kafka/common/protocol/ObjectSerializationCache cacheSerializedValue (Ljava/lang/Object;[B)V 3 6 0 java/util/IdentityHashMap put (Ljava/lang/Object;Ljava/lang/Object;)Ljava/lang/Object; 4 1 0 java/util/IdentityHashMap maskNull (Ljava/lang/Object;)Ljava/lang/Object; 4 19 0 java/util/IdentityHashMap hash (Ljava/lang/Object;I)I 2 80 0 org/apache/kafka/common/protocol/MessageSizeAccumulator addBytes (I)V 2 181 0 org/apache/kafka/common/utils/ByteUtils sizeOfUnsignedVarint (I)I 2 184 0 org/apache/kafka/common/protocol/MessageSizeAccumulator addBytes (I)V 1 46 0 org/apache/kafka/common/protocol/MessageSizeAccumulator sizeExcludingZeroCopy ()I 1 51 0 org/apache/kafka/common/protocol/SendBuilder <init> (I)V 2 1 0 java/lang/Object <init> ()V 2 10 0 java/util/ArrayDeque <init> (I)V 3 1 0 java/util/AbstractCollection <init> ()V 4 1 0 java/lang/Object <init> ()V 2 26 0 java/util/ArrayList <init> ()V 3 1 0 java/util/AbstractList <init> ()V 4 1 0 java/util/AbstractCollection <init> ()V 5 1 0 java/lang/Object <init> ()V 2 39 0 java/nio/ByteBuffer allocate (I)Ljava/nio/ByteBuffer; 3 16 0 java/nio/HeapByteBuffer <init> (IILjava/lang/foreign/MemorySegment;)V 4 10 0 java/nio/ByteBuffer <init> (IIII[BILjava/lang/foreign/MemorySegment;)V 5 8 0 java/nio/Buffer <init> (IIIILjava/lang/foreign/MemorySegment;)V 6 1 0 java/lang/Object <init> ()V 6 39 0 java/nio/ByteBuffer limit (I)Ljava/nio/Buffer; 7 2 0 java/nio/ByteBuffer limit (I)Ljava/nio/ByteBuffer; 8 2 0 java/nio/Buffer limit (I)Ljava/nio/Buffer; 6 45 0 java/nio/ByteBuffer position (I)Ljava/nio/Buffer; 7 2 0 java/nio/ByteBuffer position (I)Ljava/nio/ByteBuffer; 8 2 0 java/nio/Buffer position (I)Ljava/nio/Buffer; 5 17 0 java/nio/ByteOrder nativeOrder ()Ljava/nio/ByteOrder; 2 49 0 java/nio/ByteBuffer mark ()Ljava/nio/ByteBuffer; 3 1 0 java/nio/Buffer mark ()Ljava/nio/Buffer; 1 60 0 org/apache/kafka/common/protocol/MessageSizeAccumulator totalSize ()I 1 63 0 org/apache/kafka/common/protocol/SendBuilder writeInt (I)V 2 5 0 java/nio/HeapByteBuffer putInt (I)Ljava/nio/ByteBuffer; 3 4 0 java/nio/Buffer session ()Ljdk/internal/foreign/MemorySessionImpl; 3 14 0 java/nio/Buffer nextPutIndex (I)I 3 18 0 java/nio/HeapByteBuffer byteOffset (J)J 3 26 0 jdk/internal/misc/ScopedMemoryAccess putIntUnaligned (Ljdk/internal/foreign/MemorySessionImpl;Ljava/lang/Object;JIZ)V 4 8 0 jdk/internal/misc/ScopedMemoryAccess putIntUnalignedInternal (Ljdk/internal/foreign/MemorySessionImpl;Ljava/lang/Object;JIZ)V 5 17 0 jdk/internal/misc/Unsafe putIntUnaligned (Ljava/lang/Object;JIZ)V 6 7 0 jdk/internal/misc/Unsafe convEndian (ZI)I 5 21 0 java/lang/ref/Reference reachabilityFence (Ljava/lang/Object;)V 1 72 0 org/apache/kafka/common/message/RequestHeaderData write (Lorg/apache/kafka/common/protocol/Writable;Lorg/apache/kafka/common/protocol/ObjectSerializationCache;S)V 2 8 0 org/apache/kafka/common/protocol/SendBuilder writeShort (S)V 3 5 0 java/nio/HeapByteBuffer putShort (S)Ljava/nio/ByteBuffer; 4 4 0 java/nio/Buffer session ()Ljdk/internal/foreign/MemorySessionImpl; 4 14 0 java/nio/Buffer nextPutIndex (I)I 4 18 0 java/nio/HeapByteBuffer byteOffset (J)J 4 26 0 jdk/internal/misc/ScopedMemoryAccess putShortUnaligned (Ljdk/internal/foreign/MemorySessionImpl;Ljava/lang/Object;JSZ)V 5 8 0 jdk/internal/misc/ScopedMemoryAccess putShortUnalignedInternal (Ljdk/internal/foreign/MemorySessionImpl;Ljava/lang/Object;JSZ)V 6 17 0 jdk/internal/misc/Unsafe putShortUnaligned (Ljava/lang/Object;JSZ)V 7 7 0 jdk/internal/misc/Unsafe convEndian (ZS)S 6 21 0 java/lang/ref/Reference reachabilityFence (Ljava/lang/Object;)V 2 18 0 org/apache/kafka/common/protocol/SendBuilder writeShort (S)V 3 5 0 java/nio/HeapByteBuffer putShort (S)Ljava/nio/ByteBuffer; 4 4 0 java/nio/Buffer session ()Ljdk/internal/foreign/MemorySessionImpl; 4 14 0 java/nio/Buffer nextPutIndex (I)I 4 18 0 java/nio/HeapByteBuffer byteOffset (J)J 4 26 0 jdk/internal/misc/ScopedMemoryAccess putShortUnaligned (Ljdk/internal/foreign/MemorySessionImpl;Ljava/lang/Object;JSZ)V 5 8 0 jdk/internal/misc/ScopedMemoryAccess putShortUnalignedInternal (Ljdk/internal/foreign/MemorySessionImpl;Ljava/lang/Object;JSZ)V 6 17 0 jdk/internal/misc/Unsafe putShortUnaligned (Ljava/lang/Object;JSZ)V 7 7 0 jdk/internal/misc/Unsafe convEndian (ZS)S 6 21 0 java/lang/ref/Reference reachabilityFence (Ljava/lang/Object;)V 2 28 0 org/apache/kafka/common/protocol/SendBuilder writeInt (I)V 3 5 0 java/nio/HeapByteBuffer putInt (I)Ljava/nio/ByteBuffer; 4 4 0 java/nio/Buffer session ()Ljdk/internal/foreign/MemorySessionImpl; 4 14 0 java/nio/Buffer nextPutIndex (I)I 4 18 0 java/nio/HeapByteBuffer byteOffset (J)J 4 26 0 jdk/internal/misc/ScopedMemoryAccess putIntUnaligned (Ljdk/internal/foreign/MemorySessionImpl;Ljava/lang/Object;JIZ)V 5 8 0 jdk/internal/misc/ScopedMemoryAccess putIntUnalignedInternal (Ljdk/internal/foreign/MemorySessionImpl;Ljava/lang/Object;JIZ)V 6 17 0 jdk/internal/misc/Unsafe putIntUnaligned (Ljava/lang/Object;JIZ)V 7 7 0 jdk/internal/misc/Unsafe convEndian (ZI)I 6 21 0 java/lang/ref/Reference reachabilityFence (Ljava/lang/Object;)V 2 55 0 org/apache/kafka/common/protocol/ObjectSerializationCache getSerializedValue (Ljava/lang/Object;)[B 3 5 0 java/util/IdentityHashMap get (Ljava/lang/Object;)Ljava/lang/Object; 4 1 0 java/util/IdentityHashMap maskNull (Ljava/lang/Object;)Ljava/lang/Object; 4 17 0 java/util/IdentityHashMap hash (Ljava/lang/Object;I)I 4 52 0 java/util/IdentityHashMap nextKeyIndex (II)I 2 65 0 org/apache/kafka/common/protocol/SendBuilder writeShort (S)V 3 5 0 java/nio/HeapByteBuffer putShort (S)Ljava/nio/ByteBuffer; 4 4 0 java/nio/Buffer session ()Ljdk/internal/foreign/MemorySessionImpl; 4 14 0 java/nio/Buffer nextPutIndex (I)I 4 18 0 java/nio/HeapByteBuffer byteOffset (J)J 4 26 0 jdk/internal/misc/ScopedMemoryAccess putShortUnaligned (Ljdk/internal/foreign/MemorySessionImpl;Ljava/lang/Object;JSZ)V 5 8 0 jdk/internal/misc/ScopedMemoryAccess putShortUnalignedInternal (Ljdk/internal/foreign/MemorySessionImpl;Ljava/lang/Object;JSZ)V 6 17 0 jdk/internal/misc/Unsafe putShortUnaligned (Ljava/lang/Object;JSZ)V 7 7 0 jdk/internal/misc/Unsafe convEndian (ZS)S 6 21 0 java/lang/ref/Reference reachabilityFence (Ljava/lang/Object;)V 2 73 0 org/apache/kafka/common/protocol/SendBuilder writeByteArray ([B)V 3 5 0 java/nio/ByteBuffer put ([B)Ljava/nio/ByteBuffer; 4 5 0 java/nio/HeapByteBuffer put ([BII)Ljava/nio/ByteBuffer; 5 1 0 java/nio/Buffer checkSession ()V 6 1 0 java/nio/Buffer session ()Ljdk/internal/foreign/MemorySessionImpl; 5 8 0 java/util/Objects checkFromIndexSize (III)I 6 4 0 jdk/internal/util/Preconditions checkFromIndexSize (IIILjava/util/function/BiFunction;)I 5 13 0 java/nio/Buffer position ()I 5 20 0 java/nio/Buffer limit ()I 5 46 0 java/nio/HeapByteBuffer ix (I)I 5 58 0 java/nio/ByteBuffer position (I)Ljava/nio/ByteBuffer; 6 2 0 java/nio/Buffer position (I)Ljava/nio/Buffer; 2 82 0 org/apache/kafka/common/protocol/types/RawTaggedFieldWriter forFields (Ljava/util/List;)Lorg/apache/kafka/common/protocol/types/RawTaggedFieldWriter; 2 91 0 org/apache/kafka/common/protocol/types/RawTaggedFieldWriter numFields ()I 3 4 0 java/util/ArrayList size ()I 2 105 0 org/apache/kafka/common/protocol/SendBuilder writeUnsignedVarint (I)V 3 5 0 org/apache/kafka/common/utils/ByteUtils writeUnsignedVarint (ILjava/nio/ByteBuffer;)V 4 10 0 java/nio/HeapByteBuffer put (B)Ljava/nio/ByteBuffer; 5 6 0 java/nio/Buffer nextPutIndex ()I 5 9 0 java/nio/HeapByteBuffer ix (I)I 2 115 0 org/apache/kafka/common/protocol/types/RawTaggedFieldWriter writeRawTags (Lorg/apache/kafka/common/protocol/Writable;I)V 3 4 0 java/util/ArrayList$Itr hasNext ()Z 1 90 0 org/apache/kafka/common/protocol/SendBuilder build ()Lorg/apache/kafka/common/network/Send; 2 1 0 org/apache/kafka/common/protocol/SendBuilder flushPendingSend ()V 3 1 0 org/apache/kafka/common/protocol/SendBuilder flushPendingBuffer ()V 4 4 0 java/nio/Buffer position ()I 4 12 0 java/nio/ByteBuffer reset ()Ljava/nio/ByteBuffer; 5 1 0 java/nio/Buffer reset ()Ljava/nio/Buffer; 4 21 0 java/nio/Buffer position ()I 4 32 0 java/nio/ByteBuffer limit (I)Ljava/nio/ByteBuffer; 5 2 0 java/nio/Buffer limit (I)Ljava/nio/Buffer; 4 41 0 java/nio/HeapByteBuffer slice ()Ljava/nio/ByteBuffer; 5 1 0 java/nio/Buffer position ()I 5 6 0 java/nio/Buffer limit ()I 5 45 0 java/nio/HeapByteBuffer <init> ([BIIIIILjava/lang/foreign/MemorySegment;)V 6 12 0 java/nio/ByteBuffer <init> (IIII[BILjava/lang/foreign/MemorySegment;)V 7 8 0 java/nio/Buffer <init> (IIIILjava/lang/foreign/MemorySegment;)V 8 1 0 java/lang/Object <init> ()V 8 39 0 java/nio/ByteBuffer limit (I)Ljava/nio/Buffer; 9 2 0 java/nio/ByteBuffer limit (I)Ljava/nio/ByteBuffer; 10 2 0 java/nio/Buffer limit (I)Ljava/nio/Buffer; 8 45 0 java/nio/ByteBuffer position (I)Ljava/nio/Buffer; 9 2 0 java/nio/ByteBuffer position (I)Ljava/nio/ByteBuffer; 10 2 0 java/nio/Buffer position (I)Ljava/nio/Buffer; 7 17 0 java/nio/ByteOrder nativeOrder ()Ljava/nio/ByteOrder; 4 44 0 org/apache/kafka/common/protocol/SendBuilder addBuffer (Ljava/nio/ByteBuffer;)V 5 5 0 java/util/ArrayList add (Ljava/lang/Object;)Z 6 20 0 java/util/ArrayList add (Ljava/lang/Object;[Ljava/lang/Object;I)V 7 7 0 java/util/ArrayList grow ()[Ljava/lang/Object; 8 7 0 java/util/ArrayList grow (I)[Ljava/lang/Object; 9 27 0 jdk/internal/util/ArraysSupport newLength (III)I 9 37 0 java/util/Arrays copyOf ([Ljava/lang/Object;I)[Ljava/lang/Object; 5 17 0 java/nio/Buffer remaining ()I 4 52 0 java/nio/ByteBuffer position (I)Ljava/nio/ByteBuffer; 5 2 0 java/nio/Buffer position (I)Ljava/nio/Buffer; 4 64 0 java/nio/Buffer capacity ()I 4 67 0 java/nio/ByteBuffer limit (I)Ljava/nio/ByteBuffer; 5 2 0 java/nio/Buffer limit (I)Ljava/nio/Buffer; 4 75 0 java/nio/ByteBuffer mark ()Ljava/nio/ByteBuffer; 5 1 0 java/nio/Buffer mark ()Ljava/nio/Buffer; 3 8 0 java/util/ArrayList isEmpty ()Z 3 24 0 java/util/ArrayList toArray ([Ljava/lang/Object;)[Ljava/lang/Object; 3 43 0 org/apache/kafka/common/network/ByteBufferSend <init> ([Ljava/nio/ByteBuffer;J)V 4 1 0 java/lang/Object <init> ()V 3 46 0 org/apache/kafka/common/protocol/SendBuilder addSend (Lorg/apache/kafka/common/network/Send;)V 4 5 0 java/util/ArrayDeque add (Ljava/lang/Object;)Z 5 2 0 java/util/ArrayDeque addLast (Ljava/lang/Object;)V 6 35 0 java/util/ArrayDeque inc (II)I 4 17 0 org/apache/kafka/common/network/ByteBufferSend size ()J 3 50 0 org/apache/kafka/common/protocol/SendBuilder clearBuffers ()V 4 4 0 java/util/ArrayList clear ()V 2 8 0 java/util/ArrayDeque size ()I 3 13 0 java/util/ArrayDeque sub (III)I 2 21 0 java/util/ArrayDeque poll ()Ljava/lang/Object; 3 1 0 java/util/ArrayDeque pollFirst ()Ljava/lang/Object; 4 12 0 java/util/ArrayDeque elementAt ([Ljava/lang/Object;I)Ljava/lang/Object; 4 28 0 java/util/ArrayDeque inc (II)I
